Data_Arquivo,Horario_Entrada,Liga,Jogo,Metodo,Odd_Base,1/0,__odd_signal,__result,__odd_exec,__liquidity,__date,Status_Execucao,Skip_Reason,PnL_Linha,Lucro_Acumulado,Base_Atual,Run_Atual,Level_Profit_Atual,Stake_Multiplier,Stake_Phase
2025-08-01,15:30,POLAND 1,Wisla Plock vs Piast Gliwice,Lay_CS_0x1_B365,8.03,1.0,8.03,1.0,8.03,,2025-08-01,EXECUTED,,19.950213371266006,19.950213371266006,500.0,519.950213371266,19.950213371266006,0.3,Fase_1_30pct
2025-08-01,20:00,CHILE 1,A. Italiano vs Palestino,Lay_CS_0x1_B365,9.53,1.0,9.53,1.0,9.53,,2025-08-01,EXECUTED,,17.098011119653005,37.04822449091901,500.0,537.0482244909191,37.04822449091901,0.3,Fase_1_30pct
2025-08-03,08:00,ENGLAND 3,Stockport County vs Bolton,Lay_CS_0x1_B365,9.03,1.0,9.03,1.0,9.03,,2025-08-03,EXECUTED,,18.75990373221704,55.80812822313605,500.0,555.8081282231361,55.80812822313605,0.3,Fase_1_30pct
2025-08-03,08:30,GERMANY 3,Aue vs Hansa Rostock,Lay_CS_0x1_B365,8.53,1.0,8.53,1.0,8.53,,2025-08-03,EXECUTED,,20.704406370065033,76.51253459320108,500.0,576.5125345932012,76.51253459320108,0.3,Fase_1_30pct
2025-08-03,12:30,ROMANIA 1,FC Hermannstadt vs U. Cluj,Lay_CS_0x1_B365,8.03,1.0,8.03,1.0,8.03,,2025-08-03,EXECUTED,,23.003096152687476,99.51563074588856,500.0,599.5156307458886,99.51563074588856,0.3,Fase_1_30pct
2025-08-04,14:00,SERBIA 1,Zeleznicar Pancevo vs Napredak,Lay_CS_0x1_B365,10.03,1.0,10.03,1.0,10.03,,2025-08-04,EXECUTED,,18.622827732471958,118.13845847836052,500.0,618.1384584783606,118.13845847836052,0.3,Fase_1_30pct
2025-08-05,15:45,EUROPA CHAMPIONS LEAGUE,Rangers (Sco) vs Plzen (Cze),Lay_CS_0x1_B365,11.03,1.0,11.03,1.0,11.03,,2025-08-05,EXECUTED,,17.28692299134398,135.4253814697045,500.0,635.4253814697046,135.4253814697045,0.3,Fase_1_30pct
2025-08-05,16:15,ICELAND 1,Akranes vs Valur,Lay_CS_0x1_B365,9.03,1.0,9.03,1.0,9.03,,2025-08-05,EXECUTED,,22.196366065037626,157.62174753474213,500.0,657.6217475347422,157.62174753474213,0.3,Fase_1_30pct
2025-08-08,08:35,CHINA 1,Dalian Yingbo vs Chengdu Rongcheng,Lay_CS_0x1_B365,8.03,1.0,8.03,1.0,8.03,,2025-08-08,EXECUTED,,26.23938836180586,183.86113589654798,500.0,683.861135896548,183.86113589654798,0.3,Fase_1_30pct
2025-08-08,13:30,GERMANY 2,Preussen Munster vs Paderborn,Lay_CS_0x1_B365,8.53,1.0,8.53,1.0,8.53,,2025-08-08,EXECUTED,,25.474508448735953,209.33564434528392,500.0,709.335644345284,209.33564434528392,0.3,Fase_1_30pct
2025-08-10,07:00,SOUTH KOREA 1,Pohang vs Gwangju FC,Lay_CS_0x1_B365,8.03,1.0,8.03,1.0,8.03,,2025-08-10,EXECUTED,,28.302794913065743,237.63843925834968,500.0,737.6384392583498,237.63843925834968,0.3,Fase_1_30pct
2025-08-10,08:30,GERMANY 3,Regensburg vs Duisburg,Lay_CS_0x1_B365,10.03,1.0,10.03,1.0,10.03,,2025-08-10,EXECUTED,,22.91335351184575,260.55179277019545,500.0,760.5517927701956,260.55179277019545,0.3,Fase_1_30pct
2025-08-10,12:00,AUSTRIA 1,Tirol vs LASK,Lay_CS_0x1_B365,9.03,1.0,9.03,1.0,9.03,,2025-08-10,EXECUTED,,26.567220158410944,287.11901292860637,500.0,787.1190129286065,287.11901292860637,0.3,Fase_1_30pct
2025-08-11,15:00,NETHERLANDS 2,Jong PSV vs FC Emmen,Lay_CS_0x1_B365,11.03,1.0,11.03,1.0,11.03,,2025-08-11,EXECUTED,,22.012650361562724,309.1316632901691,500.0,809.1316632901692,309.1316632901691,0.3,Fase_1_30pct
2025-08-11,20:00,CHILE 1,Limache vs A. Italiano,Lay_CS_0x1_B365,8.53,1.0,8.53,1.0,8.53,,2025-08-11,EXECUTED,,30.14096036558997,339.2726236557591,500.0,839.2726236557592,339.2726236557591,0.3,Fase_1_30pct
2025-08-12,14:00,EUROPA CHAMPIONS LEAGUE,FC Copenhagen (Den) vs Malmo FF (Swe),Lay_CS_0x1_B365,11.03,1.0,11.03,1.0,11.03,,2025-08-12,EXECUTED,,46.942367085830604,386.2149907415897,500.0,886.2149907415898,386.2149907415897,0.6,Fase_2_60pct
2025-08-15,07:00,SOUTH KOREA 1,Jeju SK vs Gangwon,Lay_CS_0x1_B365,10.03,1.0,10.03,1.0,10.03,,2025-08-15,EXECUTED,,55.05721038826489,441.2722011298546,500.0,941.2722011298547,441.2722011298546,0.6,Fase_2_60pct
2025-08-15,14:00,SPAIN 1,Girona vs Rayo Vallecano,Lay_CS_0x1_B365,8.53,1.0,8.53,1.0,8.53,,2025-08-15,EXECUTED,,70.12665402839954,511.39885515825415,500.0,500.0,511.39885515825415,0.6,Fase_2_60pct
2025-08-15,14:30,FRANCE 3,Dijon vs Rouen,Lay_CS_0x1_B365,8.03,1.0,8.03,1.0,8.03,,2025-08-15,EXECUTED,,39.90042674253201,551.2992819007861,500.0,539.900426742532,551.2992819007861,0.6,Fase_2_60pct
2025-08-15,16:30,SPAIN 2,Burgos CF vs Cultural Leonesa,Lay_CS_1x0_B365,5.03,1.0,5.03,1.0,5.03,,2025-08-15,EXECUTED,,75.15735469046164,626.4566365912477,500.0,615.0577814329936,626.4566365912477,0.6,Fase_2_60pct
2025-08-16,12:00,SPAIN 2,Racing Santander vs Castellon,Lay_CS_1x0_B365,11.03,1.0,11.03,1.0,11.03,,2025-08-16,EXECUTED,,34.40153692760811,660.8581735188559,500.0,649.4593183606017,660.8581735188559,0.6,Fase_2_60pct
2025-08-17,07:00,SOUTH KOREA 1,Gimcheon Sangmu vs Seoul,Lay_CS_0x1_B365,8.03,1.0,8.03,1.0,8.03,,2025-08-17,EXECUTED,,51.82740790900393,712.6855814278598,500.0,701.2867262696057,712.6855814278598,0.6,Fase_2_60pct
2025-08-17,08:30,BELGIUM 1,Dender vs Anderlecht,Lay_CS_0x1_B365,8.53,1.0,8.53,1.0,8.53,,2025-08-17,EXECUTED,,52.24725809259613,764.9328395204559,500.0,753.5339843622017,764.9328395204559,0.6,Fase_2_60pct
2025-08-17,10:00,FRANCE 1,Brest vs Lille,Lay_CS_0x1_B365,9.53,1.0,9.53,1.0,9.53,,2025-08-17,EXECUTED,,49.558331210691115,814.491170731147,500.0,803.0923155728929,814.491170731147,0.6,Fase_2_60pct
2025-08-17,10:15,ROMANIA 1,Csikszereda M. Ciuc vs Univ. Craiova,Lay_CS_0x1_B365,8.03,1.0,8.03,1.0,8.03,,2025-08-17,EXECUTED,,64.08745221001323,878.5786229411602,500.0,867.1797677829061,878.5786229411602,0.6,Fase_2_60pct
2025-08-18,15:00,NETHERLANDS 2,Jong Utrecht vs Den Haag,Lay_CS_0x1_B365,9.03,1.0,9.03,1.0,9.03,,2025-08-18,EXECUTED,,60.58379199579207,939.1624149369522,500.0,927.7635597786982,939.1624149369522,0.6,Fase_2_60pct
2025-08-18,15:45,FRANCE 2,Le Mans vs Montpellier,Lay_CS_0x1_B365,8.53,1.0,8.53,1.0,8.53,,2025-08-18,EXECUTED,,69.12023333809425,1008.2826482750465,500.0,996.8837931167925,1008.2826482750465,0.6,Fase_2_60pct
2025-08-19,19:00,COPA LIBERTADORES,Velez Sarsfield (Arg) vs Fortaleza (Bra),Lay_CS_0x1_B365,9.03,1.0,9.03,1.0,9.03,,2025-08-19,EXECUTED,,69.64530609446086,1077.9279543695075,500.0,500.0,1077.9279543695075,0.6,Fase_2_60pct
2025-08-21,19:00,COPA LIBERTADORES,LDU Quito (Ecu) vs Botafogo RJ (Bra),Lay_CS_0x1_B365,11.03,1.0,11.03,1.0,11.03,,2025-08-21,EXECUTED,,27.96610169491526,1105.8940560644228,500.0,527.9661016949152,1105.8940560644228,0.6,Fase_2_60pct
2025-08-22,07:00,JAPAN 1,Kashiwa Reysol vs Urawa Reds,Lay_CS_0x1_B365,10.03,1.0,10.03,1.0,10.03,,2025-08-22,EXECUTED,,54.66758638812246,1160.5616424525451,500.0,582.6336880830377,1160.5616424525451,1.0,Fase_3_100pct
2025-08-22,14:30,FRANCE 3,Le Puy-en-Velay vs Chateauroux,Lay_CS_0x1_B365,9.53,1.0,9.53,1.0,9.53,,2025-08-22,EXECUTED,,63.864302269359946,1224.4259447219051,500.0,646.4979903523977,1224.4259447219051,1.0,Fase_3_100pct
2025-08-22,15:00,BELGIUM 2,Gent U23 vs Beerschot VA,Lay_CS_0x1_B365,8.03,1.0,8.03,1.0,8.03,,2025-08-22,EXECUTED,,85.98515234416669,1310.4110970660718,500.0,732.4831426965643,1310.4110970660718,1.0,Fase_3_100pct
2025-08-23,12:00,SPAIN 2,Mirandes vs Huesca,Lay_CS_1x0_B365,7.53,1.0,7.53,1.0,7.53,,2025-08-23,EXECUTED,,104.8808175224024,1415.2919145884741,500.0,837.3639602189667,1415.2919145884741,1.0,Fase_3_100pct
2025-08-24,07:00,SOUTH KOREA 1,Anyang vs Daejeon,Lay_CS_0x1_B365,8.03,1.0,8.03,1.0,8.03,,2025-08-24,EXECUTED,,111.37059783851123,1526.6625124269854,500.0,948.7345580574779,1526.6625124269854,1.0,Fase_3_100pct
2025-08-24,08:30,GERMANY 3,Ingolstadt vs Hansa Rostock,Lay_CS_0x1_B365,10.03,1.0,10.03,1.0,10.03,,2025-08-24,EXECUTED,,98.23552732931805,1624.8980397563034,500.0,500.0,1624.8980397563034,1.0,Fase_3_100pct
2025-08-24,09:45,POLAND 1,Piast Gliwice vs Cracovia,Lay_CS_0x1_B365,9.03,1.0,9.03,1.0,9.03,,2025-08-24,EXECUTED,,58.21917808219179,1683.1172178384952,500.0,558.2191780821918,1683.1172178384952,1.0,Fase_3_100pct
2025-08-24,12:00,SPAIN 2,Dep. La Coruna vs Burgos CF,Lay_CS_1x0_B365,5.53,1.0,5.53,1.0,5.53,,2025-08-24,EXECUTED,,115.21742417369742,1798.3346420121927,500.0,673.4366022558892,1798.3346420121927,1.0,Fase_3_100pct
2025-08-24,12:15,FRANCE 1,Le Havre vs Lens,Lay_CS_0x1_B365,8.03,1.0,8.03,1.0,8.03,,2025-08-24,EXECUTED,,89.56802604683593,1887.9026680590287,500.0,763.0046283027251,1887.9026680590287,1.0,Fase_3_100pct
2025-08-25,15:00,NETHERLANDS 2,Jong Utrecht vs Jong Ajax,Lay_CS_0x1_B365,10.03,1.0,10.03,1.0,10.03,,2025-08-25,EXECUTED,,79.00435520078051,1966.9070232598092,500.0,842.0089835035056,1966.9070232598092,1.0,Fase_3_100pct
2025-08-25,15:30,ITALY 2,Sampdoria vs Modena,Lay_CS_0x1_B365,8.03,1.0,8.03,1.0,8.03,,2025-08-25,EXECUTED,,111.98839254278491,2078.895415802594,1000.0,1000.0,78.89541580259402,1.0,Fase_3_100pct
2025-08-26,14:30,SOUTH AFRICA 1,Stellenbosch vs Marumo Gallants,Lay_CS_0x1_B365,10.03,1.0,10.03,1.0,10.03,,2025-08-26,EXECUTED,,103.5437430786268,2182.439158881221,1000.0,1103.543743078627,182.4391588812208,1.0,Fase_3_100pct
2025-08-26,16:00,EUROPA CHAMPIONS LEAGUE,Pafos (Cyp) vs Crvena zvezda (Srb),Lay_CS_0x1_B365,9.53,1.0,9.53,1.0,9.53,,2025-08-26,EXECUTED,,120.96288391307343,2303.402042794294,1000.0,1224.5066269917004,303.40204279429423,1.0,Fase_3_100pct
2025-08-27,16:00,SPAIN 1,Celta Vigo vs Betis,Lay_CS_1x0_B365,10.03,1.0,10.03,1.0,10.03,,2025-08-27,EXECUTED,,126.78999958330454,2430.1920423775987,1000.0,1351.296626575005,430.1920423775988,1.0,Fase_3_100pct
2025-08-29,14:30,FRANCE 3,Dijon vs Paris 13 Atl.,Lay_CS_0x1_B365,9.03,1.0,9.03,1.0,9.03,,2025-08-29,EXECUTED,,157.34275788887044,2587.534800266469,1000.0,1508.6393844638753,587.5348002664692,1.0,Fase_3_100pct
2025-08-29,15:30,GERMANY 1,Hamburger SV vs St. Pauli,Lay_CS_0x1_B365,8.53,1.0,8.53,1.0,8.53,,2025-08-29,EXECUTED,,187.32773233382784,2774.862532600297,1000.0,1695.967116797703,774.8625326002971,1.0,Fase_3_100pct
2025-08-31,07:00,JAPAN 1,Cerezo Osaka vs Sanfrecce Hiroshima,Lay_CS_0x1_B365,8.03,1.0,8.03,1.0,8.03,,2025-08-31,EXECUTED,,225.56603900509995,3000.428571605397,1000.0,1921.533155802803,1000.428571605397,1.0,Fase_3_100pct
2025-08-31,08:30,GERMANY 2,Kaiserslautern vs Darmstadt,Lay_CS_0x1_B365,9.53,1.0,9.53,1.0,9.53,,2025-08-31,EXECUTED,,210.62526385411738,3211.053835459514,1000.0,1000.0,1211.0538354595144,1.0,Fase_3_100pct
2025-08-31,09:30,NORWAY 1,Kristiansund vs Brann,Lay_CS_0x1_B365,9.03,1.0,9.03,1.0,9.03,,2025-08-31,EXECUTED,,116.43835616438358,3327.4921916238977,1000.0,1116.4383561643835,1327.492191623898,1.0,Fase_3_100pct
2025-08-31,12:00,SLOVAKIA 1,Ruzomberok vs Zilina,Lay_CS_0x1_B365,8.03,1.0,8.03,1.0,8.03,,2025-08-31,EXECUTED,,148.4878894756328,3475.9800810995307,1000.0,1264.9262456400163,1475.9800810995307,1.0,Fase_3_100pct
2025-08-31,14:30,SPAIN 2,Las Palmas vs Malaga,Lay_CS_1x0_B365,6.03,1.0,6.03,1.0,6.03,,2025-08-31,EXECUTED,,235.13042538238872,3711.1105064819194,1000.0,1500.056671022405,1711.1105064819194,1.0,Fase_3_100pct
2025-09-01,14:30,SPAIN 1,Villarreal B vs Alcorcon,Lay_CS_0x1_B365,8.03,1.0,8.03,1.0,8.03,,2025-09-01,EXECUTED,,199.50967103925302,3910.6201775211725,1000.0,1699.566342061658,1910.6201775211725,1.0,Fase_3_100pct
2025-09-01,16:30,SPAIN 2,Leganes vs Dep. La Coruna,Lay_CS_0x1_B365,8.03,1.0,8.03,1.0,8.03,,2025-09-01,EXECUTED,,226.04474108501427,4136.664918606187,1000.0,1925.6110831466722,2136.664918606187,1.0,Fase_3_100pct
2025-09-01,19:00,BRAZIL 2,Chapecoense-SC vs Vila Nova FC,Lay_CS_0x1_B365,10.03,1.0,10.03,1.0,10.03,,2025-09-01,EXECUTED,,199.38497926269534,4336.049897868882,1000.0,1000.0,2336.049897868882,1.0,Fase_3_100pct
2025-09-05,14:15,SPAIN 1,Betis B vs Gimnastic,Lay_CS_1x0_B365,8.03,1.0,8.03,1.0,8.03,,2025-09-05,EXECUTED,,133.0014224751067,4469.051320343989,1000.0,1133.0014224751067,2469.0513203439887,1.0,Fase_3_100pct
2025-09-05,14:30,SPAIN 2,Albacete vs Mirandes,Lay_CS_0x1_B365,11.03,1.0,11.03,1.0,11.03,,2025-09-05,EXECUTED,,105.61877667140826,4574.670097015397,1000.0,1238.620199146515,2574.670097015397,1.0,Fase_3_100pct
2025-09-07,07:00,SPAIN 1,CF Talavera vs Ath Bilbao B,Lay_CS_0x1_B365,8.03,1.0,8.03,1.0,8.03,,2025-09-07,EXECUTED,,164.73824839288645,4739.408345408284,1000.0,1403.3584475394014,2739.4083454082834,1.0,Fase_3_100pct
2025-09-07,09:00,SPAIN 2,Ceuta vs Huesca,Lay_CS_1x0_B365,6.03,1.0,6.03,1.0,6.03,,2025-09-07,EXECUTED,,260.86285257442154,5000.271197982705,1000.0,1664.221300113823,3000.271197982705,1.0,Fase_3_100pct
2025-09-07,11:00,SPAIN 1,Osasuna B vs Ourense CF,Lay_CS_0x1_B365,10.03,1.0,10.03,1.0,10.03,,2025-09-07,EXECUTED,,172.31970272496397,5172.59090070767,1000.0,1836.5410028387869,3172.590900707669,1.0,Fase_3_100pct
2025-09-07,11:15,SPAIN 2,Burgos CF vs Las Palmas,Lay_CS_0x1_B365,8.03,1.0,8.03,1.0,8.03,,2025-09-07,EXECUTED,,244.26256581141766,5416.853466519087,1000.0,1000.0,3416.8534665190864,1.0,Fase_3_100pct
2025-09-07,13:00,IRELAND 1,Shelbourne vs Galway,Lay_CS_0x1_B365,11.03,1.0,11.03,1.0,11.03,,2025-09-07,EXECUTED,,93.22033898305087,5510.073805502138,1000.0,1093.2203389830509,3510.0738055021375,1.0,Fase_3_100pct
2025-09-08,15:30,SPAIN 2,Eibar vs Andorra,Lay_CS_0x1_B365,8.53,1.0,8.53,1.0,8.53,,2025-09-08,EXECUTED,,135.74515497332706,5645.818960475465,1000.0,1228.965493956378,3645.8189604754643,1.0,Fase_3_100pct
2025-09-11,14:00,ICELAND 1,Akranes vs Breidablik,Lay_CS_0x1_B365,10.03,1.0,10.03,1.0,10.03,,2025-09-11,EXECUTED,,127.2516873587169,5773.070647834182,1000.0,1356.2171813150949,3773.0706478341813,1.0,Fase_3_100pct
2025-09-12,07:00,JAPAN 1,Vissel Kobe vs Kashiwa Reysol,Lay_CS_0x1_B365,9.03,1.0,9.03,1.0,9.03,,2025-09-12,EXECUTED,,157.9156991942234,5930.986347028405,1000.0,1514.1328805093183,3930.9863470284045,1.0,Fase_3_100pct
2025-09-12,13:00,AUSTRIA 2,Kapfenberg vs Hertha Wels,Lay_CS_0x1_B365,10.03,1.0,10.03,1.0,10.03,,2025-09-12,EXECUTED,,156.77898596635802,6087.765332994763,2000.0,2000.0,87.7653329947625,1.0,Fase_3_100pct
2025-09-14,07:00,SOUTH KOREA 1,Anyang vs Jeju SK,Lay_CS_0x1_B365,8.53,1.0,8.53,1.0,8.53,,2025-09-14,EXECUTED,,248.3399734395751,6336.105306434339,2000.0,2248.3399734395753,336.1053064343376,1.0,Fase_3_100pct
2025-09-14,08:30,GERMANY 3,VfL Osnabruck vs Hansa Rostock,Lay_CS_0x1_B365,8.53,1.0,8.53,1.0,8.53,,2025-09-14,EXECUTED,,279.1763446435595,6615.2816510778985,2000.0,2527.5163180831346,615.2816510778971,1.0,Fase_3_100pct
2025-09-14,09:00,SWITZERLAND 1,Winterthur vs Sion,Lay_CS_0x1_B365,8.03,1.0,8.03,1.0,8.03,,2025-09-14,EXECUTED,,336.16326563410115,6951.444916711999,2000.0,2863.679583717236,951.4449167119983,1.0,Fase_3_100pct
2025-09-14,13:30,SPAIN 2,Gijon vs Burgos CF,Lay_CS_1x0_B365,5.53,1.0,5.53,1.0,5.53,,2025-09-14,EXECUTED,,591.0685233500255,7542.5134400620245,2000.0,3454.748107067261,1542.5134400620238,1.0,Fase_3_100pct
2025-09-15,07:00,JAPAN 1,FC Tokyo vs Verdy,Lay_CS_0x1_B365,8.53,1.0,8.53,1.0,8.53,,2025-09-15,EXECUTED,,428.97602657475295,7971.489466636777,2000.0,3883.724133642014,1971.4894666367768,1.0,Fase_3_100pct
2025-09-15,12:00,ROMANIA 1,FC Hermannstadt vs Unirea Slobozia,Lay_CS_0x1_B365,10.03,1.0,10.03,1.0,10.03,,2025-09-15,EXECUTED,,402.13533388209123,8373.624800518868,2000.0,2000.0,2373.624800518868,1.0,Fase_3_100pct
2025-09-15,16:00,SPAIN 1,Espanyol vs Mallorca,Lay_CS_0x1_B365,8.03,1.0,8.03,1.0,8.03,,2025-09-15,EXECUTED,,266.0028449502134,8639.627645469081,2000.0,2266.0028449502133,2639.6276454690815,1.0,Fase_3_100pct
2025-09-16,13:00,ESTONIA 1,Tammeka vs Parnu JK Vaprus,Lay_CS_0x1_B365,9.53,1.0,9.53,1.0,9.53,,2025-09-16,EXECUTED,,248.38366471611369,8888.011310185195,2000.0,2514.386509666327,2888.0113101851953,1.0,Fase_3_100pct
2025-09-19,15:00,FRANCE 2,Nancy vs Red Star,Lay_CS_0x1_B365,8.03,0.0,8.03,0.0,8.03,,2025-09-19,EXECUTED,,-2514.386509666327,6373.624800518868,2000.0,2000.0,373.62480051886814,1.0,Fase_3_100pct
2025-09-20,07:00,SPAIN 1,Betis B vs Atl. Madrid B,Lay_CS_1x0_B365,9.03,1.0,9.03,1.0,9.03,,2025-09-20,EXECUTED,,232.87671232876716,6606.501512847635,2000.0,2232.876712328767,606.5015128476352,1.0,Fase_3_100pct
2025-09-21,07:00,SPAIN 1,CF Talavera vs Barakaldo,Lay_CS_0x1_B365,8.03,1.0,8.03,1.0,8.03,,2025-09-21,EXECUTED,,296.9757789512656,6903.477291798901,2000.0,2529.8524912800326,903.4772917989009,1.0,Fase_3_100pct
2025-09-21,08:30,BELGIUM 1,Genk vs Royale Union SG,Lay_CS_0x1_B365,9.53,1.0,9.53,1.0,9.53,,2025-09-21,EXECUTED,,277.3050503337434,7180.782342132645,2000.0,2807.157541613776,1180.7823421326443,1.0,Fase_3_100pct
2025-09-21,10:00,ENGLAND 1,Sunderland vs Aston Villa,Lay_CS_0x1_B365,8.03,1.0,8.03,1.0,8.03,,2025-09-21,EXECUTED,,373.3559461463558,7554.138288279,2000.0,3180.513487760132,1554.138288279,1.0,Fase_3_100pct
2025-09-21,13:30,SPAIN 2,Eibar vs Real Sociedad B,Lay_CS_1x0_B365,5.53,1.0,5.53,1.0,5.53,,2025-09-21,EXECUTED,,656.4636006745527,8210.601888953553,2000.0,3836.977088434685,2210.6018889535526,1.0,Fase_3_100pct
2025-09-22,15:00,FRANCE 1,Marseille vs PSG,Lay_CS_0x1_B365,9.03,1.0,9.03,1.0,9.03,,2025-09-22,EXECUTED,,446.77130481773736,8657.373193771291,2000.0,2000.0,2657.37319377129,1.0,Fase_3_100pct
2025-09-23,07:00,JAPAN 1,Shonan Bellmare vs Kawasaki Frontale,Lay_CS_0x1_B365,8.53,1.0,8.53,1.0,8.53,,2025-09-23,EXECUTED,,248.3399734395751,8905.713167210866,2000.0,2248.3399734395753,2905.7131672108653,1.0,Fase_3_100pct
2025-09-23,14:00,SPAIN 1,Espanyol vs Valencia,Lay_CS_0x1_B365,8.53,1.0,8.53,1.0,8.53,,2025-09-23,EXECUTED,,279.1763446435595,9184.889511854426,2000.0,2527.5163180831346,3184.8895118544247,1.0,Fase_3_100pct
2025-09-23,15:30,FRANCE 2,Red Star vs Troyes,Lay_CS_0x1_B365,8.03,1.0,8.03,1.0,8.03,,2025-09-23,EXECUTED,,336.16326563410115,9521.052777488527,2000.0,2863.679583717236,3521.052777488526,1.0,Fase_3_100pct
2025-09-23,19:00,COPA LIBERTADORES,Racing Club (Arg) vs Velez Sarsfield (Arg),Lay_CS_0x1_B365,8.03,1.0,8.03,1.0,8.03,,2025-09-23,EXECUTED,,380.8734581473138,9901.926235635841,2000.0,3244.5530418645494,3901.9262356358395,1.0,Fase_3_100pct
2025-09-25,14:30,SPAIN 1,Osasuna vs Elche,Lay_CS_0x1_B365,11.03,1.0,11.03,1.0,11.03,,2025-09-25,EXECUTED,,302.4583344111021,10204.384570046943,2000.0,3547.0113762756514,4204.384570046942,1.0,Fase_3_100pct
2025-09-25,16:30,SPAIN 1,Oviedo vs Barcelona,Lay_CS_0x1_B365,8.53,1.0,8.53,1.0,8.53,,2025-09-25,EXECUTED,,440.43235548708293,10644.816925534025,2000.0,3987.4437317627344,4644.816925534024,1.0,Fase_3_100pct
2025-09-26,09:00,CHINA 1,Zhejiang Professional vs Chengdu Rongcheng,Lay_CS_0x1_B365,9.03,1.0,9.03,1.0,9.03,,2025-09-26,EXECUTED,,464.29139342442807,11109.108318958453,2000.0,2000.0,5109.108318958452,1.0,Fase_3_100pct
2025-09-26,14:30,FRANCE 3,Versailles vs Quevilly Rouen,Lay_CS_0x1_B365,8.03,1.0,8.03,1.0,8.03,,2025-09-26,EXECUTED,,266.0028449502134,11375.111163908667,2000.0,2266.0028449502133,5375.111163908666,1.0,Fase_3_100pct
2025-09-28,07:15,POLAND 1,Widzew Lodz vs Rakow,Lay_CS_0x1_B365,9.03,0.0,9.03,0.0,9.03,,2025-09-28,EXECUTED,,-2266.0028449502133,9109.108318958453,2000.0,2000.0,3109.1083189584524,1.0,Fase_3_100pct
2025-09-28,10:30,GERMANY 1,Freiburg vs Hoffenheim,Lay_CS_0x1_B365,11.03,1.0,11.03,1.0,11.03,,2025-09-28,EXECUTED,,186.44067796610173,9295.548996924555,2000.0,2186.4406779661017,3295.548996924554,1.0,Fase_3_100pct
2025-09-29,12:00,GREECE 1,Atromitos vs AEL Larissa,Lay_CS_0x1_B365,10.03,1.0,10.03,1.0,10.03,,2025-09-29,EXECUTED,,226.39225181598064,9521.941248740535,2000.0,2412.8329297820824,3521.941248740535,1.0,Fase_3_100pct
2025-09-29,15:00,NETHERLANDS 2,Roda vs Cambuur,Lay_CS_0x1_B365,9.53,1.0,9.53,1.0,9.53,,2025-09-29,EXECUTED,,264.47816991163506,9786.41941865217,2000.0,2677.3110996937176,3786.41941865217,1.0,Fase_3_100pct
2025-09-29,16:00,PORTUGAL 1,Arouca vs FC Porto,Lay_CS_0x1_B365,8.03,1.0,8.03,1.0,8.03,,2025-09-29,EXECUTED,,356.08618466765665,10142.505603319827,2000.0,3033.397284361374,4142.505603319827,1.0,Fase_3_100pct
2025-09-30,14:00,GERMANY 3,Stuttgart II vs Wehen,Lay_CS_0x1_B365,9.53,1.0,9.53,1.0,9.53,,2025-09-30,EXECUTED,,332.50017126352697,10475.005774583355,2000.0,3365.8974556249013,4475.005774583354,1.0,Fase_3_100pct
2025-10-02,16:00,ENGLAND 3,Rotherham vs Bradford City,Lay_CS_0x1_B365,8.03,1.0,8.03,1.0,8.03,,2025-10-02,EXECUTED,,447.6691495034542,10922.674924086808,2000.0,3813.5666051283556,4922.674924086808,1.0,Fase_3_100pct
2025-10-03,14:30,FRANCE 3,Caen vs Le Puy-en-Velay,Lay_CS_0x1_B365,8.03,1.0,8.03,1.0,8.03,,2025-10-03,EXECUTED,,507.2097831856348,11429.884707272444,2000.0,2000.0,5429.884707272442,1.0,Fase_3_100pct
2025-10-03,16:00,ENGLAND 2,Wrexham vs Birmingham,Lay_CS_0x1_B365,8.03,1.0,8.03,1.0,8.03,,2025-10-03,EXECUTED,,266.0028449502134,11695.887552222657,2000.0,2266.0028449502133,5695.887552222655,1.0,Fase_3_100pct
2025-10-04,10:00,ITALY 1,Parma vs Lecce,Lay_CS_1x0_B365,6.03,1.0,6.03,1.0,6.03,,2025-10-04,EXECUTED,,421.215240562316,12117.102792784974,2000.0,2687.2180855125293,6117.102792784972,1.0,Fase_3_100pct
2025-10-05,07:00,SPAIN 1,Antequera vs Sabadell,Lay_CS_0x1_B365,8.53,1.0,8.53,1.0,8.53,,2025-10-05,EXECUTED,,333.67183399126367,12450.774626776238,2000.0,3020.889919503793,6450.774626776236,1.0,Fase_3_100pct
2025-10-05,08:30,GERMANY 2,Arminia Bielefeld vs Schalke,Lay_CS_0x1_B365,9.03,1.0,9.03,1.0,9.03,,2025-10-05,EXECUTED,,351.7474563805787,12802.522083156817,2000.0,3372.6373758843715,6802.522083156815,1.0,Fase_3_100pct
2025-10-05,09:00,SPAIN 1,Alaves vs Elche,Lay_CS_0x1_B365,8.03,1.0,8.03,1.0,8.03,,2025-10-05,EXECUTED,,448.5655684853325,13251.087651642149,2000.0,3821.202944369704,7251.087651642148,1.0,Fase_3_100pct
2025-10-05,10:30,CZECH 1,Sigma Olomouc vs Jablonec,Lay_CS_0x1_B365,8.03,1.0,8.03,1.0,8.03,,2025-10-05,EXECUTED,,508.2254271672367,13759.313078809386,2000.0,2000.0,7759.313078809384,1.0,Fase_3_100pct
2025-10-05,13:00,ITALY 1,Napoli vs Genoa,Lay_CS_1x0_B365,5.03,1.0,5.03,1.0,5.03,,2025-10-05,EXECUTED,,464.01985111662526,14223.332929926011,500.0,500.0,0.0,1.0,Fase_3_100pct
2025-10-06,14:30,ROMANIA 1,FC Botosani vs UTA Arad,Lay_CS_0x1_B365,11.03,1.0,11.03,1.0,11.03,,2025-10-06,EXECUTED,,46.61016949152543,14269.943099417536,500.0,546.6101694915254,46.61016949152543,1.0,Fase_3_100pct
2025-10-06,15:30,SPAIN 2,Cultural Leonesa vs Albacete,Lay_CS_0x1_B365,9.53,1.0,9.53,1.0,9.53,,2025-10-06,EXECUTED,,59.91565163828562,14329.858751055823,500.0,606.525821129811,106.52582112981105,1.0,Fase_3_100pct
2025-10-07,14:30,FRANCE 3,Versailles vs Villefranche,Lay_CS_0x1_B365,10.03,1.0,10.03,1.0,10.03,,2025-10-07,EXECUTED,,62.80195379361831,14392.66070484944,500.0,669.3277749234293,169.32777492342936,1.0,Fase_3_100pct
2025-10-07,21:30,BRAZIL 2,Goias vs CRB,Lay_CS_0x1_B365,10.03,1.0,10.03,1.0,10.03,,2025-10-07,EXECUTED,,69.3047031620605,14461.965408011501,500.0,738.6324780854898,238.63247808548988,1.0,Fase_3_100pct
2025-10-09,20:30,CHILE 1,U. Catolica vs Nublense,Lay_CS_0x1_B365,11.03,1.0,11.03,1.0,11.03,,2025-10-09,EXECUTED,,68.85556999102023,14530.82097800252,500.0,807.48804807651,307.4880480765101,1.0,Fase_3_100pct
2025-10-10,15:30,SPAIN 2,Granada CF vs Las Palmas,Lay_CS_1x0_B365,7.53,1.0,7.53,1.0,7.53,,2025-10-10,EXECUTED,,115.62041729732572,14646.441395299846,500.0,923.1084653738358,423.1084653738358,1.0,Fase_3_100pct
2025-10-12,07:00,SPAIN 1,Sabadell vs Teruel,Lay_CS_0x1_B365,8.53,1.0,8.53,1.0,8.53,,2025-10-12,EXECUTED,,114.62236588639263,14761.063761186238,500.0,500.0,537.7308312602285,1.0,Fase_3_100pct
2025-10-12,09:00,SPAIN 2,Albacete vs Ceuta,Lay_CS_0x1_B365,11.03,1.0,11.03,1.0,11.03,,2025-10-12,EXECUTED,,46.61016949152543,14807.673930677764,500.0,546.6101694915254,584.3410007517539,1.0,Fase_3_100pct
2025-10-12,11:00,SPAIN 1,Arenteiro vs Guadalajara,Lay_CS_0x1_B365,8.03,1.0,8.03,1.0,8.03,,2025-10-12,EXECUTED,,72.69993008173206,14880.373860759495,500.0,619.3100995732575,657.040930833486,1.0,Fase_3_100pct
2025-10-12,13:30,SPAIN 2,Cadiz CF vs Huesca,Lay_CS_0x1_B365,8.03,1.0,8.03,1.0,8.03,,2025-10-12,EXECUTED,,82.36912419644322,14962.742984955938,500.0,701.6792237697007,739.4100550299291,1.0,Fase_3_100pct
2025-10-16,14:30,ROMANIA 1,Csikszereda M. Ciuc vs CFR Cluj,Lay_CS_0x1_B365,8.03,1.0,8.03,1.0,8.03,,2025-10-16,EXECUTED,,93.32433488259889,15056.067319838536,500.0,795.0035586522996,832.7343899125281,1.0,Fase_3_100pct
2025-10-16,16:00,ENGLAND 3,Huddersfield vs Bolton,Lay_CS_0x1_B365,10.03,1.0,10.03,1.0,10.03,,2025-10-16,EXECUTED,,82.31764422368772,15138.384964062223,500.0,877.3212028759873,915.0520341362158,1.0,Fase_3_100pct
2025-10-17,07:00,JAPAN 1,Vissel Kobe vs Kashima Antlers,Lay_CS_0x1_B365,10.03,1.0,10.03,1.0,10.03,,2025-10-17,EXECUTED,,90.84112122802306,15229.226085290245,500.0,968.1623241040104,1005.8931553642389,1.0,Fase_3_100pct
2025-10-17,13:00,CROATIA 1,Vukovar 1991 vs Lok. Zagreb,Lay_CS_0x1_B365,8.03,1.0,8.03,1.0,8.03,,2025-10-17,EXECUTED,,128.76696629263867,15357.993051582884,500.0,500.0,1134.6601216568774,1.0,Fase_3_100pct
2025-10-17,14:30,FRANCE 3,Rouen vs Paris 13 Atl.,Lay_CS_0x1_B365,8.03,1.0,8.03,1.0,8.03,,2025-10-17,EXECUTED,,66.50071123755335,15424.493762820437,500.0,566.5007112375533,1201.1608328944308,1.0,Fase_3_100pct
2025-10-17,16:00,ENGLAND 2,Middlesbrough vs Ipswich,Lay_CS_0x1_B365,8.03,1.0,8.03,1.0,8.03,,2025-10-17,EXECUTED,,75.34540042775426,15499.83916324819,500.0,641.8461116653076,1276.506233322185,1.0,Fase_3_100pct
2025-10-19,07:00,SPAIN 1,Ponferradina vs Zamora,Lay_CS_0x1_B365,8.03,1.0,8.03,1.0,8.03,,2025-10-19,EXECUTED,,85.36644586160209,15585.205609109793,500.0,727.2125575269097,1361.872679183787,1.0,Fase_3_100pct
2025-10-19,08:30,ESTONIA 1,Harju JK Laagri vs Kalju,Lay_CS_0x1_B365,8.03,1.0,8.03,1.0,8.03,,2025-10-19,EXECUTED,,96.72030459283935,15681.925913702633,500.0,823.9328621197491,1458.5929837766264,1.0,Fase_3_100pct
2025-10-19,11:30,ROMANIA 1,UTA Arad vs Otelul,Lay_CS_0x1_B365,8.03,1.0,8.03,1.0,8.03,,2025-10-19,EXECUTED,,109.58424268591259,15791.510156388546,500.0,933.5171048056617,1568.177226462539,1.0,Fase_3_100pct
2025-10-20,10:00,BELGIUM 1,St. Liege vs Antwerp,Lay_CS_0x1_B365,11.03,1.0,11.03,1.0,11.03,,2025-10-20,EXECUTED,,87.02278095646001,15878.532937345006,500.0,500.0,1655.2000074189991,1.0,Fase_3_100pct
2025-10-21,13:45,EUROPA CHAMPIONS LEAGUE,Kairat Almaty vs Pafos,Lay_CS_0x1_B365,8.03,1.0,8.03,1.0,8.03,,2025-10-21,EXECUTED,,66.50071123755335,15945.03364858256,500.0,566.5007112375533,1721.7007186565525,1.0,Fase_3_100pct
2025-10-21,15:45,ENGLAND 2,Hull vs Leicester,Lay_CS_0x1_B365,8.03,1.0,8.03,1.0,8.03,,2025-10-21,EXECUTED,,75.34540042775426,16020.379049010313,500.0,641.8461116653076,1797.0461190843066,1.0,Fase_3_100pct
2025-10-22,14:00,SPAIN 1,Hercules vs Atl. Madrid B,Lay_CS_1x0_B365,8.03,1.0,8.03,1.0,8.03,,2025-10-22,EXECUTED,,85.36644586160209,16105.745494871915,500.0,727.2125575269097,1882.4125649459088,1.0,Fase_3_100pct
2025-10-23,16:00,ENGLAND 3,Exeter vs Plymouth,Lay_CS_0x1_B365,8.03,1.0,8.03,1.0,8.03,,2025-10-23,EXECUTED,,96.72030459283935,16202.465799464755,500.0,823.9328621197491,1979.132869538748,1.0,Fase_3_100pct
2025-10-24,08:35,CHINA 1,Wuhan Three Towns vs Shenzhen Xinpengcheng,Lay_CS_0x1_B365,8.53,1.0,8.53,1.0,8.53,,2025-10-24,EXECUTED,,102.30773254740578,16304.773532012161,1000.0,1000.0,81.44060208615383,1.0,Fase_3_100pct
2025-10-24,12:30,SERBIA 1,Novi Pazar vs Javor,Lay_CS_0x1_B365,11.03,1.0,11.03,1.0,11.03,,2025-10-24,EXECUTED,,93.22033898305087,16397.99387099521,1000.0,1093.2203389830509,174.66094106920468,1.0,Fase_3_100pct
2025-10-24,15:30,SPAIN 2,Huesca vs Las Palmas,Lay_CS_1x0_B365,6.03,1.0,6.03,1.0,6.03,,2025-10-24,EXECUTED,,203.2129258348216,16601.206796830033,1000.0,1296.4332648178724,377.8738669040263,1.0,Fase_3_100pct
2025-10-24,16:00,ENGLAND 2,Preston vs Sheffield Utd,Lay_CS_0x1_B365,8.03,1.0,8.03,1.0,8.03,,2025-10-24,EXECUTED,,172.42746836482374,16773.634265194858,1000.0,1468.860733182696,550.30133526885,1.0,Fase_3_100pct
2025-10-25,10:00,ITALY 1,Udinese vs Lecce,Lay_CS_1x0_B365,6.03,1.0,6.03,1.0,6.03,,2025-10-25,EXECUTED,,273.03872475662445,17046.672989951483,1000.0,1741.8994579393207,823.3400600254745,1.0,Fase_3_100pct
2025-10-26,07:30,CHINA 1,Qingdao West Coast vs Chengdu Rongcheng,Lay_CS_0x1_B365,9.53,1.0,9.53,1.0,9.53,,2025-10-26,EXECUTED,,190.9350519546618,17237.608041906144,1000.0,1932.8345098939824,1014.2751119801362,1.0,Fase_3_100pct
2025-10-26,08:00,SPAIN 1,Marbella vs FC Cartagena SAD,Lay_CS_0x1_B365,8.53,1.0,8.53,1.0,8.53,,2025-10-26,EXECUTED,,240.00003542508284,17477.608077331228,1000.0,1000.0,1254.275147405219,1.0,Fase_3_100pct
2025-10-26,09:30,GERMANY 2,Braunschweig vs Hannover,Lay_CS_0x1_B365,8.53,1.0,8.53,1.0,8.53,,2025-10-26,EXECUTED,,124.16998671978754,17601.778064051014,1000.0,1124.1699867197876,1378.4451341250067,1.0,Fase_3_100pct
2025-10-26,11:00,ITALY 1,Verona vs Cagliari,Lay_CS_1x0_B365,6.03,1.0,6.03,1.0,6.03,,2025-10-26,EXECUTED,,208.96599156719708,17810.744055618212,1000.0,1333.1359782869847,1587.4111256922038,1.0,Fase_3_100pct
2025-10-26,12:00,SPAIN 1,Unionistas vs Lugo,Lay_CS_0x1_B365,8.53,1.0,8.53,1.0,8.53,,2025-10-26,EXECUTED,,165.53547671956585,17976.27953233778,1000.0,1498.6714550065506,1752.9466024117696,1.0,Fase_3_100pct
2025-10-27,12:30,ROMANIA 1,FC Botosani vs FC Hermannstadt,Lay_CS_0x1_B365,10.03,1.0,10.03,1.0,10.03,,2025-10-27,EXECUTED,,155.17805209647008,18131.45758443425,1000.0,1653.8495071030206,1908.1246545082397,1.0,Fase_3_100pct
2025-10-27,15:00,DENMARK 1,Odense vs Brondby,Lay_CS_0x1_B365,10.03,1.0,10.03,1.0,10.03,,2025-10-27,EXECUTED,,171.24576845418878,18302.70335288844,1000.0,1825.0952755572093,2079.3704229624286,1.0,Fase_3_100pct
2025-10-27,17:00,SPAIN 1,Betis vs Atl. Madrid,Lay_CS_0x1_B365,8.53,1.0,8.53,1.0,8.53,,2025-10-27,EXECUTED,,226.62205612828566,18529.325409016725,1000.0,1000.0,2305.9924790907144,1.0,Fase_3_100pct
2025-10-28,16:30,ITALY 2,Pescara vs Avellino,Lay_CS_0x1_B365,8.03,1.0,8.03,1.0,8.03,,2025-10-28,EXECUTED,,133.0014224751067,18662.32683149183,1000.0,1133.0014224751067,2438.993901565821,1.0,Fase_3_100pct
2025-10-29,14:30,ITALY 1,AS Roma vs Parma,Lay_CS_1x0_B365,5.53,1.0,5.53,1.0,5.53,,2025-10-29,EXECUTED,,233.8534944843763,18896.18032597621,1000.0,1366.854916959483,2672.8473960501974,1.0,Fase_3_100pct
2025-10-30,16:30,SWITZERLAND 1,Grasshoppers vs Young Boys,Lay_CS_0x1_B365,11.03,1.0,11.03,1.0,11.03,,2025-10-30,EXECUTED,,127.41867869961284,19023.599004675823,1000.0,1494.273595659096,2800.2660747498103,1.0,Fase_3_100pct
2025-10-31,15:30,FRANCE 3,Sochaux vs Versailles,Lay_CS_0x1_B365,8.03,1.0,8.03,1.0,8.03,,2025-10-31,EXECUTED,,198.7405137896522,19222.339518465476,1000.0,1693.014109448748,2999.0065885394624,1.0,Fase_3_100pct
2025-10-31,17:00,ENGLAND 2,Wrexham vs Coventry,Lay_CS_0x1_B365,8.53,1.0,8.53,1.0,8.53,,2025-10-31,EXECUTED,,210.22153948666397,19432.56105795214,1000.0,1903.235648935412,3209.2281280261263,1.0,Fase_3_100pct
2025-10-31,19:00,BRAZIL 2,Coritiba vs CRB,Lay_CS_0x1_B365,11.03,1.0,11.03,1.0,11.03,,2025-10-31,EXECUTED,,177.4202723583859,19609.98133031053,1000.0,1000.0,3386.648400384512,1.0,Fase_3_100pct
2025-11-02,08:00,SPAIN 1,Teruel vs Marbella,Lay_CS_0x1_B365,8.03,1.0,8.03,1.0,8.03,,2025-11-02,EXECUTED,,133.0014224751067,19742.982752785636,1000.0,1133.0014224751067,3519.649822859619,1.0,Fase_3_100pct
2025-11-02,11:30,CZECH 1,Karvina vs Sparta Prague,Lay_CS_0x1_B365,9.03,1.0,9.03,1.0,9.03,,2025-11-02,EXECUTED,,131.9248231649097,19874.907575950547,1000.0,1264.9262456400163,3651.5746460245286,1.0,Fase_3_100pct
2025-11-02,12:00,SPAIN 1,Antequera vs Hercules,Lay_CS_0x1_B365,8.53,1.0,8.53,1.0,8.53,,2025-11-02,EXECUTED,,157.06587512263152,20031.97345107318,1000.0,1421.9921207626478,3808.64052114716,1.0,Fase_3_100pct
2025-11-03,12:00,GREECE 1,Asteras Tripolis vs OFI Crete,Lay_CS_0x1_B365,11.03,1.0,11.03,1.0,11.03,,2025-11-03,EXECUTED,,132.5585875287214,20164.5320386019,1000.0,1554.5507082913691,3941.1991086758817,1.0,Fase_3_100pct
2025-11-03,14:00,CROATIA 1,Gorica vs Lok. Zagreb,Lay_CS_0x1_B365,8.03,1.0,8.03,1.0,8.03,,2025-11-03,EXECUTED,,206.75745551243676,20371.28949411434,2000.0,2000.0,147.95656418831823,1.0,Fase_3_100pct
2025-11-03,16:30,SPAIN 2,Valladolid vs Granada CF,Lay_CS_0x1_B365,9.53,1.0,9.53,1.0,9.53,,2025-11-03,EXECUTED,,219.22626025791328,20590.515754372253,2000.0,2219.226260257913,367.1828244462315,1.0,Fase_3_100pct
2025-11-03,16:45,FRANCE 2,Pau FC vs Troyes,Lay_CS_0x1_B365,8.53,1.0,8.53,1.0,8.53,,2025-11-03,EXECUTED,,275.56129526442885,20866.077049636682,2000.0,2494.787555522342,642.7441197106604,1.0,Fase_3_100pct
2025-11-04,12:00,EGYPT 1,Wadi Degla vs Haras El Hodood,Lay_CS_0x1_B365,10.03,1.0,10.03,1.0,10.03,,2025-11-04,EXECUTED,,258.31964168476077,21124.396691321443,2000.0,2753.1071972071027,901.0637613954211,1.0,Fase_3_100pct
2025-11-04,14:30,SOUTH AFRICA 1,Sekhukhune vs Richards Bay,Lay_CS_0x1_B365,8.03,1.0,8.03,1.0,8.03,,2025-11-04,EXECUTED,,366.16717345499876,21490.563864776443,2000.0,3119.2743706621013,1267.23093485042,1.0,Fase_3_100pct
2025-11-04,16:45,ENGLAND 2,Oxford Utd vs Stoke,Lay_CS_0x1_B365,8.53,1.0,8.53,1.0,8.53,,2025-11-04,EXECUTED,,387.32025718048675,21877.88412195693,2000.0,3506.594627842588,1654.5511920309068,1.0,Fase_3_100pct
2025-11-05,16:00,SPAIN 2,Real Sociedad B vs Huesca,Lay_CS_1x0_B365,7.53,1.0,7.53,1.0,7.53,,2025-11-05,EXECUTED,,502.0927989330506,22379.97692088998,2000.0,2000.0,2156.6439909639575,1.0,Fase_3_100pct
2025-11-06,20:00,BRAZIL 1,Ceara vs Fortaleza,Lay_CS_0x1_B365,8.53,1.0,8.53,1.0,8.53,,2025-11-06,EXECUTED,,248.3399734395751,22628.316894329557,2000.0,2248.3399734395753,2404.983964403533,1.0,Fase_3_100pct
2025-11-07,14:00,POLAND 1,Radomiak Radom vs Cracovia,Lay_CS_0x1_B365,8.03,1.0,8.03,1.0,8.03,,2025-11-07,EXECUTED,,299.03241467510713,22927.349309004665,2000.0,2547.3723881146825,2704.01637907864,1.0,Fase_3_100pct
2025-11-07,15:30,FRANCE 3,Versailles vs Valenciennes,Lay_CS_0x1_B365,8.03,1.0,8.03,1.0,8.03,,2025-11-07,EXECUTED,,338.80415119306235,23266.153460197726,2000.0,2886.176539307745,3042.8205302717024,1.0,Fase_3_100pct
2025-11-07,17:00,SPAIN 1,Elche vs Real Sociedad,Lay_CS_1x0_B365,9.03,1.0,9.03,1.0,9.03,,2025-11-07,EXECUTED,,336.0616518372032,23602.21511203493,2000.0,3222.238191144948,3378.8821821089055,1.0,Fase_3_100pct
2025-11-07,17:15,SPAIN 1,Atl. Madrid B vs Eldense,Lay_CS_0x1_B365,10.03,1.0,10.03,1.0,10.03,,2025-11-07,EXECUTED,,333.64260340205163,23935.85771543698,2000.0,3555.8807945469994,3712.524785510957,1.0,Fase_3_100pct
2025-11-09,08:00,SPAIN 1,AD Merida vs Real Madrid B,Lay_CS_0x1_B365,8.03,1.0,8.03,1.0,8.03,,2025-11-09,EXECUTED,,472.93720382666356,24408.794919263644,2000.0,2000.0,4185.46198933762,1.0,Fase_3_100pct
2025-11-09,09:30,BELGIUM 1,Anderlecht vs Club Brugge KV,Lay_CS_0x1_B365,10.03,1.0,10.03,1.0,10.03,,2025-11-09,EXECUTED,,207.0874861572536,24615.882405420896,2000.0,2207.087486157254,4392.549475494874,1.0,Fase_3_100pct
2025-11-09,10:00,DENMARK 1,Vejle vs FC Copenhagen,Lay_CS_0x1_B365,8.03,1.0,8.03,1.0,8.03,,2025-11-09,EXECUTED,,293.54577518592214,24909.428180606817,2000.0,2500.633261343176,4686.095250680796,1.0,Fase_3_100pct
2025-11-10,16:30,SPAIN 2,Burgos CF vs Castellon,Lay_CS_0x1_B365,8.03,1.0,8.03,1.0,8.03,,2025-11-10,EXECUTED,,332.5877808472076,25242.015961454024,2000.0,2833.2210421903837,5018.683031528004,1.0,Fase_3_100pct
2025-11-16,08:00,SPAIN 1,Antequera vs Sevilla FC B,Lay_CS_0x1_B365,8.03,1.0,8.03,1.0,8.03,,2025-11-16,EXECUTED,,376.8224287977253,25618.83839025175,2000.0,3210.043470988109,5395.5054603257295,1.0,Fase_3_100pct
2025-11-16,10:00,SPAIN 2,Ceuta vs Leganes,Lay_CS_1x0_B365,6.53,1.0,6.53,1.0,6.53,,2025-11-16,EXECUTED,,542.7469521471759,26161.585342398925,2000.0,3752.790423135285,5938.252412472905,1.0,Fase_3_100pct
2025-11-16,10:15,SPAIN 1,Gimnastic vs Marbella,Lay_CS_0x1_B365,8.53,1.0,8.53,1.0,8.53,,2025-11-16,EXECUTED,,465.9839370028542,26627.569279401778,2000.0,2000.0,6404.236349475759,1.0,Fase_3_100pct
2025-11-16,12:15,SPAIN 2,Gijon vs Eibar,Lay_CS_0x1_B365,8.03,1.0,8.03,1.0,8.03,,2025-11-16,EXECUTED,,266.0028449502134,26893.57212435199,2000.0,2266.0028449502133,6670.2391944259725,1.0,Fase_3_100pct
2025-11-16,14:45,SPAIN 1,Racing Club Ferrol vs Zamora,Lay_CS_0x1_B365,9.03,1.0,9.03,1.0,9.03,,2025-11-16,EXECUTED,,263.8496463298194,27157.42177068181,2000.0,2529.8524912800326,6934.088840755792,1.0,Fase_3_100pct
2025-11-17,16:30,SPAIN 2,Cultural Leonesa vs Malaga,Lay_CS_0x1_B365,9.03,1.0,9.03,1.0,9.03,,2025-11-17,EXECUTED,,294.5718654230175,27451.993636104828,2000.0,2824.4243567030503,7228.66070617881,1.0,Fase_3_100pct
2025-11-18,18:00,CHILE 1,D. Concepcion vs Antofagasta,Lay_CS_0x1_B365,9.03,1.0,9.03,1.0,9.03,,2025-11-18,EXECUTED,,328.8713292051497,27780.86496530998,2000.0,3153.2956859082,7557.53203538396,1.0,Fase_3_100pct
2025-11-20,17:00,PARAGUAY 1,Sportivo Trinidense vs Atl. Tembetary,Lay_CS_0x1_B365,10.03,1.0,10.03,1.0,10.03,,2025-11-20,EXECUTED,,326.50403835262097,28107.3690036626,2000.0,3479.799724260821,7884.036073736581,1.0,Fase_3_100pct
2025-11-20,19:30,PARAGUAY 1,Nacional Asuncion vs Ameliano,Lay_CS_0x1_B365,11.03,1.0,11.03,1.0,11.03,,2025-11-20,EXECUTED,,324.38810988872063,28431.75711355132,500.0,500.0,0.0,1.0,Fase_3_100pct
2025-11-20,21:30,BRAZIL 1,Ceara vs Internacional,Lay_CS_0x1_B365,9.03,1.0,9.03,1.0,9.03,,2025-11-20,EXECUTED,,58.21917808219179,28489.976291633513,500.0,558.2191780821918,58.21917808219179,1.0,Fase_3_100pct
2025-11-21,12:30,ROMANIA 1,Csikszereda M. Ciuc vs Unirea Slobozia,Lay_CS_0x1_B365,11.03,1.0,11.03,1.0,11.03,,2025-11-21,EXECUTED,,52.03738100766195,28542.013672641177,500.0,610.2565590898537,110.25655908985374,1.0,Fase_3_100pct
2025-11-21,15:00,SPAIN 1,Villarreal B vs Gimnastic,Lay_CS_1x0_B365,10.03,1.0,10.03,1.0,10.03,,2025-11-21,EXECUTED,,63.18824836644664,28605.20192100762,500.0,673.4448074563003,173.4448074563004,1.0,Fase_3_100pct
2025-11-21,15:30,FRANCE 3,Caen vs Bourg en Bresse,Lay_CS_0x1_B365,9.03,1.0,9.03,1.0,9.03,,2025-11-21,EXECUTED,,78.41480634765142,28683.616727355275,500.0,751.8596138039517,251.85961380395182,1.0,Fase_3_100pct
2025-11-21,16:00,FRANCE 2,Pau FC vs Le Mans,Lay_CS_0x1_B365,8.03,1.0,8.03,1.0,8.03,,2025-11-21,EXECUTED,,99.99839813750995,28783.615125492786,500.0,851.8580119414617,351.85801194146177,1.0,Fase_3_100pct
2025-11-23,08:00,SPAIN 1,Algeciras vs Sanluqueno,Lay_CS_0x1_B365,9.03,1.0,9.03,1.0,9.03,,2025-11-23,EXECUTED,,99.18894659592362,28882.80407208871,500.0,951.0469585373853,451.0469585373854,1.0,Fase_3_100pct
2025-11-23,09:00,ENGLAND 2,Sheffield Wed vs Sheffield Utd,Lay_CS_0x1_B365,8.03,1.0,8.03,1.0,8.03,,2025-11-23,EXECUTED,,126.49059832609606,29009.29467041481,500.0,500.0,577.5375568634815,1.0,Fase_3_100pct
2025-11-23,11:00,ENGLAND 1,Leeds vs Aston Villa,Lay_CS_0x1_B365,8.03,1.0,8.03,1.0,8.03,,2025-11-23,EXECUTED,,66.50071123755335,29075.795381652362,500.0,566.5007112375533,644.0382681010349,1.0,Fase_3_100pct
2025-11-23,13:15,FRANCE 1,Nantes vs Lorient,Lay_CS_0x1_B365,8.53,1.0,8.53,1.0,8.53,,2025-11-23,EXECUTED,,70.3423857911172,29146.13776744348,500.0,636.8430970286705,714.380653892152,1.0,Fase_3_100pct
2025-11-24,15:00,GREECE 1,AEL Larissa vs OFI Crete,Lay_CS_0x1_B365,10.03,1.0,10.03,1.0,10.03,,2025-11-24,EXECUTED,,65.94111802013366,29212.078885463616,500.0,702.7842150488042,780.3217719122857,1.0,Fase_3_100pct
2025-11-24,15:30,ROMANIA 1,FC Botosani vs Dinamo Bucuresti,Lay_CS_0x1_B365,8.03,1.0,8.03,1.0,8.03,,2025-11-24,EXECUTED,,93.47130029454225,29305.55018575816,500.0,796.2555153433465,873.793072206828,1.0,Fase_3_100pct
2025-11-24,19:00,BRAZIL 1,Mirassol vs Ceara,Lay_CS_0x1_B365,11.03,1.0,11.03,1.0,11.03,,2025-11-24,EXECUTED,,74.22720905743061,29379.77739481559,500.0,870.4827244007771,948.0202812642586,1.0,Fase_3_100pct
2025-11-25,16:45,ENGLAND 2,Swansea vs Derby,Lay_CS_0x1_B365,8.03,1.0,8.03,1.0,8.03,,2025-11-25,EXECUTED,,115.77544058530964,29495.552835400897,500.0,986.2581649860867,1063.7957218495683,1.0,Fase_3_100pct
2025-11-25,21:30,BRAZIL 1,Gremio vs Palmeiras,Lay_CS_0x1_B365,9.03,1.0,9.03,1.0,9.03,,2025-11-25,EXECUTED,,114.83827948468135,29610.391114885577,500.0,500.0,1178.6340013342497,1.0,Fase_3_100pct
2025-11-26,15:00,SPAIN 2,Ceuta vs Almeria,Lay_CS_1x0_B365,10.03,1.0,10.03,1.0,10.03,,2025-11-26,EXECUTED,,51.7718715393134,29662.16298642489,500.0,551.7718715393135,1230.405872873563,1.0,Fase_3_100pct
2025-11-28,13:30,SLOVENIA 1,Aluminij vs Primorje,Lay_CS_0x1_B365,8.03,1.0,8.03,1.0,8.03,,2025-11-28,EXECUTED,,73.38644379648053,29735.54943022137,500.0,625.158315335794,1303.7923166700436,1.0,Fase_3_100pct
2025-11-28,16:00,NETHERLANDS 2,Venlo vs Den Haag,Lay_CS_0x1_B365,10.03,1.0,10.03,1.0,10.03,,2025-11-28,EXECUTED,,64.73123198659661,29800.280662207966,500.0,689.8895473223906,1368.5235486566403,1.0,Fase_3_100pct
2025-11-28,19:00,BRAZIL 1,Juventude vs Bahia,Lay_CS_0x1_B365,8.03,1.0,8.03,1.0,8.03,,2025-11-28,EXECUTED,,91.75629114458539,29892.03695335255,500.0,781.645838466976,1460.2798398012258,1.0,Fase_3_100pct
2025-11-29,11:00,ITALY 1,Genoa vs Verona,Lay_CS_1x0_B365,5.03,1.0,5.03,1.0,5.03,,2025-11-29,EXECUTED,,181.34959279568798,30073.38654614824,500.0,962.9954312626639,1641.6294325969138,1.0,Fase_3_100pct
2025-11-30,08:00,SPAIN 1,CF Talavera vs Cacereno,Lay_CS_0x1_B365,8.03,0.0,8.03,0.0,8.03,,2025-11-30,EXECUTED,,-962.9954312626639,29110.391114885573,500.0,500.0,678.6340013342499,1.0,Fase_3_100pct
2025-11-30,09:30,GERMANY 3,Regensburg vs Hansa Rostock,Lay_CS_0x1_B365,10.03,1.0,10.03,1.0,10.03,,2025-11-30,EXECUTED,,51.7718715393134,29162.162986424886,500.0,551.7718715393135,730.4058728735633,1.0,Fase_3_100pct
2025-12-01,14:00,CROATIA 1,Gorica vs Din. Zagreb,Lay_CS_0x1_B365,8.53,1.0,8.53,1.0,8.53,,2025-12-01,EXECUTED,,68.51350596138887,29230.676492386276,500.0,620.2853775007023,798.9193788349522,1.0,Fase_3_100pct
2025-12-01,17:00,SPAIN 1,Rayo Vallecano vs Valencia,Lay_CS_0x1_B365,10.03,1.0,10.03,1.0,10.03,,2025-12-01,EXECUTED,,64.22666976336177,29294.903162149636,500.0,684.5120472640641,863.146048598314,1.0,Fase_3_100pct
2025-12-02,14:45,ISRAEL 1,Hapoel Jerusalem vs Maccabi Bnei Raina,Lay_CS_0x1_B365,10.03,1.0,10.03,1.0,10.03,,2025-12-02,EXECUTED,,70.87693955613511,29365.78010170577,500.0,755.3889868201992,934.0229881544491,1.0,Fase_3_100pct
2025-12-02,16:30,ENGLAND 1,Fulham vs Manchester City,Lay_CS_0x1_B365,8.53,1.0,8.53,1.0,8.53,,2025-12-02,EXECUTED,,93.7966404617379,29459.57674216751,500.0,849.1856272819371,1027.819628616187,1.0,Fase_3_100pct
2025-12-03,15:00,SPAIN 1,Ath Bilbao vs Real Madrid,Lay_CS_1x0_B365,11.03,1.0,11.03,1.0,11.03,,2025-12-03,EXECUTED,,79.16137203475685,29538.738114202264,500.0,928.3469993166939,1106.9810006509438,1.0,Fase_3_100pct
2025-12-05,07:45,AUSTRALIA 1,Perth Glory vs WS Wanderers,Lay_CS_0x1_B365,9.53,1.0,9.53,1.0,9.53,,2025-12-05,EXECUTED,,101.75902044092719,29640.497134643192,500.0,500.0,1208.7400210918709,1.0,Fase_3_100pct
2025-12-05,14:30,GERMANY 2,Dusseldorf vs Schalke,Lay_CS_0x1_B365,8.53,1.0,8.53,1.0,8.53,,2025-12-05,EXECUTED,,62.08499335989377,29702.582128003087,500.0,562.0849933598938,1270.8250144517647,1.0,Fase_3_100pct
2025-12-05,16:00,FRANCE 2,Bastia vs Red Star,Lay_CS_0x1_B365,8.03,1.0,8.03,1.0,8.03,,2025-12-05,EXECUTED,,74.75810366877678,29777.340231671864,500.0,636.8430970286706,1345.5831181205415,1.0,Fase_3_100pct
2025-12-07,08:00,SPAIN 1,AD Merida vs Ourense CF,Lay_CS_0x1_B365,9.03,1.0,9.03,1.0,9.03,,2025-12-07,EXECUTED,,74.15296335265344,29851.49319502452,500.0,710.996060381324,1419.7360814731949,1.0,Fase_3_100pct
2025-12-07,09:30,GERMANY 2,Braunschweig vs Holstein Kiel,Lay_CS_0x1_B365,8.53,1.0,8.53,1.0,8.53,,2025-12-07,EXECUTED,,88.28437137537026,29939.77756639989,500.0,799.2804317566943,1508.0204528485651,1.0,Fase_3_100pct
2025-12-07,11:00,CROATIA 1,Varazdin vs Lok. Zagreb,Lay_CS_0x1_B365,8.53,1.0,8.53,1.0,8.53,,2025-12-07,EXECUTED,,99.24664059661477,30039.024206996506,500.0,898.527072353309,1607.2670934451799,1.0,Fase_3_100pct
2025-12-07,13:15,FRANCE 1,Le Havre vs Paris FC,Lay_CS_0x1_B365,8.03,1.0,8.03,1.0,8.03,,2025-12-07,EXECUTED,,119.50537875538322,30158.52958575189,500.0,500.0,1726.772472200563,1.0,Fase_3_100pct
2025-12-07,16:45,ITALY 1,Napoli vs Juventus,Lay_CS_1x0_B365,6.03,1.0,6.03,1.0,6.03,,2025-12-07,EXECUTED,,92.94234592445328,30251.471931676344,500.0,592.9423459244533,1819.7148181250163,1.0,Fase_3_100pct
2025-12-08,07:00,SOUTH KOREA 1,Suwon FC vs Bucheon FC 1995,Lay_CS_0x1_B365,9.03,1.0,9.03,1.0,9.03,,2025-12-08,EXECUTED,,69.04123205969664,30320.51316373604,500.0,661.98357798415,1888.7560501847129,1.0,Fase_3_100pct
2025-12-09,16:45,ENGLAND 2,Charlton vs Middlesbrough,Lay_CS_0x1_B365,8.53,1.0,8.53,1.0,8.53,,2025-12-09,EXECUTED,,82.19849208700934,30402.71165582305,500.0,744.1820700711593,1970.9545422717222,1.0,Fase_3_100pct
2025-12-12,16:00,FRANCE 3,Rouen vs Quevilly Rouen,Lay_CS_0x1_B365,9.03,1.0,9.03,1.0,9.03,,2025-12-12,EXECUTED,,86.65133692609389,30489.362992749142,1000.0,1000.0,57.60587919781619,1.0,Fase_3_100pct
2025-12-12,16:30,GERMANY 1,Union Berlin vs RB Leipzig,Lay_CS_0x1_B365,8.03,1.0,8.03,1.0,8.03,,2025-12-12,EXECUTED,,133.0014224751067,30622.36441522425,1000.0,1133.0014224751067,190.6073016729229,1.0,Fase_3_100pct
2025-12-14,08:00,SPAIN 1,Ath Bilbao B vs Celta Vigo B,Lay_CS_0x1_B365,9.03,1.0,9.03,1.0,9.03,,2025-12-14,EXECUTED,,131.9248231649097,30754.28923838916,1000.0,1264.9262456400163,322.5321248378326,1.0,Fase_3_100pct
2025-12-14,11:00,CROATIA 1,Slaven Belupo vs Din. Zagreb,Lay_CS_0x1_B365,8.03,1.0,8.03,1.0,8.03,,2025-12-14,EXECUTED,,168.2369899962184,30922.526228385377,1000.0,1433.1632356362347,490.76911483405104,1.0,Fase_3_100pct
2025-12-14,13:00,AUSTRIA 1,Austria Vienna vs Sturm Graz,Lay_CS_0x1_B365,8.53,1.0,8.53,1.0,8.53,,2025-12-14,EXECUTED,,177.955859936239,31100.482088321616,1000.0,1611.1190955724737,668.72497477029,1.0,Fase_3_100pct
2025-12-14,14:30,SPAIN 2,Almeria vs Burgos CF,Lay_CS_1x0_B365,6.03,1.0,6.03,1.0,6.03,,2025-12-14,EXECUTED,,299.4823766123783,31399.964464933993,1000.0,1910.601472184852,968.2073513826683,1.0,Fase_3_100pct
2025-12-15,12:30,ROMANIA 1,Farul Constanta vs UTA Arad,Lay_CS_0x1_B365,10.03,1.0,10.03,1.0,10.03,,2025-12-15,EXECUTED,,197.83082796155446,31597.79529289555,1000.0,1000.0,1166.0381793442227,1.0,Fase_3_100pct
2025-12-15,14:30,PORTUGAL 1,Nacional vs Tondela,Lay_CS_0x1_B365,9.03,1.0,9.03,1.0,9.03,,2025-12-15,EXECUTED,,116.43835616438358,31714.233649059934,1000.0,1116.4383561643835,1282.4765355086063,1.0,Fase_3_100pct
2025-12-15,17:00,SPAIN 1,Rayo Vallecano vs Betis,Lay_CS_0x1_B365,8.53,1.0,8.53,1.0,8.53,,2025-12-15,EXECUTED,,138.62813585839294,31852.86178491833,1000.0,1255.0664920227764,1421.1046713669991,1.0,Fase_3_100pct
2025-12-16,16:00,BELGIUM 2,OC Charleroi vs Lommel SK,Lay_CS_0x1_B365,9.53,1.0,9.53,1.0,9.53,,2025-12-16,EXECUTED,,137.5717667105857,31990.433551628914,1000.0,1392.6382587333621,1558.6764380775849,1.0,Fase_3_100pct
2025-12-19,12:00,CROATIA 1,Varazdin vs Istra 1961,Lay_CS_0x1_B365,8.53,1.0,8.53,1.0,8.53,,2025-12-19,EXECUTED,,172.9238740923896,32163.357425721304,1000.0,1565.5621328257516,1731.6003121699746,1.0,Fase_3_100pct
2025-12-19,16:30,SPAIN 2,Eibar vs Valladolid,Lay_CS_0x1_B365,8.03,1.0,8.03,1.0,8.03,,2025-12-19,EXECUTED,,208.2219906389869,32371.57941636029,1000.0,1773.7841234647385,1939.8223028089615,1.0,Fase_3_100pct
2025-12-21,08:00,SPAIN 1,Arenas Getxo vs CF Talavera,Lay_CS_0x1_B365,8.03,1.0,8.03,1.0,8.03,,2025-12-21,EXECUTED,,235.91581158457052,32607.495227944863,1000.0,1000.0,2175.7381143935318,1.0,Fase_3_100pct
2025-12-21,09:30,GERMANY 2,Braunschweig vs Schalke,Lay_CS_0x1_B365,8.53,1.0,8.53,1.0,8.53,,2025-12-21,EXECUTED,,124.16998671978754,32731.66521466465,1000.0,1124.1699867197876,2299.9081011133194,1.0,Fase_3_100pct
2025-12-21,12:00,BELGIUM 2,Sporting Lokeren vs Patro Eisden,Lay_CS_0x1_B365,8.53,1.0,8.53,1.0,8.53,,2025-12-21,EXECUTED,,139.58817232177975,32871.25338698643,1000.0,1263.7581590415673,2439.4962734350993,1.0,Fase_3_100pct
2025-12-21,14:30,SPAIN 2,Burgos CF vs Zaragoza,Lay_CS_1x0_B365,5.03,1.0,5.03,1.0,5.03,,2025-12-21,EXECUTED,,293.2044364029443,33164.45782338937,1000.0,1556.9625954445116,2732.7007098380436,1.0,Fase_3_100pct
2025-12-22,16:00,NETHERLANDS 2,Jong Ajax vs Waalwijk,Lay_CS_0x1_B365,11.03,1.0,11.03,1.0,11.03,,2025-12-22,EXECUTED,,145.14058093126806,33309.59840432064,1000.0,1702.1031763757796,2877.841290769312,1.0,Fase_3_100pct
2025-12-22,17:00,ENGLAND 1,Fulham vs Nottingham,Lay_CS_0x1_B365,10.03,1.0,10.03,1.0,10.03,,2025-12-22,EXECUTED,,176.24213398796834,33485.84053830861,1000.0,1878.345310363748,3054.08342475728,1.0,Fase_3_100pct
2025-12-26,12:00,ENGLAND 3,Bradford City vs Wigan,Lay_CS_0x1_B365,8.03,1.0,8.03,1.0,8.03,,2025-12-26,EXECUTED,,249.8225981778243,33735.66313648643,1000.0,1000.0,3303.9060229351044,1.0,Fase_3_100pct
2025-12-26,14:30,ENGLAND 2,Wrexham vs Sheffield Utd,Lay_CS_0x1_B365,8.53,1.0,8.53,1.0,8.53,,2025-12-26,EXECUTED,,124.16998671978754,33859.83312320622,1000.0,1124.1699867197876,3428.076009654892,1.0,Fase_3_100pct
2025-12-28,08:30,ITALY 1,AC Milan vs Verona,Lay_CS_1x0_B365,6.03,1.0,6.03,1.0,6.03,,2025-12-28,EXECUTED,,208.96599156719708,34068.799114773414,1000.0,1333.1359782869847,3637.0420012220893,1.0,Fase_3_100pct
2025-12-28,14:00,ITALY 1,Bologna vs Sassuolo,Lay_CS_0x1_B365,11.03,1.0,11.03,1.0,11.03,,2025-12-28,EXECUTED,,124.27538780641386,34193.074502579824,1000.0,1457.4113660933986,3761.3173890285034,1.0,Fase_3_100pct
2025-12-30,16:30,ENGLAND 1,Burnley vs Newcastle,Lay_CS_0x1_B365,8.03,1.0,8.03,1.0,8.03,,2025-12-30,EXECUTED,,193.8377848218105,34386.91228740163,1000.0,1651.2491509152092,3955.155173850314,1.0,Fase_3_100pct
2026-01-01,17:00,ENGLAND 1,Sunderland vs Manchester City,Lay_CS_0x1_B365,8.63,1.0,8.63,1.0,8.63,,2026-01-01,EXECUTED,,202.34835597715866,34589.26064337879,2000.0,2000.0,157.50352982747245,1.0,Fase_3_100pct
2026-01-02,16:30,SPAIN 2,Eibar vs Mirandes,Lay_CS_1x0_B365,6.03,1.0,6.03,1.0,6.03,,2026-01-02,EXECUTED,,371.7693836978131,34961.0300270766,2000.0,2371.7693836978133,529.2729135252855,1.0,Fase_3_100pct
2026-01-02,16:45,FRANCE 1,Toulouse vs Lens,Lay_CS_0x1_B365,11.03,1.0,11.03,1.0,11.03,,2026-01-02,EXECUTED,,221.09714593793177,35182.12717301453,2000.0,2592.866529635745,750.3700594632173,1.0,Fase_3_100pct
2026-01-02,17:00,SPAIN 1,Rayo Vallecano vs Getafe,Lay_CS_0x1_B365,10.03,1.0,10.03,1.0,10.03,,2026-01-02,EXECUTED,,268.4751057817743,35450.60227879631,2000.0,2861.3416354175192,1018.8451652449917,1.0,Fase_3_100pct
2026-01-03,08:30,ITALY 1,Como vs Udinese,Lay_CS_1x0_B365,7.63,0.0,7.63,0.0,7.63,,2026-01-03,EXECUTED,,-2861.3416354175192,32589.260643378788,2000.0,2000.0,-1842.4964701725276,1.0,Fase_3_100pct
2026-01-04,08:30,ITALY 1,Lazio vs Napoli,Lay_CS_1x0_B365,9.83,1.0,9.83,1.0,9.83,,2026-01-04,EXECUTED,,211.77802944507363,32801.03867282386,2000.0,2211.7780294450736,-1630.718440727454,1.0,Fase_3_100pct
2026-01-04,12:00,ENGLAND 1,Fulham vs Liverpool,Lay_CS_0x1_B365,9.43,1.0,9.43,1.0,9.43,,2026-01-04,EXECUTED,,245.31583126110843,33046.354504084964,2000.0,2457.093860706182,-1385.4026094663454,1.0,Fase_3_100pct
2026-01-04,17:00,SPAIN 1,Real Sociedad vs Atl. Madrid,Lay_CS_0x1_B365,9.83,1.0,9.83,1.0,9.83,,2026-01-04,EXECUTED,,260.1792479909717,33306.533752075935,2000.0,2717.273108697154,-1125.2233614753736,1.0,Fase_3_100pct
2026-01-05,16:45,FRANCE 2,Montpellier vs Dunkerque,Lay_CS_0x1_B365,10.53,1.0,10.53,1.0,10.53,,2026-01-05,EXECUTED,,266.5950006958908,33573.12875277182,2000.0,2983.8681093930445,-858.6283607794828,1.0,Fase_3_100pct
2026-01-07,14:30,ITALY 1,Napoli vs Verona,Lay_CS_1x0_B365,5.53,1.0,5.53,1.0,5.53,,2026-01-07,EXECUTED,,615.8756473029795,34189.0044000748,2000.0,3599.743756696024,-242.75271347650335,1.0,Fase_3_100pct
2026-01-08,16:45,ITALY 1,AC Milan vs Genoa,Lay_CS_1x0_B365,5.73,1.0,5.73,1.0,5.73,,2026-01-08,EXECUTED,,711.5772542306094,34900.58165430541,2000.0,2000.0,468.824540754106,1.0,Fase_3_100pct
2026-01-09,17:00,SPAIN 1,Getafe vs Real Sociedad,Lay_CS_1x0_B365,8.23,1.0,8.23,1.0,8.23,,2026-01-09,EXECUTED,,258.6445366528354,35159.226190958245,2000.0,2258.6445366528355,727.4690774069414,1.0,Fase_3_100pct
2026-01-11,14:00,ITALY 1,Verona vs Lazio,Lay_CS_1x0_B365,9.03,1.0,9.03,1.0,9.03,,2026-01-11,EXECUTED,,262.992857007522,35422.219047965766,2000.0,2521.6373936603577,990.4619344144635,1.0,Fase_3_100pct
2026-01-12,14:30,ITALY 1,Genoa vs Cagliari,Lay_CS_0x1_B365,10.03,1.0,10.03,1.0,10.03,,2026-01-12,EXECUTED,,261.0997744266262,35683.31882239239,2000.0,2782.7371680869837,1251.5617088410897,1.0,Fase_3_100pct
2026-01-12,16:30,SPAIN 2,Huesca vs Cordoba,Lay_CS_0x1_B365,8.83,1.0,8.83,1.0,8.83,,2026-01-12,EXECUTED,,332.2936465084712,36015.612468900865,2000.0,3115.030814595455,1583.855355349561,1.0,Fase_3_100pct
2026-01-14,14:30,ITALY 1,Napoli vs Parma,Lay_CS_1x0_B365,7.03,1.0,7.03,1.0,7.03,,2026-01-14,EXECUTED,,483.01058236264515,36498.62305126351,2000.0,3598.0413969581,2066.8659377122062,1.0,Fase_3_100pct
2026-01-15,16:30,GERMANY 1,Augsburg vs Union Berlin,Lay_CS_0x1_B365,10.03,1.0,10.03,1.0,10.03,,2026-01-15,EXECUTED,,372.554673992893,36871.1777252564,2000.0,3970.596070950993,2439.4206117050994,1.0,Fase_3_100pct
2026-01-16,15:30,FRANCE 3,Versailles vs Rouen,Lay_CS_0x1_B365,8.03,1.0,8.03,1.0,8.03,,2026-01-16,EXECUTED,,528.0949255105518,37399.27265076695,2000.0,2000.0,2967.5155372156514,1.0,Fase_3_100pct
2026-01-17,10:00,SPAIN 2,Ceuta vs Valladolid,Lay_CS_1x0_B365,7.83,1.0,7.83,1.0,7.83,,2026-01-17,EXECUTED,,273.792093704246,37673.064744471194,2000.0,2273.792093704246,3241.3076309198973,1.0,Fase_3_100pct
2026-01-18,10:00,SPAIN 1,Getafe vs Valencia,Lay_CS_0x1_B365,8.23,0.0,8.23,0.0,8.23,,2026-01-18,EXECUTED,,-2273.792093704246,35399.27265076695,2000.0,2000.0,967.5155372156514,1.0,Fase_3_100pct
2026-01-18,12:30,GERMANY 3,Schweinfurt vs Viktoria Koln,Lay_CS_0x1_B365,10.03,1.0,10.03,1.0,10.03,,2026-01-18,EXECUTED,,207.0874861572536,35606.3601369242,2000.0,2207.087486157254,1174.603023372905,1.0,Fase_3_100pct
2026-01-19,14:30,ITALY 1,Cremonese vs Verona,Lay_CS_0x1_B365,11.03,1.0,11.03,1.0,11.03,,2026-01-19,EXECUTED,,205.74544362482877,35812.10558054903,2000.0,2412.8329297820824,1380.3484669977338,1.0,Fase_3_100pct
2026-01-19,16:30,SPAIN 2,Granada CF vs Eibar,Lay_CS_0x1_B365,9.43,1.0,9.43,1.0,9.43,,2026-01-19,EXECUTED,,267.6155147504445,36079.72109529948,2000.0,2680.448444532527,1647.9639817481784,1.0,Fase_3_100pct
2026-01-20,12:30,EUROPA CHAMPIONS LEAGUE,Kairat Almaty vs Club Brugge KV,Lay_CS_0x1_B365,10.03,1.0,10.03,1.0,10.03,,2026-01-20,EXECUTED,,277.54366507618084,36357.26476037566,2000.0,2957.992109608708,1925.5076468243592,1.0,Fase_3_100pct
2026-01-23,14:00,FRANCE 3,Villefranche vs Aubagne,Lay_CS_0x1_B365,9.43,1.0,9.43,1.0,9.43,,2026-01-23,EXECUTED,,328.0809753836467,36685.34573575931,2000.0,3286.0730849923543,2253.5886222080057,1.0,Fase_3_100pct
2026-01-23,15:30,FRANCE 3,Bourg en Bresse vs Chateauroux,Lay_CS_0x1_B365,9.03,1.0,9.03,1.0,9.03,,2026-01-23,EXECUTED,,382.62494825253447,37067.97068401184,2000.0,3668.698033244889,2636.2135704605403,1.0,Fase_3_100pct
2026-01-23,16:00,FRANCE 2,Bastia vs Montpellier,Lay_CS_0x1_B365,8.03,1.0,8.03,1.0,8.03,,2026-01-23,EXECUTED,,487.9420570531965,37555.91274106503,2000.0,2000.0,3124.155627513737,1.0,Fase_3_100pct
2026-01-24,10:00,SPAIN 2,Valladolid vs Albacete,Lay_CS_1x0_B365,7.03,1.0,7.03,1.0,7.03,,2026-01-24,EXECUTED,,310.1160862354892,37866.02882730052,2000.0,2310.116086235489,3434.271713749226,1.0,Fase_3_100pct
2026-01-25,13:15,FRANCE 1,Brest vs Toulouse,Lay_CS_0x1_B365,8.03,1.0,8.03,1.0,8.03,,2026-01-25,EXECUTED,,307.2487255519463,38173.277552852465,2000.0,2617.3648117874354,3741.5204393011722,1.0,Fase_3_100pct
2026-01-26,16:45,FRANCE 2,Le Mans vs Dunkerque,Lay_CS_0x1_B365,9.63,1.0,9.63,1.0,9.63,,2026-01-26,EXECUTED,,283.5731285076769,38456.85068136014,2000.0,2900.937940295112,4025.093567808849,1.0,Fase_3_100pct
2026-01-26,17:00,SPAIN 1,Girona vs Getafe,Lay_CS_0x1_B365,9.43,1.0,9.43,1.0,9.43,,2026-01-26,EXECUTED,,321.7529032237165,38778.603584583856,2000.0,3222.690843518829,4346.846471032565,1.0,Fase_3_100pct
2026-01-29,15:00,EGYPT 1,Modern Sport vs El Ismaily,Lay_CS_0x1_B365,11.03,1.0,11.03,1.0,11.03,,2026-01-29,EXECUTED,,300.42033287039936,39079.02391745426,2000.0,3523.111176389228,4647.266803902965,1.0,Fase_3_100pct
2026-01-29,21:30,BRAZIL 1,Botafogo RJ vs Cruzeiro,Lay_CS_0x1_B365,10.03,1.0,10.03,1.0,10.03,,2026-01-29,EXECUTED,,364.79611848548495,39443.820035939745,2000.0,3887.907294874713,5012.06292238845,1.0,Fase_3_100pct
2026-01-30,15:30,FRANCE 3,Sochaux vs Rouen,Lay_CS_0x1_B365,8.03,1.0,8.03,1.0,8.03,,2026-01-30,EXECUTED,,517.0972006696809,39960.91723660943,2000.0,2000.0,5529.160123058131,1.0,Fase_3_100pct
2026-01-31,10:00,SPAIN 1,Oviedo vs Girona,Lay_CS_1x0_B365,9.43,0.0,9.43,0.0,9.43,,2026-01-31,EXECUTED,,-2000.0,37960.91723660943,2000.0,2000.0,3529.160123058131,1.0,Fase_3_100pct
2026-02-01,12:30,PORTUGAL 1,Gil Vicente vs Famalicao,Lay_CS_0x1_B365,9.03,1.0,9.03,1.0,9.03,,2026-02-01,EXECUTED,,232.87671232876716,38193.7939489382,2000.0,2232.876712328767,3762.036835386898,1.0,Fase_3_100pct
2026-02-02,17:00,SPAIN 1,Mallorca vs Sevilla,Lay_CS_0x1_B365,9.23,1.0,9.23,1.0,9.23,,2026-02-02,EXECUTED,,253.6743288004128,38447.46827773861,2000.0,2486.55104112918,4015.7111641873107,1.0,Fase_3_100pct
2026-02-06,14:30,GERMANY 2,Preussen Munster vs Bochum,Lay_CS_0x1_B365,11.03,1.0,11.03,1.0,11.03,,2026-02-06,EXECUTED,,231.79713095272018,38679.26540869133,2000.0,2718.3481720819,4247.508295140031,1.0,Fase_3_100pct
2026-02-06,15:30,FRANCE 3,Caen vs Fleury-Merogis,Lay_CS_0x1_B365,9.43,1.0,9.43,1.0,9.43,,2026-02-06,EXECUTED,,301.5012504029154,38980.766659094246,2000.0,3019.8494224848155,4549.009545542946,1.0,Fase_3_100pct
2026-02-06,20:00,CHILE 1,A. Italiano vs U. De Concepcion,Lay_CS_0x1_B365,10.53,1.0,10.53,1.0,10.53,,2026-02-06,EXECUTED,,296.28113431514197,39277.04779340939,2000.0,3316.1305567999575,4845.290679858088,1.0,Fase_3_100pct
2026-02-08,08:30,ITALY 1,Bologna vs Parma,Lay_CS_1x0_B365,7.63,1.0,7.63,1.0,7.63,,2026-02-08,EXECUTED,,467.65943749742996,39744.70723090682,2000.0,3783.7899942973872,5312.950117355518,1.0,Fase_3_100pct
2026-02-08,12:00,CHILE 1,Huachipato vs U. De Chile,Lay_CS_0x1_B365,8.03,1.0,8.03,1.0,8.03,,2026-02-08,EXECUTED,,503.2494515886284,40247.956682495445,2000.0,2000.0,5816.199568944146,1.0,Fase_3_100pct
2026-02-09,15:00,ROMANIA 1,Din. Bucuresti vs Univ. Craiova,Lay_CS_0x1_B365,10.03,1.0,10.03,1.0,10.03,,2026-02-09,EXECUTED,,207.0874861572536,40455.0441686527,2000.0,2207.087486157254,6023.2870551014,1.0,Fase_3_100pct
2026-02-09,16:45,FRANCE 2,Amiens vs Clermont,Lay_CS_0x1_B365,9.63,1.0,9.63,1.0,9.63,,2026-02-09,EXECUTED,,239.1224564956005,40694.1666251483,2000.0,2446.2099426528544,6262.409511597,1.0,Fase_3_100pct
2026-02-10,16:00,ITALY 2,Entella vs Cesena,Lay_CS_0x1_B365,9.03,1.0,9.03,1.0,9.03,,2026-02-10,EXECUTED,,284.83266455546936,40978.99928970377,2000.0,2731.0426072083237,6547.242176152469,1.0,Fase_3_100pct
2026-02-12,17:00,ENGLAND 1,Brentford vs Arsenal,Lay_CS_0x1_B365,8.23,1.0,8.23,1.0,8.23,,2026-02-12,EXECUTED,,353.18462486027425,41332.18391456404,2000.0,3084.227232068598,6900.426801012743,1.0,Fase_3_100pct
2026-02-12,21:30,BRAZIL 1,Internacional vs Palmeiras,Lay_CS_0x1_B365,10.03,1.0,10.03,1.0,10.03,,2026-02-12,EXECUTED,,319.3524321134152,41651.53634667746,2000.0,3403.579664182013,7219.779233126159,1.0,Fase_3_100pct
2026-02-13,15:30,FRANCE 3,Aubagne vs Bourg en Bresse,Lay_CS_0x1_B365,10.03,1.0,10.03,1.0,10.03,,2026-02-13,EXECUTED,,352.4193782957012,42003.95572497316,2000.0,3755.9990424777143,7572.19861142186,1.0,Fase_3_100pct
2026-02-13,16:00,FRANCE 2,Amiens vs Dunkerque,Lay_CS_0x1_B365,8.23,1.0,8.23,1.0,8.23,,2026-02-13,EXECUTED,,485.7343160050709,42489.69004097823,500.0,500.0,0.0,1.0,Fase_3_100pct
2026-02-13,17:45,PORTUGAL 1,Tondela vs Alverca,Lay_CS_0x1_B365,8.43,1.0,8.43,1.0,8.43,,2026-02-13,EXECUTED,,62.920592193808886,42552.610633172044,500.0,562.920592193809,62.920592193808886,1.0,Fase_3_100pct
2026-02-14,10:00,SPAIN 2,Cordoba vs Leganes,Lay_CS_1x0_B365,8.43,1.0,8.43,1.0,8.43,,2026-02-14,EXECUTED,,70.8385940378481,42623.449227209894,500.0,633.759186231657,133.759186231657,1.0,Fase_3_100pct
2026-02-15,08:30,ITALY 1,Udinese vs Sassuolo,Lay_CS_0x1_B365,10.03,1.0,10.03,1.0,10.03,,2026-02-15,EXECUTED,,65.62179835289031,42689.071025562786,500.0,699.3809845845474,199.38098458454732,1.0,Fase_3_100pct
2026-02-15,09:00,ROMANIA 1,UTA Arad vs FC Botosani,Lay_CS_0x1_B365,8.43,1.0,8.43,1.0,8.43,,2026-02-15,EXECUTED,,88.01093143829769,42777.081957001086,500.0,787.3919160228451,287.391916022845,1.0,Fase_3_100pct
2026-02-15,10:30,AUSTRIA 1,Grazer AK vs Salzburg,Lay_CS_0x1_B365,8.63,1.0,8.63,1.0,8.63,,2026-02-15,EXECUTED,,96.48904868694103,42873.57100568803,500.0,883.8809647097861,383.88096470978604,1.0,Fase_3_100pct
2026-02-15,11:30,SLOVAKIA 1,Komarno vs Dun. Streda,Lay_CS_0x1_B365,8.23,1.0,8.23,1.0,8.23,,2026-02-15,EXECUTED,,114.3054912868119,42987.87649697484,500.0,998.1864559965979,498.18645599659794,1.0,Fase_3_100pct
2026-02-16,17:15,PORTUGAL 1,Rio Ave vs Moreirense,Lay_CS_0x1_B365,8.23,1.0,8.23,1.0,8.23,,2026-02-16,EXECUTED,,129.08773670218795,43116.96423367703,500.0,500.0,627.2741926987859,1.0,Fase_3_100pct
2026-02-18,16:45,ITALY 1,AC Milan vs Como,Lay_CS_1x0_B365,8.43,1.0,8.43,1.0,8.43,,2026-02-18,EXECUTED,,62.920592193808886,43179.88482587084,500.0,562.920592193809,690.1947848925947,1.0,Fase_3_100pct
2026-02-19,19:30,BRAZIL 1,Athletico-PR vs Corinthians,Lay_CS_0x1_B365,9.03,0.0,9.03,0.0,9.03,,2026-02-19,EXECUTED,,-562.920592193809,42616.96423367703,500.0,500.0,127.27419269878578,1.0,Fase_3_100pct
2026-02-20,14:30,GERMANY 2,Greuther Furth vs Arminia Bielefeld,Lay_CS_0x1_B365,9.63,1.0,9.63,1.0,9.63,,2026-02-20,EXECUTED,,54.171494785631516,42671.13572846266,500.0,554.1714947856315,181.4456874844173,1.0,Fase_3_100pct
2026-02-20,16:00,FRANCE 2,Annecy vs Red Star,Lay_CS_0x1_B365,9.63,1.0,9.63,1.0,9.63,,2026-02-20,EXECUTED,,60.04059648025091,42731.176324942906,500.0,614.2120912658823,241.48628396466822,1.0,Fase_3_100pct
2026-02-21,10:00,SPAIN 2,Leganes vs Cultural Leonesa,Lay_CS_1x0_B365,6.43,1.0,6.43,1.0,6.43,,2026-02-21,EXECUTED,,105.76211884596687,42836.93844378887,500.0,719.9742101118492,347.24840281063507,1.0,Fase_3_100pct
2026-02-22,08:15,POLAND 1,Arka Gdynia vs GKS Katowice,Lay_CS_0x1_B365,9.03,1.0,9.03,1.0,9.03,,2026-02-22,EXECUTED,,83.83261350617424,42920.771057295045,500.0,803.8068236180234,431.0810163168093,1.0,Fase_3_100pct
2026-02-22,10:00,SPAIN 1,Getafe vs Sevilla,Lay_CS_0x1_B365,8.23,0.0,8.23,0.0,8.23,,2026-02-22,EXECUTED,,-803.8068236180234,42116.96423367702,500.0,500.0,-372.72580730121405,1.0,Fase_3_100pct
2026-02-22,11:30,SLOVAKIA 1,Ruzomberok vs Slovan Bratislava,Lay_CS_0x1_B365,9.03,1.0,9.03,1.0,9.03,,2026-02-22,EXECUTED,,58.21917808219179,42175.18341175921,500.0,558.2191780821918,-314.5066292190223,1.0,Fase_3_100pct
2026-02-23,16:45,FRANCE 2,Le Mans vs Guingamp,Lay_CS_0x1_B365,9.43,1.0,9.43,1.0,9.43,,2026-02-23,EXECUTED,,61.91398950259186,42237.0974012618,500.0,620.1331675847837,-252.59263971643043,1.0,Fase_3_100pct
2026-02-27,12:00,ROMANIA 1,FC Hermannstadt vs FC Botosani,Lay_CS_0x1_B365,8.23,1.0,8.23,1.0,8.23,,2026-02-27,EXECUTED,,80.19702789651076,42317.29442915831,500.0,700.3301954812945,-172.39561181991968,1.0,Fase_3_100pct
2026-02-27,15:30,FRANCE 3,Versailles vs Aubagne,Lay_CS_0x1_B365,9.43,1.0,9.43,1.0,9.43,,2026-02-27,EXECUTED,,77.67600626038083,42394.97043541869,500.0,778.0062017416753,-94.71960555953885,1.0,Fase_3_100pct
2026-02-27,16:00,FRANCE 2,Laval vs Nancy,Lay_CS_0x1_B365,8.03,1.0,8.03,1.0,8.03,,2026-02-27,EXECUTED,,103.47593152609767,42498.44636694479,500.0,881.482133267773,8.75632596655882,1.0,Fase_3_100pct
2026-02-28,11:00,ITALY 1,Como vs Lecce,Lay_CS_1x0_B365,6.23,1.0,6.23,1.0,6.23,,2026-02-28,EXECUTED,,157.58810604309133,42656.03447298788,500.0,500.0,166.34443200965015,1.0,Fase_3_100pct
2026-03-01,12:30,SWITZERLAND 1,Grasshoppers vs Lugano,Lay_CS_0x1_B365,8.63,1.0,8.63,1.0,8.63,,2026-03-01,EXECUTED,,61.271297509829616,42717.30577049771,500.0,561.2712975098297,227.61572951947977,1.0,Fase_3_100pct
2026-03-02,15:00,POLAND 1,Zaglebie vs Wisla Plock,Lay_CS_0x1_B365,10.53,1.0,10.53,1.0,10.53,,2026-03-02,EXECUTED,,55.06701607258036,42772.37278657029,500.0,616.33831358241,282.68274559206014,1.0,Fase_3_100pct
2026-03-05,16:30,EGYPT 1,Ceramica Cleopatra vs National Bank Egypt,Lay_CS_0x1_B365,10.03,1.0,10.03,1.0,10.03,,2026-03-05,EXECUTED,,63.817975991091195,42836.19076256138,500.0,680.1562895735012,346.50072158315135,1.0,Fase_3_100pct
2026-03-06,15:30,FRANCE 3,Stade Briochin vs Orleans,Lay_CS_0x1_B365,8.43,1.0,8.43,1.0,8.43,,2026-03-06,EXECUTED,,85.59167304861691,42921.782435609995,500.0,765.7479626221182,432.09239463176823,1.0,Fase_3_100pct
2026-03-06,20:30,CHILE 1,D. Concepcion vs Nublense,Lay_CS_0x1_B365,8.23,1.0,8.23,1.0,8.23,,2026-03-06,EXECUTED,,99.02826349262523,43020.81069910262,500.0,864.7762261147434,531.1206581243935,1.0,Fase_3_100pct
2026-03-08,08:15,POLAND 1,Motor Lublin vs Gornik Zabrze,Lay_CS_0x1_B365,10.53,1.0,10.53,1.0,10.53,,2026-03-08,EXECUTED,,84.84425723161439,43105.654956334234,500.0,949.6204833463578,615.9649153560079,1.0,Fase_3_100pct
2026-03-08,09:30,ROMANIA 1,Otelul vs FC Hermannstadt,Lay_CS_0x1_B365,10.03,1.0,10.03,1.0,10.03,,2026-03-08,EXECUTED,,98.32725934981669,43203.98221568405,500.0,500.0,714.2921747058246,1.0,Fase_3_100pct
2026-03-08,11:00,ITALY 1,Bologna vs Verona,Lay_CS_1x0_B365,6.83,1.0,6.83,1.0,6.83,,2026-03-08,EXECUTED,,80.18867924528303,43284.17089492934,500.0,580.1886792452831,794.4808539511075,1.0,Fase_3_100pct
2026-03-08,12:15,SPAIN 1,Getafe vs Betis,Lay_CS_0x1_B365,8.03,1.0,8.03,1.0,8.03,,2026-03-08,EXECUTED,,77.16591964357606,43361.33681457292,500.0,657.3545988888592,871.6467735946836,1.0,Fase_3_100pct
2026-03-09,15:00,ROMANIA 1,CFR Cluj vs Dinamo Bucuresti,Lay_CS_0x1_B365,10.03,1.0,10.03,1.0,10.03,,2026-03-09,EXECUTED,,68.06495569890183,43429.40177027182,500.0,725.419554587761,939.7117292935854,1.0,Fase_3_100pct
2026-03-09,16:45,FRANCE 2,Dunkerque vs Reims,Lay_CS_0x1_B365,9.23,1.0,9.23,1.0,9.23,,2026-03-09,EXECUTED,,82.41400772048075,43511.8157779923,500.0,807.8335623082418,1022.1257370140662,1.0,Fase_3_100pct
2026-03-12,19:00,BRAZIL 1,Remo vs Fluminense,Lay_CS_0x1_B365,8.63,1.0,8.63,1.0,8.63,,2026-03-12,EXECUTED,,98.99402106922753,43610.80979906153,500.0,906.8275833774693,1121.1197580832936,1.0,Fase_3_100pct
2026-03-13,08:35,CHINA 1,Wuhan Three Towns vs Dalian Yingbo,Lay_CS_0x1_B365,9.23,1.0,9.23,1.0,9.23,,2026-03-13,EXECUTED,,103.02354683571491,43713.83334589724,500.0,500.0,1224.1433049190086,1.0,Fase_3_100pct
2026-03-13,12:30,ROMANIA 1,UTA Arad vs FC Hermannstadt,Lay_CS_0x1_B365,10.53,1.0,10.53,1.0,10.53,,2026-03-13,EXECUTED,,49.055613850996856,43762.88895974824,500.0,549.0556138509969,1273.1989187700055,1.0,Fase_3_100pct
2026-03-13,16:00,FRANCE 2,Nancy vs Le Mans,Lay_CS_0x1_B365,8.43,1.0,8.43,1.0,8.43,,2026-03-13,EXECUTED,,69.09380874167996,43831.98276848992,500.0,618.1494225926768,1342.2927275116856,1.0,Fase_3_100pct
2026-03-14,10:00,SPAIN 1,Girona vs Ath Bilbao,Lay_CS_1x0_B365,10.03,1.0,10.03,1.0,10.03,,2026-03-14,EXECUTED,,64.00550499713765,43895.988273487055,500.0,682.1549275898145,1406.2982325088233,1.0,Fase_3_100pct
2026-03-15,08:30,ITALY 1,Verona vs Genoa,Lay_CS_1x0_B365,8.83,1.0,8.83,1.0,8.83,,2026-03-15,EXECUTED,,81.45783618090378,43977.44610966796,500.0,763.6127637707183,1487.756068689727,1.0,Fase_3_100pct
2026-03-15,10:30,NORWAY 1,Kristiansund vs Brann,Lay_CS_0x1_B365,9.43,1.0,9.43,1.0,9.43,,2026-03-15,EXECUTED,,84.69489135535251,44062.14100102331,500.0,848.3076551260708,1572.4509600450795,1.0,Fase_3_100pct
2026-03-16,16:30,SPAIN 2,Albacete vs Las Palmas,Lay_CS_0x1_B365,9.03,1.0,9.03,1.0,9.03,,2026-03-16,EXECUTED,,98.7755488845425,44160.91654990785,500.0,947.0832040106134,1671.226508929622,1.0,Fase_3_100pct
2026-03-16,18:00,CHILE 1,Union La Calera vs O'Higgins,Lay_CS_0x1_B365,8.83,1.0,8.83,1.0,8.83,,2026-03-16,EXECUTED,,113.09358821838104,44274.010138126236,500.0,500.0,1784.320097148003,1.0,Fase_3_100pct
2026-03-17,15:30,FRANCE 3,Stade Briochin vs Chateauroux,Lay_CS_0x1_B365,9.03,1.0,9.03,1.0,9.03,,2026-03-17,EXECUTED,,58.21917808219179,44332.229316208424,500.0,558.2191780821918,1842.5392752301948,1.0,Fase_3_100pct
2026-03-19,21:30,BRAZIL 1,Chapecoense-SC vs Corinthians,Lay_CS_0x1_B365,8.43,1.0,8.43,1.0,8.43,,2026-03-19,EXECUTED,,70.24696251774554,44402.47627872617,500.0,628.4661405999373,1912.7862377479403,1.0,Fase_3_100pct
2026-03-20,13:30,SLOVENIA 1,Aluminij vs Maribor,Lay_CS_0x1_B365,9.23,1.0,9.23,1.0,9.23,,2026-03-20,EXECUTED,,71.39925169634766,44473.87553042252,500.0,699.8653922962849,1984.185489444288,1.0,Fase_3_100pct
2026-03-20,15:30,FRANCE 3,Versailles vs Fleury-Merogis,Lay_CS_0x1_B365,8.83,1.0,8.83,1.0,8.83,,2026-03-20,EXECUTED,,83.57268733039928,44557.44821775292,1000.0,1000.0,67.75817677468694,1.0,Fase_3_100pct
2026-03-20,16:00,FRANCE 2,Boulogne vs Nancy,Lay_CS_0x1_B365,8.03,1.0,8.03,1.0,8.03,,2026-03-20,EXECUTED,,133.0014224751067,44690.44964022803,1000.0,1133.0014224751067,200.75959924979364,1.0,Fase_3_100pct
2026-03-23,18:30,PARAGUAY 1,Sportivo Trinidense vs Recoleta,Lay_CS_0x1_B365,10.53,1.0,10.53,1.0,10.53,,2026-03-23,EXECUTED,,111.16016054713798,44801.609800775164,1000.0,1244.1615830222447,311.9197597969316,1.0,Fase_3_100pct
2026-03-27,15:00,SPAIN 2,Cordoba vs Mirandes,Lay_CS_1x0_B365,9.83,1.0,9.83,1.0,9.83,,2026-03-27,EXECUTED,,131.7430441818572,44933.35284495702,1000.0,1375.9046272041019,443.6628039787888,1.0,Fase_3_100pct
2026-03-27,18:30,PARAGUAY 1,Nacional Asuncion vs Sp. Luqueno,Lay_CS_0x1_B365,10.03,1.0,10.03,1.0,10.03,,2026-03-27,EXECUTED,,142.46631521991532,45075.819160176936,1000.0,1518.3709424240171,586.1291191987041,1.0,Fase_3_100pct
2026-03-28,10:00,SPAIN 2,Ceuta vs Cadiz CF,Lay_CS_1x0_B365,8.63,1.0,8.63,1.0,8.63,,2026-03-28,EXECUTED,,186.06511548708465,45261.88427566402,1000.0,1704.4360579111017,772.1942346857887,1.0,Fase_3_100pct
2026-03-29,09:00,SPAIN 2,Eibar vs Las Palmas,Lay_CS_0x1_B365,8.63,1.0,8.63,1.0,8.63,,2026-03-29,EXECUTED,,208.8660175815046,45470.750293245525,1000.0,1913.3020754926063,981.0602522672933,1.0,Fase_3_100pct
2026-03-29,11:15,SPAIN 2,Cultural Leonesa vs Andorra,Lay_CS_0x1_B365,10.53,1.0,10.53,1.0,10.53,,2026-03-29,EXECUTED,,187.71641559135227,45658.46670883687,1000.0,1000.0,1168.7766678586456,1.0,Fase_3_100pct
2026-03-29,13:30,SPAIN 2,Zaragoza vs Racing Santander,Lay_CS_0x1_B365,11.03,1.0,11.03,1.0,11.03,,2026-03-29,EXECUTED,,93.22033898305087,45751.68704781993,1000.0,1093.2203389830509,1261.9970068416965,1.0,Fase_3_100pct
2026-03-29,16:00,SPAIN 2,Almeria vs Real Sociedad B,Lay_CS_1x0_B365,10.03,1.0,10.03,1.0,10.03,,2026-03-29,EXECUTED,,113.19612590799032,45864.88317372792,1000.0,1206.4164648910412,1375.1931327496868,1.0,Fase_3_100pct
2026-03-29,19:30,BRAZIL 1,Athletico-PR vs Botafogo RJ,Lay_CS_0x1_B365,10.53,1.0,10.53,1.0,10.53,,2026-03-29,EXECUTED,,118.36300049035924,45983.24617421828,1000.0,1324.7794653814003,1493.5561332400462,1.0,Fase_3_100pct
2026-03-31,14:00,SPAIN 2,Mirandes vs Albacete,Lay_CS_0x1_B365,10.03,1.0,10.03,1.0,10.03,,2026-03-31,EXECUTED,,137.1726245992923,46120.41879881757,1000.0,1461.9520899806926,1630.7287578393384,1.0,Fase_3_100pct
2026-03-31,16:30,SPAIN 2,Valladolid vs Cadiz CF,Lay_CS_1x0_B365,7.23,1.0,7.23,1.0,7.23,,2026-03-31,EXECUTED,,219.41014512551325,46339.82894394308,1000.0,1681.3622351062058,1850.1389029648517,1.0,Fase_3_100pct
2026-03-31,18:30,BRAZIL 2,Juventude vs Novorizontino,Lay_CS_0x1_B365,10.03,1.0,10.03,1.0,10.03,,2026-03-31,EXECUTED,,174.09453929394272,46513.92348323702,1000.0,1855.4567744001486,2024.2334422587944,1.0,Fase_3_100pct
2026-04-01,14:00,SPAIN 2,Andorra vs Malaga,Lay_CS_1x0_B365,9.63,1.0,9.63,1.0,9.63,,2026-04-01,EXECUTED,,201.02573395876465,46714.94921719578,1000.0,1000.0,2225.259176217559,1.0,Fase_3_100pct
2026-04-02,19:00,BRAZIL 1,Chapecoense-SC vs Atletico-MG,Lay_CS_0x1_B365,8.23,1.0,8.23,1.0,8.23,,2026-04-02,EXECUTED,,129.3222683264177,46844.2714855222,1000.0,1129.3222683264178,2354.5814445439764,1.0,Fase_3_100pct
2026-04-02,21:30,BRAZIL 1,Bragantino vs Flamengo RJ,Lay_CS_0x1_B365,8.43,1.0,8.43,1.0,8.43,,2026-04-02,EXECUTED,,142.1152518015075,46986.38673732371,1000.0,1271.4375201279254,2496.696696345484,1.0,Fase_3_100pct
2026-04-03,10:00,SWEDEN 2,Helsingborg vs Oster,Lay_CS_0x1_B365,8.03,1.0,8.03,1.0,8.03,,2026-04-03,EXECUTED,,169.1029987652362,47155.489736088944,1000.0,1440.5405188931616,2665.79969511072,1.0,Fase_3_100pct
2026-04-04,09:00,SPAIN 1,Real Sociedad vs Levante,Lay_CS_1x0_B365,9.03,1.0,9.03,1.0,9.03,,2026-04-04,EXECUTED,,167.73417000810787,47323.22390609705,1000.0,1608.2746889012694,2833.533865118828,1.0,Fase_3_100pct
2026-04-05,07:00,SPAIN 3,Arenteiro vs Arenas Getxo,Lay_CS_0x1_B365,8.03,1.0,8.03,1.0,8.03,,2026-04-05,EXECUTED,,213.90282135457855,47537.12672745163,1000.0,1822.177510255848,3047.4366864734066,1.0,Fase_3_100pct
2026-04-05,08:30,GERMANY 3,Ulm vs Verl,Lay_CS_0x1_B365,11.03,1.0,11.03,1.0,11.03,,2026-04-05,EXECUTED,,169.86400519334177,47706.99073264497,1000.0,1992.0415154491898,3217.300691666748,1.0,Fase_3_100pct
2026-04-05,08:35,CHINA 1,Tianjin Jinmen Tiger vs Shanghai Shenhua,Lay_CS_0x1_B365,9.63,1.0,9.63,1.0,9.63,,2026-04-05,EXECUTED,,215.82373313383457,47922.8144657788,1000.0,1000.0,3433.124424800583,1.0,Fase_3_100pct
2026-04-05,09:30,AUSTRIA 1,Hartberg vs Salzburg,Lay_CS_0x1_B365,8.53,1.0,8.53,1.0,8.53,,2026-04-05,EXECUTED,,124.16998671978754,48046.98445249859,1000.0,1124.1699867197876,3557.2944115203704,1.0,Fase_3_100pct
2026-04-05,11:15,SPAIN 1,Valencia vs Celta Vigo,Lay_CS_1x0_B365,8.23,1.0,8.23,1.0,8.23,,2026-04-05,EXECUTED,,145.3802126670818,48192.364665165675,1000.0,1269.5501993868695,3702.674624187452,1.0,Fase_3_100pct
2026-04-06,07:15,POLAND 1,Termalica B-B. vs Piast Gliwice,Lay_CS_0x1_B365,9.03,1.0,9.03,1.0,9.03,,2026-04-06,EXECUTED,,147.8243382847725,48340.18900345045,1000.0,1417.374537671642,3850.498962472225,1.0,Fase_3_100pct
2026-04-06,10:00,ITALY 2,Catanzaro vs Monza,Lay_CS_0x1_B365,8.53,1.0,8.53,1.0,8.53,,2026-04-06,EXECUTED,,175.99537751965278,48516.1843809701,2000.0,2000.0,26.494339991877496,1.0,Fase_3_100pct
2026-04-06,12:00,NORWAY 1,HamKam vs Brann,Lay_CS_0x1_B365,8.53,1.0,8.53,1.0,8.53,,2026-04-06,EXECUTED,,248.3399734395751,48764.524354409674,2000.0,2248.3399734395753,274.8343134314526,1.0,Fase_3_100pct
2026-04-07,10:45,CROATIA 1,Vukovar 1991 vs Lok. Zagreb,Lay_CS_0x1_B365,8.53,1.0,8.53,1.0,8.53,,2026-04-07,EXECUTED,,279.1763446435595,49043.70069905323,2000.0,2527.5163180831346,554.0106580750121,1.0,Fase_3_100pct
2026-04-07,14:00,GERMANY 3,Duisburg vs VfL Osnabruck,Lay_CS_0x1_B365,8.23,1.0,8.23,1.0,8.23,,2026-04-07,EXECUTED,,326.8641434865465,49370.56484253978,2000.0,2854.380461569681,880.8748015615586,1.0,Fase_3_100pct
2026-04-07,15:45,ENGLAND 3,Port Vale vs Rotherham,Lay_CS_0x1_B365,8.03,1.0,8.03,1.0,8.03,,2026-04-07,EXECUTED,,379.6366616739192,49750.2015042137,2000.0,3234.0171232436,1260.5114632354778,1.0,Fase_3_100pct
2026-04-09,23:00,COPA LIBERTADORES,Santa Fe (Col) vs Penarol (Uru),Lay_CS_0x1_B365,8.03,1.0,8.03,1.0,8.03,,2026-04-09,EXECUTED,,430.1288777002513,50180.33038191395,2000.0,3664.1460009438515,1690.640340935729,1.0,Fase_3_100pct
2026-04-12,08:30,ESTONIA 1,Tammeka vs Paide,Lay_CS_0x1_B365,8.53,1.0,8.53,1.0,8.53,,2026-04-12,EXECUTED,,454.97696027656065,50635.30734219051,2000.0,2000.0,2145.6173012122895,1.0,Fase_3_100pct
