Data,Horário,Liga,Mandante,Visitante,Odd,Prob,Resp,Stake,Resultado,Lucro_RS,Estratégia,Unnamed: 12,Arquivo,Odd_Range
2026-07-01,13:00,WORLD WORLD CUP,England,DR Congo,13.0,94.7%,R$ 200.00,R$ 16.67,GREEN,,XGBoost (Lay 0x0),1,sinais_lay0x0_gestao_2026-07-01.xlsx,"(10, 15]"
2026-07-01,17:00,WORLD WORLD CUP,Belgium,Senegal,13.5,93.8%,R$ 200.00,R$ 16.00,GREEN,,XGBoost (Lay 0x0),1,sinais_lay0x0_gestao_2026-07-01.xlsx,"(10, 15]"
2026-07-01,21:00,WORLD WORLD CUP,USA,Bosnia,19.0,98.5%,R$ 200.00,R$ 11.11,GREEN,,XGBoost (Lay 0x0),1,sinais_lay0x0_gestao_2026-07-01.xlsx,"(15, 20]"
2026-07-02,16:00,WORLD WORLD CUP,Spain,Austria,20.0,99.5%,200,10.53,GREEN,,XGBoost (Lay 0x0),1,sinais_lay0x0_gestao_2026-07-02.xlsx,"(15, 20]"
2026-07-02,21:00,BRAZIL 2,Fortaleza EC,Ponte Preta,20.0,96.2%,200,10.53,GREEN,,XGBoost (Lay 0x0),1,sinais_lay0x0_gestao_2026-07-02.xlsx,"(15, 20]"
2026-07-03,00:00,WORLD WORLD CUP,Switzerland,Algeria,11.5,98.5%,200,19.05,GREEN,,XGBoost (Lay 0x0),1,sinais_lay0x0_gestao_2026-07-03.xlsx,"(10, 15]"
2026-07-03,09:00,CHINA 1,Yunnan Yukun,Henan Songshan Longmen,30.0,98.8%,200,6.9,GREEN,,XGBoost (Lay 0x0),1,sinais_lay0x0_gestao_2026-07-03.xlsx,"(20, 30]"
2026-07-03,13:00,NORWAY 2,Raufoss,Strommen,23.0,99.9%,200,9.09,GREEN,,XGBoost (Lay 0x0),1,sinais_lay0x0_gestao_2026-07-03.xlsx,"(20, 30]"
2026-07-03,15:45,IRELAND 2,Bray Wanderers,Athlone Town,23.0,98.5%,200,9.09,GREEN,,XGBoost (Lay 0x0),1,sinais_lay0x0_gestao_2026-07-03.xlsx,"(20, 30]"
2026-07-03,15:45,IRELAND 2,Cobh Ramblers,Cork City,16.5,95.5%,200,12.9,GREEN,,XGBoost (Lay 0x0),1,sinais_lay0x0_gestao_2026-07-03.xlsx,"(15, 20]"
2026-07-03,15:45,IRELAND 2,Finn Harps,Wexford F.C,18.5,95.5%,200,11.43,GREEN,,XGBoost (Lay 0x0),1,sinais_lay0x0_gestao_2026-07-03.xlsx,"(15, 20]"
2026-07-03,15:45,IRELAND 2,Treaty United,Kerry FC,18.5,95.5%,200,11.43,GREEN,,XGBoost (Lay 0x0),1,sinais_lay0x0_gestao_2026-07-03.xlsx,"(15, 20]"
2026-07-03,15:45,IRELAND 1,Derry City,Waterford,22.0,97.3%,200,9.52,GREEN,,XGBoost (Lay 0x0),1,sinais_lay0x0_gestao_2026-07-03.xlsx,"(20, 30]"
2026-07-03,15:45,IRELAND 1,Drogheda,Bohemians,15.0,94.3%,200,14.29,GREEN,,XGBoost (Lay 0x0),1,sinais_lay0x0_gestao_2026-07-03.xlsx,"(10, 15]"
2026-07-03,15:45,IRELAND 1,Shelbourne,Dundalk,21.0,96.6%,200,10.0,GREEN,,XGBoost (Lay 0x0),1,sinais_lay0x0_gestao_2026-07-03.xlsx,"(20, 30]"
2026-07-03,15:45,IRELAND 1,Sligo Rovers,Shamrock Rovers,17.0,98.8%,200,12.5,GREEN,,XGBoost (Lay 0x0),1,sinais_lay0x0_gestao_2026-07-03.xlsx,"(15, 20]"
2026-07-03,21:00,ECUADOR 1,Independiente (Ecu),Manta FC,23.0,96.2%,200,9.09,GREEN,,XGBoost (Lay 0x0),1,sinais_lay0x0_gestao_2026-07-03.xlsx,"(20, 30]"
2026-07-03,22:30,WORLD WORLD CUP,Colombia,Ghana,12.5,97.2%,200,17.39,GREEN,,XGBoost (Lay 0x0),1,sinais_lay0x0_gestao_2026-07-03.xlsx,"(10, 15]"
2026-07-04,08:00,CHINA 1,Ningbo Professional,Shijiazhuang Gongfu FC,11.5,97.6%,200,19.05,GREEN,,XGBoost (Lay 0x0),1,sinais_lay0x0_gestao_2026-07-04.xlsx,"(10, 15]"
2026-07-04,08:00,CHINA 1,Shaanxi Union FC,Wuxi Wugou,13.0,99.5%,200,16.67,GREEN,,XGBoost (Lay 0x0),1,sinais_lay0x0_gestao_2026-07-04.xlsx,"(10, 15]"
2026-07-04,08:00,CHINA 1,Suzhou Dongwu,Guangdong GZ-Power FC,17.0,98.5%,200,12.5,GREEN,,XGBoost (Lay 0x0),1,sinais_lay0x0_gestao_2026-07-04.xlsx,"(15, 20]"
2026-07-04,08:00,CHINA 1,Liaoning Tieren FC,Chongqing Tonglianglong,15.5,98.5%,200,13.79,GREEN,,XGBoost (Lay 0x0),1,sinais_lay0x0_gestao_2026-07-04.xlsx,"(15, 20]"
2026-07-04,08:35,CHINA 1,Dalian Yingbo,Wuhan Three Towns,20.0,97.6%,200,10.53,GREEN,,XGBoost (Lay 0x0),1,sinais_lay0x0_gestao_2026-07-04.xlsx,"(15, 20]"
2026-07-04,09:00,CHINA 1,Tianjin Jinmen Tiger FC,Shenzhen Peng City,18.0,98.7%,200,11.76,GREEN,,XGBoost (Lay 0x0),1,sinais_lay0x0_gestao_2026-07-04.xlsx,"(15, 20]"
2026-07-04,09:00,FINLAND 1,Lahti,Gnistan,16.5,97.6%,200,12.9,GREEN,,XGBoost (Lay 0x0),1,sinais_lay0x0_gestao_2026-07-04.xlsx,"(15, 20]"
2026-07-04,09:00,NORWAY 2,Egersund,Moss,32.0,98.5%,200,6.45,GREEN,,XGBoost (Lay 0x0),1,sinais_lay0x0_gestao_2026-07-04.xlsx,"(30, 40]"
2026-07-04,10:00,SWEDEN 1,Degerfors,Malmo FF,17.0,97.6%,200,12.5,GREEN,,XGBoost (Lay 0x0),1,sinais_lay0x0_gestao_2026-07-04.xlsx,"(15, 20]"
2026-07-04,10:00,SWEDEN 1,Halmstads,Vasteras SK,16.5,96.0%,200,12.9,GREEN,,XGBoost (Lay 0x0),1,sinais_lay0x0_gestao_2026-07-04.xlsx,"(15, 20]"
2026-07-04,11:00,FINLAND 1,Jaro,Ilves,23.0,100.0%,200,9.09,GREEN,,XGBoost (Lay 0x0),1,sinais_lay0x0_gestao_2026-07-04.xlsx,"(20, 30]"
2026-07-04,11:00,FINLAND 1,SJK,TPS,21.0,98.7%,200,10.0,GREEN,,XGBoost (Lay 0x0),1,sinais_lay0x0_gestao_2026-07-04.xlsx,"(20, 30]"
2026-07-04,11:00,ICELAND 1,IA Akranes,Breidablik,70.0,99.5%,200,2.9,GREEN,,XGBoost (Lay 0x0),1,sinais_lay0x0_gestao_2026-07-04.xlsx,"(50, 100]"
2026-07-04,11:00,NORWAY 2,Hodd,Stromsgodset,44.0,98.8%,200,4.65,GREEN,,XGBoost (Lay 0x0),1,sinais_lay0x0_gestao_2026-07-04.xlsx,"(40, 50]"
2026-07-04,12:00,FINLAND 1,VPS,IFK Mariehamn,26.0,98.5%,200,8.0,GREEN,,XGBoost (Lay 0x0),1,sinais_lay0x0_gestao_2026-07-04.xlsx,"(20, 30]"
2026-07-04,13:00,NORWAY 2,Bryne,Sandnes Ulf,29.0,98.5%,200,7.14,GREEN,,XGBoost (Lay 0x0),1,sinais_lay0x0_gestao_2026-07-04.xlsx,"(20, 30]"
2026-07-04,14:00,WORLD WORLD CUP,Canada,Morocco,10.5,97.6%,200,21.05,GREEN,,XGBoost (Lay 0x0),1,sinais_lay0x0_gestao_2026-07-04.xlsx,"(10, 15]"
2026-07-04,16:00,BRAZIL 2,Criciuma,Sport Recife,10.5,93.8%,200,21.05,GREEN,,XGBoost (Lay 0x0),1,sinais_lay0x0_gestao_2026-07-04.xlsx,"(10, 15]"
2026-07-04,16:00,BRAZIL 2,Londrina,CRB,12.0,97.2%,200,18.18,GREEN,,XGBoost (Lay 0x0),1,sinais_lay0x0_gestao_2026-07-04.xlsx,"(10, 15]"
2026-07-04,16:00,BRAZIL 2,Novorizontino,Atletico GO,12.5,94.7%,200,17.39,GREEN,,XGBoost (Lay 0x0),1,sinais_lay0x0_gestao_2026-07-04.xlsx,"(10, 15]"
2026-07-04,16:00,ECUADOR 1,Libertad FC,CD Leones del Norte,10.5,96.2%,200,21.05,GREEN,,XGBoost (Lay 0x0),1,sinais_lay0x0_gestao_2026-07-04.xlsx,"(10, 15]"
2026-07-04,17:00,USA 1,Indy Eleven,Charleston Battery,19.5,100.0%,200,10.81,GREEN,,XGBoost (Lay 0x0),1,sinais_lay0x0_gestao_2026-07-04.xlsx,"(15, 20]"
2026-07-04,20:00,BRAZIL 2,Goias,Ceara SC Fortaleza,11.0,93.8%,200,20.0,GREEN,,XGBoost (Lay 0x0),1,sinais_lay0x0_gestao_2026-07-04.xlsx,"(10, 15]"
2026-07-04,21:00,ECUADOR 1,Barcelona (Ecu),Deportivo Cuenca,13.5,95.5%,200,16.0,GREEN,,XGBoost (Lay 0x0),1,sinais_lay0x0_gestao_2026-07-04.xlsx,"(10, 15]"
2026-07-04,22:00,USA 1,San Antonio FC,Monterey Bay FC,14.0,98.7%,200,15.38,RED,,XGBoost (Lay 0x0),0,sinais_lay0x0_gestao_2026-07-04.xlsx,"(10, 15]"
2026-07-04,22:30,USA 1,New Mexico United,Oakland Roots,22.0,100.0%,200,9.52,GREEN,,XGBoost (Lay 0x0),1,sinais_lay0x0_gestao_2026-07-04.xlsx,"(20, 30]"
2026-07-05,08:00,CHINA 1,Qingdao Hainiu,Chengdu Rongcheng,26.0,96.5%,200,8.0,GREEN,,XGBoost (Lay 0x0),1,sinais_lay0x0_gestao_2026-07-05.xlsx,"(20, 30]"
2026-07-05,08:30,CHINA 1,Guangxi Hengchen,Dalian Kun City FC,17.0,98.7%,200,12.5,GREEN,,XGBoost (Lay 0x0),1,sinais_lay0x0_gestao_2026-07-05.xlsx,"(15, 20]"
2026-07-05,08:30,CHINA 1,Meizhou Hakka,Changchun Yatai,22.0,100.0%,200,9.52,GREEN,,XGBoost (Lay 0x0),1,sinais_lay0x0_gestao_2026-07-05.xlsx,"(20, 30]"
2026-07-05,08:30,CHINA 1,Nanjing City,Foshan Nanshi FC,12.5,98.5%,200,17.39,GREEN,,XGBoost (Lay 0x0),1,sinais_lay0x0_gestao_2026-07-05.xlsx,"(10, 15]"
2026-07-05,09:00,SWEDEN 1,IFK Goteborg,AIK,19.5,98.5%,200,10.81,GREEN,,XGBoost (Lay 0x0),1,sinais_lay0x0_gestao_2026-07-05.xlsx,"(15, 20]"
2026-07-05,09:00,SWEDEN 1,Kalmar FF,Orgryte,28.0,97.6%,200,7.41,GREEN,,XGBoost (Lay 0x0),1,sinais_lay0x0_gestao_2026-07-05.xlsx,"(20, 30]"
2026-07-05,11:30,SWEDEN 1,Elfsborg,Hammarby,19.0,97.2%,200,11.11,GREEN,,XGBoost (Lay 0x0),1,sinais_lay0x0_gestao_2026-07-05.xlsx,"(15, 20]"
2026-07-05,13:00,ESTONIA 1,Tammeka Tartu,Harju JK Laagri,23.0,99.5%,200,9.09,GREEN,,XGBoost (Lay 0x0),1,sinais_lay0x0_gestao_2026-07-05.xlsx,"(20, 30]"
2026-07-05,20:00,USA 1,Miami FC,Birmingham Legion FC,21.0,97.6%,200,10.0,GREEN,,XGBoost (Lay 0x0),1,sinais_lay0x0_gestao_2026-07-05.xlsx,"(20, 30]"
2026-07-06,14:00,SWEDEN 1,Brommapojkarna,GAIS,17.0,98.8%,200,12.5,GREEN,,XGBoost (Lay 0x0),1,sinais_lay0x0_gestao_2026-07-06.xlsx,"(15, 20]"
2026-07-06,16:15,ICELAND 1,Keflavik,Fram,48.0,98.8%,200,4.26,GREEN,,XGBoost (Lay 0x0),1,sinais_lay0x0_gestao_2026-07-06.xlsx,"(40, 50]"
2026-07-06,19:00,BRAZIL 2,Botafogo SP,Avai,10.5,95.5%,200,21.05,GREEN,,XGBoost (Lay 0x0),1,sinais_lay0x0_gestao_2026-07-06.xlsx,"(10, 15]"
2026-07-06,19:00,BRAZIL 2,Vila Nova,Sao Bernardo,10.5,98.7%,200,21.05,GREEN,,XGBoost (Lay 0x0),1,sinais_lay0x0_gestao_2026-07-06.xlsx,"(10, 15]"
2026-07-06,21:00,WORLD WORLD CUP,USA,Belgium,16.5,96.2%,200,12.9,GREEN,,XGBoost (Lay 0x0),1,sinais_lay0x0_gestao_2026-07-06.xlsx,"(15, 20]"
2026-07-07,13:00,WORLD WORLD CUP,Argentina,Egypt,14.0,96.2%,200,15.38,GREEN,,XGBoost (Lay 0x0),1,sinais_lay0x0_gestao_2026-07-07.xlsx,"(10, 15]"
2026-07-07,21:00,ECUADOR 1,Aucas,Guayaquil City,18.5,97.2%,200,11.43,GREEN,,XGBoost (Lay 0x0),1,sinais_lay0x0_gestao_2026-07-07.xlsx,"(15, 20]"
2026-07-08,20:00,BRAZIL 2,Ponte Preta,Criciuma,11.5,98.5%,200,19.05,GREEN,,XGBoost (Lay 0x0),1,sinais_lay0x0_gestao_2026-07-08.xlsx,"(10, 15]"
2026-07-08,20:00,USA 1,Hartford Athletic FC,Orange County Blues,17.0,100.0%,200,12.5,GREEN,,XGBoost (Lay 0x0),1,sinais_lay0x0_gestao_2026-07-08.xlsx,"(15, 20]"
2026-07-08,23:30,USA 1,Sacramento Republic,Rhode Island FC,12.5,99.5%,200,17.39,GREEN,,XGBoost (Lay 0x0),1,sinais_lay0x0_gestao_2026-07-08.xlsx,"(10, 15]"
2026-07-09,21:00,BOLIVIA 1,Nacional Potosi,Aurora,26.0,96.5%,200,8,GREEN,,XGBoost (Lay 0x0),1,sinais_lay0x0_gestao_2026-07-09.xlsx,"(20, 30]"
2026-07-10,13:00,ESTONIA 1,Harju JK Laagri,Trans Narva,23.0,98.6%,200,9.09,GREEN,,XGBoost (Lay 0x0),1,sinais_lay0x0_gestao_2026-07-10.xlsx,"(20, 30]"
2026-07-10,13:00,FINLAND 1,VPS,SJK,23.0,98.7%,200,9.09,GREEN,,XGBoost (Lay 0x0),1,sinais_lay0x0_gestao_2026-07-10.xlsx,"(20, 30]"
2026-07-10,15:45,IRELAND 2,Athlone Town,Cobh Ramblers,18.0,98.7%,200,11.76,GREEN,,XGBoost (Lay 0x0),1,sinais_lay0x0_gestao_2026-07-10.xlsx,"(15, 20]"
2026-07-10,15:45,IRELAND 2,Wexford F.C,Kerry FC,12.5,97.6%,200,17.39,GREEN,,XGBoost (Lay 0x0),1,sinais_lay0x0_gestao_2026-07-10.xlsx,"(10, 15]"
2026-07-10,16:00,IRELAND 1,Waterford,St Patricks,24.0,98.5%,200,8.7,GREEN,,XGBoost (Lay 0x0),1,sinais_lay0x0_gestao_2026-07-10.xlsx,"(20, 30]"
2026-07-10,19:00,ECUADOR 1,CD Leones del Norte,Univ Catolica (Ecu),13.0,97.2%,200,16.67,GREEN,,XGBoost (Lay 0x0),1,sinais_lay0x0_gestao_2026-07-10.xlsx,"(10, 15]"
2026-07-10,19:00,URUGUAY 1,Deportivo Maldonado,Albion FC,13.0,98.5%,200,16.67,GREEN,,XGBoost (Lay 0x0),1,sinais_lay0x0_gestao_2026-07-10.xlsx,"(10, 15]"
2026-07-11,07:00,CHINA 1,Yanbian Longding,Suzhou Dongwu,13.5,98.8%,200,16.0,GREEN,,XGBoost (Lay 0x0),1,sinais_lay0x0_gestao_2026-07-11.xlsx,"(10, 15]"
2026-07-11,08:00,CHINA 1,Dalian Kun City FC,Nanjing City,12.5,99.5%,200,17.39,GREEN,,XGBoost (Lay 0x0),1,sinais_lay0x0_gestao_2026-07-11.xlsx,"(10, 15]"
2026-07-11,08:00,CHINA 1,Shaanxi Union FC,Meizhou Hakka,22.0,97.6%,200,9.52,GREEN,,XGBoost (Lay 0x0),1,sinais_lay0x0_gestao_2026-07-11.xlsx,"(20, 30]"
2026-07-11,08:30,CHINA 1,Guangdong GZ-Power FC,Shijiazhuang Gongfu FC,18.5,97.6%,200,11.43,GREEN,,XGBoost (Lay 0x0),1,sinais_lay0x0_gestao_2026-07-11.xlsx,"(15, 20]"
2026-07-11,08:30,ESTONIA 1,Parnu JK Vaprus,Tammeka Tartu,19.0,99.5%,200,11.11,GREEN,,XGBoost (Lay 0x0),1,sinais_lay0x0_gestao_2026-07-11.xlsx,"(15, 20]"
2026-07-11,09:00,CHINA 1,Chengdu Rongcheng,Chongqing Tonglianglong,27.0,97.2%,200,7.69,GREEN,,XGBoost (Lay 0x0),1,sinais_lay0x0_gestao_2026-07-11.xlsx,"(20, 30]"
2026-07-11,09:00,NORWAY 1,Fredrikstad,Lillestrom,18.5,98.8%,200,11.43,GREEN,,XGBoost (Lay 0x0),1,sinais_lay0x0_gestao_2026-07-11.xlsx,"(15, 20]"
2026-07-11,10:00,SWEDEN 1,Mjallby,AIK,18.0,99.5%,200,11.76,GREEN,,XGBoost (Lay 0x0),1,sinais_lay0x0_gestao_2026-07-11.xlsx,"(15, 20]"
2026-07-11,11:00,ESTONIA 1,Nomme Utd,Kuressaare,29.0,99.5%,200,7.14,GREEN,,XGBoost (Lay 0x0),1,sinais_lay0x0_gestao_2026-07-11.xlsx,"(20, 30]"
2026-07-11,11:00,FINLAND 1,TPS,AC Oulu,16.5,96.2%,200,12.9,GREEN,,XGBoost (Lay 0x0),1,sinais_lay0x0_gestao_2026-07-11.xlsx,"(15, 20]"
2026-07-11,11:00,NORWAY 1,Aalesunds,Molde,25.0,98.8%,200,8.33,GREEN,,XGBoost (Lay 0x0),1,sinais_lay0x0_gestao_2026-07-11.xlsx,"(20, 30]"
2026-07-11,12:30,SWEDEN 1,Orgryte,Hacken,34.0,100.0%,200,6.06,GREEN,,XGBoost (Lay 0x0),1,sinais_lay0x0_gestao_2026-07-11.xlsx,"(30, 40]"
2026-07-11,13:00,IRELAND 1,Galway Utd,Sligo Rovers,19.5,96.2%,200,10.81,GREEN,,XGBoost (Lay 0x0),1,sinais_lay0x0_gestao_2026-07-11.xlsx,"(15, 20]"
2026-07-11,13:00,NORWAY 1,Tromso,Valerenga,17.5,97.2%,200,12.12,GREEN,,XGBoost (Lay 0x0),1,sinais_lay0x0_gestao_2026-07-11.xlsx,"(15, 20]"
2026-07-11,15:00,URUGUAY 1,Danubio,Nacional (Uru),12.0,99.5%,200,18.18,RED,,XGBoost (Lay 0x0),0,sinais_lay0x0_gestao_2026-07-11.xlsx,"(10, 15]"
2026-07-11,16:00,BRAZIL 4,Portuguesa SP,Marcilio,12.0,96.2%,200,18.18,GREEN,,XGBoost (Lay 0x0),1,sinais_lay0x0_gestao_2026-07-11.xlsx,"(10, 15]"
2026-07-11,16:10,ECUADOR 1,Mushuc Runa,Independiente (Ecu),15.0,96.2%,200,14.29,GREEN,,XGBoost (Lay 0x0),1,sinais_lay0x0_gestao_2026-07-11.xlsx,"(10, 15]"
2026-07-11,18:00,BRAZIL 4,XV De Piracicaba,Cianorte PR,11.0,96.2%,200,20.0,RED,,XGBoost (Lay 0x0),0,sinais_lay0x0_gestao_2026-07-11.xlsx,"(10, 15]"
2026-07-11,18:00,URUGUAY 1,Wanderers (Uru),Progreso,11.0,97.6%,200,20.0,GREEN,,XGBoost (Lay 0x0),1,sinais_lay0x0_gestao_2026-07-11.xlsx,"(10, 15]"
2026-07-12,09:00,SWEDEN 1,Hammarby,Kalmar FF,34.0,98.5%,200,6.06,GREEN,,XGBoost (Lay 0x0),1,sinais_lay0x0_gestao_2026-07-12.xlsx,"(30, 40]"
2026-07-12,09:00,SWEDEN 1,Malmo FF,IFK Goteborg,22.0,99.8%,200,9.52,GREEN,,XGBoost (Lay 0x0),1,sinais_lay0x0_gestao_2026-07-12.xlsx,"(20, 30]"
2026-07-12,09:00,SWEDEN 1,Vasteras SK,Degerfors,15.0,97.2%,200,14.29,GREEN,,XGBoost (Lay 0x0),1,sinais_lay0x0_gestao_2026-07-12.xlsx,"(10, 15]"
2026-07-12,09:30,NORWAY 1,Kfum Oslo,Bodo Glimt,32.0,100.0%,200,6.45,GREEN,,XGBoost (Lay 0x0),1,sinais_lay0x0_gestao_2026-07-12.xlsx,"(30, 40]"
2026-07-12,11:30,SWEDEN 1,Brommapojkarna,Sirius,27.0,100.0%,200,7.69,GREEN,,XGBoost (Lay 0x0),1,sinais_lay0x0_gestao_2026-07-12.xlsx,"(20, 30]"
2026-07-12,11:30,SWEDEN 1,GAIS,Elfsborg,15.5,100.0%,200,13.79,GREEN,,XGBoost (Lay 0x0),1,sinais_lay0x0_gestao_2026-07-12.xlsx,"(15, 20]"
2026-07-12,12:00,NORWAY 1,Rosenborg,Kristiansund,22.0,97.2%,200,9.52,GREEN,,XGBoost (Lay 0x0),1,sinais_lay0x0_gestao_2026-07-12.xlsx,"(20, 30]"
2026-07-12,12:00,NORWAY 1,Sandefjord,Ham-Kam,19.0,99.5%,200,11.11,GREEN,,XGBoost (Lay 0x0),1,sinais_lay0x0_gestao_2026-07-12.xlsx,"(15, 20]"
2026-07-12,14:15,NORWAY 1,Sarpsborg,Viking,36.0,100.0%,200,5.71,GREEN,,XGBoost (Lay 0x0),1,sinais_lay0x0_gestao_2026-07-12.xlsx,"(30, 40]"
2026-07-12,15:00,ICELAND 1,KA Akureyri,IA Akranes,36.0,98.8%,200,5.71,GREEN,,XGBoost (Lay 0x0),1,sinais_lay0x0_gestao_2026-07-12.xlsx,"(30, 40]"
2026-07-12,15:00,URUGUAY 1,Boston River,Central Espanol,11.5,96.5%,200,19.05,RED,,XGBoost (Lay 0x0),0,sinais_lay0x0_gestao_2026-07-12.xlsx,"(10, 15]"
2026-07-12,16:00,BOLIVIA 1,Real Potosi,Nacional Potosi,18.5,96.5%,200,11.43,GREEN,,XGBoost (Lay 0x0),1,sinais_lay0x0_gestao_2026-07-12.xlsx,"(15, 20]"
2026-07-12,16:00,BRAZIL 2,Avai,Nautico PE,12.0,98.7%,200,18.18,GREEN,,XGBoost (Lay 0x0),1,sinais_lay0x0_gestao_2026-07-12.xlsx,"(10, 15]"
2026-07-12,16:00,BRAZIL 4,ABC RN,Aguia de Maraba,17.0,96.5%,200,12.5,GREEN,,XGBoost (Lay 0x0),1,sinais_lay0x0_gestao_2026-07-12.xlsx,"(15, 20]"
2026-07-12,16:00,BRAZIL 4,AD Iguatu,Maguary,11.5,96.0%,200,19.05,GREEN,,XGBoost (Lay 0x0),1,sinais_lay0x0_gestao_2026-07-12.xlsx,"(10, 15]"
2026-07-12,17:00,BRAZIL 4,Asa AL,Ivinhema FC,14.0,98.7%,200,15.38,GREEN,,XGBoost (Lay 0x0),1,sinais_lay0x0_gestao_2026-07-12.xlsx,"(10, 15]"
2026-07-12,17:00,BRAZIL 4,Ferroviario,Imperatriz MA,12.5,97.2%,200,17.39,GREEN,,XGBoost (Lay 0x0),1,sinais_lay0x0_gestao_2026-07-12.xlsx,"(10, 15]"
2026-07-12,17:05,ICELAND 1,Hafnarfjordur,Valur,34.0,98.7%,200,6.06,GREEN,,XGBoost (Lay 0x0),1,sinais_lay0x0_gestao_2026-07-12.xlsx,"(30, 40]"
2026-07-12,18:00,BRAZIL 2,Atletico GO,Fortaleza EC,11.0,98.5%,200,20.0,GREEN,,XGBoost (Lay 0x0),1,sinais_lay0x0_gestao_2026-07-12.xlsx,"(10, 15]"
2026-07-12,18:00,BRAZIL 4,Guapore RO,Luverdense,10.5,96.5%,200,21.05,RED,,XGBoost (Lay 0x0),0,sinais_lay0x0_gestao_2026-07-12.xlsx,"(10, 15]"
2026-07-12,19:00,BRAZIL 2,CRB,Goias,12.5,97.2%,200,17.39,GREEN,,XGBoost (Lay 0x0),1,sinais_lay0x0_gestao_2026-07-12.xlsx,"(10, 15]"
2026-07-13,08:00,CHINA 1,Ningbo Professional,Foshan Nanshi FC,16.0,98.5%,200,13.33,GREEN,,XGBoost (Lay 0x0),1,sinais_lay0x0_gestao_2026-07-13.xlsx,"(15, 20]"
2026-07-13,14:00,SWEDEN 1,Djurgardens,Halmstads,46.0,100.0%,200,4.44,GREEN,,XGBoost (Lay 0x0),1,sinais_lay0x0_gestao_2026-07-13.xlsx,"(40, 50]"
2026-07-13,16:15,ICELAND 1,Breidablik,Keflavik,55.0,98.7%,200,3.7,GREEN,,XGBoost (Lay 0x0),1,sinais_lay0x0_gestao_2026-07-13.xlsx,"(50, 100]"
2026-07-13,19:00,BRAZIL 2,America MG,Londrina,11.0,95.5%,200,20.0,GREEN,,XGBoost (Lay 0x0),1,sinais_lay0x0_gestao_2026-07-13.xlsx,"(10, 15]"
2026-07-13,20:00,BRAZIL 4,America RN,Trem AP,26.0,98.5%,200,8.0,GREEN,,XGBoost (Lay 0x0),1,sinais_lay0x0_gestao_2026-07-13.xlsx,"(20, 30]"
2026-07-14,18:30,ECUADOR 1,Macara,Mushuc Runa,11.0,97.2%,200,20,GREEN,,XGBoost (Lay 0x0),1,sinais_lay0x0_gestao_2026-07-14.xlsx,"(10, 15]"
2026-07-15,20:00,USA 1,Lexington SC,New Mexico United,24.0,99.5%,200,8.7,GREEN,,XGBoost (Lay 0x0),1,sinais_lay0x0_gestao_2026-07-15.xlsx,"(20, 30]"
2026-07-15,20:00,USA 1,Miami FC,Indy Eleven,22.0,97.2%,200,9.52,GREEN,,XGBoost (Lay 0x0),1,sinais_lay0x0_gestao_2026-07-15.xlsx,"(20, 30]"
2026-07-15,21:30,ECUADOR 1,Barcelona (Ecu),Guayaquil City,13.0,98.7%,200,16.67,GREEN,,XGBoost (Lay 0x0),1,sinais_lay0x0_gestao_2026-07-15.xlsx,"(10, 15]"
2026-07-16,14:00,NORWAY 1,Valerenga,Aalesunds,34.0,98.5%,200,R$ 6.06,GREEN,,XGBoost (Lay 0x0),1,sinais_lay0x0_gestao_2026-07-16.xlsx,"(30, 40]"
2026-07-16,18:30,ECUADOR 1,Aucas,Independiente (Ecu),12.0,97.6%,200,R$ 18.18,GREEN,,XGBoost (Lay 0x0),1,sinais_lay0x0_gestao_2026-07-16.xlsx,"(10, 15]"
2026-07-16,19:30,BRAZIL 1,Botafogo FR,Santos,14.0,96.5%,200,R$ 15.38,GREEN,,XGBoost (Lay 0x0),1,sinais_lay0x0_gestao_2026-07-16.xlsx,"(10, 15]"
2026-07-16,20:00,BRAZIL 2,CRB,Nautico PE,13.0,97.2%,200,R$ 16.67,GREEN,,XGBoost (Lay 0x0),1,sinais_lay0x0_gestao_2026-07-16.xlsx,"(10, 15]"
2026-07-16,20:30,USA 1,CF Montreal,Toronto FC,21.0,98.8%,200,R$ 10.00,RED,,XGBoost (Lay 0x0),0,sinais_lay0x0_gestao_2026-07-16.xlsx,"(20, 30]"
2026-07-16,21:30,USA 1,Chicago Fire,Vancouver Whitecaps,28.0,99.5%,200,R$ 7.41,GREEN,,XGBoost (Lay 0x0),1,sinais_lay0x0_gestao_2026-07-16.xlsx,"(20, 30]"
2026-07-16,21:30,USA 1,St Louis City SC,Kansas City,36.0,98.8%,200,R$ 5.71,GREEN,,XGBoost (Lay 0x0),1,sinais_lay0x0_gestao_2026-07-16.xlsx,"(30, 40]"
2026-07-16,22:00,MEXICO 1,Necaxa,Atlante,17.5,97.2%,200,R$ 12.12,GREEN,,XGBoost (Lay 0x0),1,sinais_lay0x0_gestao_2026-07-16.xlsx,"(15, 20]"
2026-07-16,23:30,USA 1,Seattle Sounders,Portland Timbers,36.0,100.0%,200,R$ 5.71,GREEN,,XGBoost (Lay 0x0),1,sinais_lay0x0_gestao_2026-07-16.xlsx,"(30, 40]"
2026-07-17,00:10,MEXICO 1,Tijuana,Tigres,14.0,98.5%,200,15.38,GREEN,,XGBoost (Lay 0x0),1,sinais_lay0x0_gestao_2026-07-17.xlsx,"(10, 15]"
2026-07-17,08:00,CHINA 1,Changchun Yatai,Wuxi Wugou,17.0,98.7%,200,12.5,GREEN,,XGBoost (Lay 0x0),1,sinais_lay0x0_gestao_2026-07-17.xlsx,"(15, 20]"
2026-07-17,08:00,CHINA 1,Suzhou Dongwu,Shenzhen Juniors FC,18.0,99.8%,200,11.76,RED,,XGBoost (Lay 0x0),0,sinais_lay0x0_gestao_2026-07-17.xlsx,"(15, 20]"
2026-07-17,08:30,CHINA 1,Foshan Nanshi FC,Nantong Zhiyun F.C,13.0,98.5%,200,16.67,GREEN,,XGBoost (Lay 0x0),1,sinais_lay0x0_gestao_2026-07-17.xlsx,"(10, 15]"
2026-07-17,08:35,CHINA 1,Henan Songshan Longmen,Qingdao Hainiu,44.0,98.5%,200,4.65,GREEN,,XGBoost (Lay 0x0),1,sinais_lay0x0_gestao_2026-07-17.xlsx,"(40, 50]"
2026-07-17,12:30,ROMANIA 1,FC Voluntari,Botosani,12.0,92.3%,200,18.18,GREEN,,XGBoost (Lay 0x0),1,sinais_lay0x0_gestao_2026-07-17.xlsx,"(10, 15]"
2026-07-17,13:00,BULGARIA 1,Spartak Varna,CSKA 1948 Sofia,15.0,96.5%,200,14.29,GREEN,,XGBoost (Lay 0x0),1,sinais_lay0x0_gestao_2026-07-17.xlsx,"(10, 15]"
2026-07-17,14:00,SWEDEN 1,IFK Goteborg,Brommapojkarna,22.0,99.5%,200,9.52,GREEN,,XGBoost (Lay 0x0),1,sinais_lay0x0_gestao_2026-07-17.xlsx,"(20, 30]"
2026-07-17,14:00,SWEDEN 1,Mjallby,Vasteras SK,21.0,100.0%,200,10.0,GREEN,,XGBoost (Lay 0x0),1,sinais_lay0x0_gestao_2026-07-17.xlsx,"(20, 30]"
2026-07-17,15:00,PERU 1,FC Cajamarca,Juan Pablo II College,17.0,95.5%,200,12.5,GREEN,,XGBoost (Lay 0x0),1,sinais_lay0x0_gestao_2026-07-17.xlsx,"(15, 20]"
2026-07-17,17:15,PERU 1,Sporting Cristal,Deportivo Garcilaso,22.0,96.2%,200,9.52,GREEN,,XGBoost (Lay 0x0),1,sinais_lay0x0_gestao_2026-07-17.xlsx,"(20, 30]"
2026-07-17,19:00,BRAZIL 2,Sao Bernardo,Avai,11.0,98.5%,200,20.0,GREEN,,XGBoost (Lay 0x0),1,sinais_lay0x0_gestao_2026-07-17.xlsx,"(10, 15]"
2026-07-17,19:30,BRAZIL 1,Bahia,Chapecoense,21.0,98.5%,200,10.0,GREEN,,XGBoost (Lay 0x0),1,sinais_lay0x0_gestao_2026-07-17.xlsx,"(20, 30]"
2026-07-17,19:30,URUGUAY 1,Nacional (Uru),Wanderers (Uru),17.0,98.8%,200,12.5,GREEN,,XGBoost (Lay 0x0),1,sinais_lay0x0_gestao_2026-07-17.xlsx,"(15, 20]"
2026-07-17,20:00,BRAZIL 1,Fluminense,Red Bull Bragantino,12.5,96.5%,200,17.39,GREEN,,XGBoost (Lay 0x0),1,sinais_lay0x0_gestao_2026-07-17.xlsx,"(10, 15]"
2026-07-17,20:00,BRAZIL 1,Mirassol,Gremio,11.5,96.2%,200,19.05,GREEN,,XGBoost (Lay 0x0),1,sinais_lay0x0_gestao_2026-07-17.xlsx,"(10, 15]"
2026-07-17,21:00,BRAZIL 2,Fortaleza EC,Novorizontino,11.0,93.8%,200,20.0,GREEN,,XGBoost (Lay 0x0),1,sinais_lay0x0_gestao_2026-07-17.xlsx,"(10, 15]"
2026-07-17,21:10,USA 1,Nashville SC,Atlanta Utd,21.0,100.0%,200,10.0,GREEN,,XGBoost (Lay 0x0),1,sinais_lay0x0_gestao_2026-07-17.xlsx,"(20, 30]"
2026-07-17,22:00,MEXICO 1,Atletico San Luis,Cruz Azul,22.0,98.5%,200,9.52,GREEN,,XGBoost (Lay 0x0),1,sinais_lay0x0_gestao_2026-07-17.xlsx,"(20, 30]"
2026-07-17,23:25,USA 1,LA Galaxy,Los Angeles FC,26.0,100.0%,200,8.0,GREEN,,XGBoost (Lay 0x0),1,sinais_lay0x0_gestao_2026-07-17.xlsx,"(20, 30]"
2026-07-18,08:00,SWEDEN 2,Oddevold,Varbergs BoIS,18.0,96.2%,200,11.76,GREEN,,XGBoost (Lay 0x0),1,sinais_lay0x0_gestao_2026-07-18.xlsx,"(15, 20]"
2026-07-18,08:30,CHINA 1,Guangxi Hengchen,Shaanxi Union FC,14.0,97.6%,200,15.38,GREEN,,XGBoost (Lay 0x0),1,sinais_lay0x0_gestao_2026-07-18.xlsx,"(10, 15]"
2026-07-18,08:30,CHINA 1,Meizhou Hakka,Dalian Kun City FC,18.5,99.5%,200,11.43,GREEN,,XGBoost (Lay 0x0),1,sinais_lay0x0_gestao_2026-07-18.xlsx,"(15, 20]"
2026-07-18,08:30,CHINA 1,Nanjing City,Guangdong GZ-Power FC,15.0,98.5%,200,14.29,GREEN,,XGBoost (Lay 0x0),1,sinais_lay0x0_gestao_2026-07-18.xlsx,"(10, 15]"
2026-07-18,08:35,CHINA 1,Shanghai Shenhua,Tianjin Jinmen Tiger FC,32.0,99.5%,200,6.45,GREEN,,XGBoost (Lay 0x0),1,sinais_lay0x0_gestao_2026-07-18.xlsx,"(30, 40]"
2026-07-18,09:00,CHINA 1,Wuhan Three Towns,Shenzhen Peng City,19.0,98.5%,200,11.11,GREEN,,XGBoost (Lay 0x0),1,sinais_lay0x0_gestao_2026-07-18.xlsx,"(15, 20]"
2026-07-18,09:00,NORWAY 1,Ham-Kam,Tromso,15.5,98.7%,200,13.79,GREEN,,XGBoost (Lay 0x0),1,sinais_lay0x0_gestao_2026-07-18.xlsx,"(15, 20]"
2026-07-18,10:00,SWEDEN 1,AIK,GAIS,17.0,100.0%,200,12.5,GREEN,,XGBoost (Lay 0x0),1,sinais_lay0x0_gestao_2026-07-18.xlsx,"(15, 20]"
2026-07-18,10:00,SWEDEN 2,Ostersunds FK,Landskrona,16.0,96.2%,200,13.33,GREEN,,XGBoost (Lay 0x0),1,sinais_lay0x0_gestao_2026-07-18.xlsx,"(15, 20]"
2026-07-18,11:00,ESTONIA 1,Trans Narva,Parnu JK Vaprus,23.0,97.2%,200,9.09,GREEN,,XGBoost (Lay 0x0),1,sinais_lay0x0_gestao_2026-07-18.xlsx,"(20, 30]"
2026-07-18,11:00,FINLAND 1,AC Oulu,Gnistan,18.0,98.5%,200,11.76,GREEN,,XGBoost (Lay 0x0),1,sinais_lay0x0_gestao_2026-07-18.xlsx,"(15, 20]"
2026-07-18,11:00,FINLAND 1,SJK,KuPS,22.0,97.6%,200,9.52,GREEN,,XGBoost (Lay 0x0),1,sinais_lay0x0_gestao_2026-07-18.xlsx,"(20, 30]"
2026-07-18,11:00,NORWAY 1,Kristiansund,Sarpsborg,25.0,98.7%,200,8.33,RED,,XGBoost (Lay 0x0),0,sinais_lay0x0_gestao_2026-07-18.xlsx,"(20, 30]"
2026-07-18,11:00,NORWAY 1,Lillestrom,Kfum Oslo,22.0,99.5%,200,9.52,GREEN,,XGBoost (Lay 0x0),1,sinais_lay0x0_gestao_2026-07-18.xlsx,"(20, 30]"
2026-07-18,11:00,NORWAY 1,Start,Rosenborg,18.5,97.6%,200,11.43,GREEN,,XGBoost (Lay 0x0),1,sinais_lay0x0_gestao_2026-07-18.xlsx,"(15, 20]"
2026-07-18,12:30,URUGUAY 1,Progreso,Deportivo Maldonado,12.0,95.5%,200,18.18,GREEN,,XGBoost (Lay 0x0),1,sinais_lay0x0_gestao_2026-07-18.xlsx,"(10, 15]"
2026-07-18,13:00,BULGARIA 1,Septemvri,Arda,10.5,98.5%,200,21.05,GREEN,,XGBoost (Lay 0x0),1,sinais_lay0x0_gestao_2026-07-18.xlsx,"(10, 15]"
2026-07-18,13:00,PERU 1,Cesar Vallejo Moquegua,Comerciantes Unidos,10.5,98.5%,200,21.05,GREEN,,XGBoost (Lay 0x0),1,sinais_lay0x0_gestao_2026-07-18.xlsx,"(10, 15]"
2026-07-18,15:15,BULGARIA 1,Ludogorets,Lokomotiv Plovdiv,21.0,97.2%,200,10.0,GREEN,,XGBoost (Lay 0x0),1,sinais_lay0x0_gestao_2026-07-18.xlsx,"(20, 30]"
2026-07-18,16:00,BRAZIL 2,Ponte Preta,Goias,11.0,97.2%,200,20.0,GREEN,,XGBoost (Lay 0x0),1,sinais_lay0x0_gestao_2026-07-18.xlsx,"(10, 15]"
2026-07-18,16:00,BRAZIL 2,Sport Recife,Operario PR,11.0,97.2%,200,20.0,GREEN,,XGBoost (Lay 0x0),1,sinais_lay0x0_gestao_2026-07-18.xlsx,"(10, 15]"
2026-07-18,16:00,ECUADOR 1,Deportivo Cuenca,Univ Catolica (Ecu),12.0,97.6%,200,18.18,GREEN,,XGBoost (Lay 0x0),1,sinais_lay0x0_gestao_2026-07-18.xlsx,"(10, 15]"
2026-07-18,16:00,URUGUAY 1,Penarol,Boston River,15.0,96.2%,200,14.29,GREEN,,XGBoost (Lay 0x0),1,sinais_lay0x0_gestao_2026-07-18.xlsx,"(10, 15]"
2026-07-18,16:15,ICELAND 1,Valur,Fram,55.0,99.2%,200,3.7,GREEN,,XGBoost (Lay 0x0),1,sinais_lay0x0_gestao_2026-07-18.xlsx,"(50, 100]"
2026-07-18,17:30,PERU 1,Atletico Grau,UTC Cajamarca,11.5,96.5%,200,19.05,GREEN,,XGBoost (Lay 0x0),1,sinais_lay0x0_gestao_2026-07-18.xlsx,"(10, 15]"
2026-07-18,20:30,PERU 1,Cusco FC,Alianza Atletico,15.5,97.2%,200,13.79,GREEN,,XGBoost (Lay 0x0),1,sinais_lay0x0_gestao_2026-07-18.xlsx,"(15, 20]"
2026-07-18,21:00,ECUADOR 1,Barcelona (ECU),Libertad FC,17.0,97.2%,200,12.5,GREEN,,XGBoost (Lay 0x0),1,sinais_lay0x0_gestao_2026-07-18.xlsx,"(15, 20]"
2026-07-18,22:07,MEXICO 1,Guadalajara,Toluca,19.0,96.2%,200,11.11,GREEN,,XGBoost (Lay 0x0),1,sinais_lay0x0_gestao_2026-07-18.xlsx,"(15, 20]"
2026-07-19,00:10,MEXICO 1,Queretaro,CF America,17.5,96.5%,200,12.12,GREEN,,XGBoost (Lay 0x0),1,sinais_lay0x0_gestao_2026-07-19.xlsx,"(15, 20]"
2026-07-19,10:00,SWEDEN 2,Varnamo,Ljungskile,19.0,98.5%,200,11.11,GREEN,,XGBoost (Lay 0x0),1,sinais_lay0x0_gestao_2026-07-19.xlsx,"(15, 20]"
2026-07-19,11:00,ESTONIA 1,Kuressaare,Nomme Kalju,22.0,99.8%,200,9.52,RED,,XGBoost (Lay 0x0),0,sinais_lay0x0_gestao_2026-07-19.xlsx,"(20, 30]"
2026-07-19,11:30,SWEDEN 1,Elfsborg,Sirius,21.0,100.0%,200,10.0,GREEN,,XGBoost (Lay 0x0),1,sinais_lay0x0_gestao_2026-07-19.xlsx,"(20, 30]"
2026-07-19,11:30,SWEDEN 1,Halmstads,Hacken,32.0,100.0%,200,6.45,GREEN,,XGBoost (Lay 0x0),1,sinais_lay0x0_gestao_2026-07-19.xlsx,"(30, 40]"
2026-07-19,11:30,SWEDEN 1,Hammarby,Degerfors,32.0,98.5%,200,6.45,GREEN,,XGBoost (Lay 0x0),1,sinais_lay0x0_gestao_2026-07-19.xlsx,"(30, 40]"
2026-07-19,12:30,FINLAND 1,Jaro,FC Inter,21.0,97.6%,200,10.0,RED,,XGBoost (Lay 0x0),0,sinais_lay0x0_gestao_2026-07-19.xlsx,"(20, 30]"
2026-07-19,13:00,PERU 1,CD Los Chankas,Sport Boys (Per),12.5,96.5%,200,17.39,GREEN,,XGBoost (Lay 0x0),1,sinais_lay0x0_gestao_2026-07-19.xlsx,"(10, 15]"
2026-07-19,13:00,SLOVENIA 1,NK Aluminij,NK Maribor,30.0,98.5%,200,6.9,RED,,XGBoost (Lay 0x0),0,sinais_lay0x0_gestao_2026-07-19.xlsx,"(20, 30]"
2026-07-19,13:30,ROMANIA 1,ACS Petrolul 52,Dinamo Bucharest,10.5,97.2%,200,21.05,GREEN,,XGBoost (Lay 0x0),1,sinais_lay0x0_gestao_2026-07-19.xlsx,"(10, 15]"
2026-07-19,21:15,ECUADOR 1,Independiente (Ecu),Emelec,19.5,96.5%,200,10.81,GREEN,,XGBoost (Lay 0x0),1,sinais_lay0x0_gestao_2026-07-19.xlsx,"(15, 20]"
2026-07-20,12:00,FINLAND 1,TPS,Ilves,22.0,99.2%,200,9.52,GREEN,,XGBoost (Lay 0x0),1,sinais_lay0x0_gestao_2026-07-20.xlsx,"(20, 30]"
2026-07-20,13:00,FINLAND 1,IFK Mariehamn,Lahti,22.0,97.6%,200,9.52,GREEN,,XGBoost (Lay 0x0),1,sinais_lay0x0_gestao_2026-07-20.xlsx,"(20, 30]"
2026-07-20,13:15,BULGARIA 1,Slavia Sofia,CSKA Sofia,15.5,96.5%,200,13.79,RED,,XGBoost (Lay 0x0),0,sinais_lay0x0_gestao_2026-07-20.xlsx,"(15, 20]"
2026-07-20,14:00,SWEDEN 1,Kalmar FF,Malmo FF,23.0,99.2%,200,9.09,GREEN,,XGBoost (Lay 0x0),1,sinais_lay0x0_gestao_2026-07-20.xlsx,"(20, 30]"
2026-07-20,14:00,SWEDEN 1,Orgryte,Djurgardens,40.0,100.0%,200,5.13,RED,,XGBoost (Lay 0x0),0,sinais_lay0x0_gestao_2026-07-20.xlsx,"(30, 40]"
2026-07-20,14:00,SWEDEN 2,Norrby IF,Sundsvall,15.5,98.5%,200,13.79,GREEN,,XGBoost (Lay 0x0),1,sinais_lay0x0_gestao_2026-07-20.xlsx,"(15, 20]"
2026-07-20,15:30,BULGARIA 1,Botev Plovdiv,Lokomotiv Sofia,15.5,96.5%,200,13.79,GREEN,,XGBoost (Lay 0x0),1,sinais_lay0x0_gestao_2026-07-20.xlsx,"(15, 20]"
2026-07-20,16:15,ICELAND 1,Hafnarfjordur,Breidablik,34.0,99.8%,200,6.06,RED,,XGBoost (Lay 0x0),0,sinais_lay0x0_gestao_2026-07-20.xlsx,"(30, 40]"
2026-07-20,16:15,ICELAND 1,Keflavik,IA Akranes,46.0,98.7%,200,4.44,GREEN,,XGBoost (Lay 0x0),1,sinais_lay0x0_gestao_2026-07-20.xlsx,"(40, 50]"
2026-07-20,20:00,BOLIVIA 1,Nacional Potosi,CDT Real Oruro,38.0,98.5%,200,5.41,GREEN,,XGBoost (Lay 0x0),1,sinais_lay0x0_gestao_2026-07-20.xlsx,"(30, 40]"
2026-07-21,14:00,SWEDEN 2,Falkenbergs,Helsingborgs,24.0,96.5%,200,8.7,GREEN,,XGBoost (Lay 0x0),1,sinais_lay0x0_gestao_2026-07-21.xlsx,"(20, 30]"
2026-07-21,18:30,ECUADOR 1,Libertad FC,Delfin,10.5,99.5%,200,21.05,GREEN,,XGBoost (Lay 0x0),1,sinais_lay0x0_gestao_2026-07-21.xlsx,"(10, 15]"
2026-07-21,19:30,BRAZIL 1,Atletico MG,Bahia,15.0,97.6%,200,14.29,GREEN,,XGBoost (Lay 0x0),1,sinais_lay0x0_gestao_2026-07-21.xlsx,"(10, 15]"
2026-07-21,19:30,BRAZIL 2,Avai,America MG,10.5,96.5%,200,21.05,GREEN,,XGBoost (Lay 0x0),1,sinais_lay0x0_gestao_2026-07-21.xlsx,"(10, 15]"
2026-07-21,21:00,ECUADOR 1,Univ Catolica (Ecu),Barcelona (Ecu),12.5,99.2%,200,17.39,GREEN,,XGBoost (Lay 0x0),1,sinais_lay0x0_gestao_2026-07-21.xlsx,"(10, 15]"
2026-07-22,19:30,BRAZIL 2,Ceara SC Fortaleza,CRB,11.0,94.3%,200,20.0,GREEN,,XGBoost (Lay 0x0),1,sinais_lay0x0_gestao_2026-07-22.xlsx,"(10, 15]"
2026-07-22,19:30,BRAZIL 2,Operario PR,Ponte Preta,16.0,96.5%,200,13.33,GREEN,,XGBoost (Lay 0x0),1,sinais_lay0x0_gestao_2026-07-22.xlsx,"(15, 20]"
2026-07-22,20:30,BRAZIL 2,Goias,Sport Recife,10.5,94.3%,200,21.05,GREEN,,XGBoost (Lay 0x0),1,sinais_lay0x0_gestao_2026-07-22.xlsx,"(10, 15]"
2026-07-22,20:30,USA 1,Columbus,New York City,15.0,97.6%,200,14.29,GREEN,,XGBoost (Lay 0x0),1,sinais_lay0x0_gestao_2026-07-22.xlsx,"(10, 15]"
2026-07-22,20:40,USA 1,Inter Miami CF,Chicago Fire,42.0,100.0%,200,4.88,GREEN,,XGBoost (Lay 0x0),1,sinais_lay0x0_gestao_2026-07-22.xlsx,"(40, 50]"
2026-07-22,20:40,USA 1,New England Revolution,Toronto FC,18.0,98.5%,200,11.76,RED,,XGBoost (Lay 0x0),0,sinais_lay0x0_gestao_2026-07-22.xlsx,"(15, 20]"
2026-07-22,20:40,USA 1,Philadelphia,New York Red Bulls,29.0,100.0%,200,7.14,GREEN,,XGBoost (Lay 0x0),1,sinais_lay0x0_gestao_2026-07-22.xlsx,"(20, 30]"
2026-07-22,21:25,USA 1,Charlotte FC,Atlanta Utd,17.5,98.8%,200,12.12,GREEN,,XGBoost (Lay 0x0),1,sinais_lay0x0_gestao_2026-07-22.xlsx,"(15, 20]"
2026-07-22,21:30,BRAZIL 1,Chapecoense,Flamengo,18.0,98.8%,200,11.76,GREEN,,XGBoost (Lay 0x0),1,sinais_lay0x0_gestao_2026-07-22.xlsx,"(15, 20]"
2026-07-22,21:30,BRAZIL 1,Internacional,Cruzeiro MG,13.0,97.6%,200,16.67,GREEN,,XGBoost (Lay 0x0),1,sinais_lay0x0_gestao_2026-07-22.xlsx,"(10, 15]"
2026-07-22,21:30,BRAZIL 2,Nautico PE,Londrina,12.5,97.2%,200,17.39,GREEN,,XGBoost (Lay 0x0),1,sinais_lay0x0_gestao_2026-07-22.xlsx,"(10, 15]"
2026-07-22,21:30,USA 1,Houston Dynamo,DC Utd,18.0,100.0%,200,11.76,GREEN,,XGBoost (Lay 0x0),1,sinais_lay0x0_gestao_2026-07-22.xlsx,"(15, 20]"
2026-07-22,21:30,USA 1,Kansas City,Minnesota Utd,22.0,98.8%,200,9.52,GREEN,,XGBoost (Lay 0x0),1,sinais_lay0x0_gestao_2026-07-22.xlsx,"(20, 30]"
2026-07-22,21:30,USA 1,Nashville SC,CF Montreal,21.0,100.0%,200,10.0,GREEN,,XGBoost (Lay 0x0),1,sinais_lay0x0_gestao_2026-07-22.xlsx,"(20, 30]"
2026-07-22,22:40,USA 1,Austin FC,Seattle Sounders,17.0,98.5%,200,12.5,GREEN,,XGBoost (Lay 0x0),1,sinais_lay0x0_gestao_2026-07-22.xlsx,"(15, 20]"
2026-07-22,22:40,USA 1,Colorado,San Diego FC,30.0,100.0%,200,6.9,GREEN,,XGBoost (Lay 0x0),1,sinais_lay0x0_gestao_2026-07-22.xlsx,"(20, 30]"
2026-07-22,23:30,USA 1,LA Galaxy,St Louis City SC,21.0,96.5%,200,10.0,GREEN,,XGBoost (Lay 0x0),1,sinais_lay0x0_gestao_2026-07-22.xlsx,"(20, 30]"
2026-07-22,23:30,USA 1,Los Angeles FC,Real Salt Lake,25.0,100.0%,200,8.33,GREEN,,XGBoost (Lay 0x0),1,sinais_lay0x0_gestao_2026-07-22.xlsx,"(20, 30]"
2026-07-22,23:30,USA 1,San Jose Earthquakes,Orlando City,48.0,99.5%,200,4.26,GREEN,,XGBoost (Lay 0x0),1,sinais_lay0x0_gestao_2026-07-22.xlsx,"(40, 50]"
2026-07-23,19:30,BRAZIL 1,Corinthians,Remo,13.5,97.2%,200,16.0,GREEN,,XGBoost (Lay 0x0),1,sinais_lay0x0_gestao_2026-07-23.xlsx,"(10, 15]"
2026-07-23,21:00,ECUADOR 1,Emelec,Mushuc Runa,14.5,98.7%,200,14.81,GREEN,,XGBoost (Lay 0x0),1,sinais_lay0x0_gestao_2026-07-23.xlsx,"(10, 15]"
2026-07-24,13:00,DENMARK 2,Vejle,AB,23.0,96.5%,200,9.09,GREEN,,XGBoost (Lay 0x0),1,sinais_lay0x0_gestao_2026-07-24.xlsx,"(20, 30]"
2026-07-24,13:00,FINLAND 1,Jaro,SJK,23.0,98.5%,200,9.09,GREEN,,XGBoost (Lay 0x0),1,sinais_lay0x0_gestao_2026-07-24.xlsx,"(20, 30]"
2026-07-24,13:00,POLAND 1,Radomiak Radom,Wieczysta Krakow,22.0,96.5%,200,9.52,GREEN,,XGBoost (Lay 0x0),1,sinais_lay0x0_gestao_2026-07-24.xlsx,"(20, 30]"
2026-07-24,14:00,SWEDEN 1,Vasteras SK,Orgryte,26.0,99.8%,200,8.0,GREEN,,XGBoost (Lay 0x0),1,sinais_lay0x0_gestao_2026-07-24.xlsx,"(20, 30]"
2026-07-24,14:30,SWITZERLAND 2,Rapperswil-Jona,FC Wil,24.0,96.2%,200,8.7,GREEN,,XGBoost (Lay 0x0),1,sinais_lay0x0_gestao_2026-07-24.xlsx,"(20, 30]"
2026-07-24,15:15,BULGARIA 1,Arda,Slavia Sofia,11.5,98.5%,200,19.05,GREEN,,XGBoost (Lay 0x0),1,sinais_lay0x0_gestao_2026-07-24.xlsx,"(10, 15]"
2026-07-24,15:15,SWITZERLAND 2,Etoile Carouge,Aarau,28.0,100.0%,200,7.41,GREEN,,XGBoost (Lay 0x0),1,sinais_lay0x0_gestao_2026-07-24.xlsx,"(20, 30]"
2026-07-24,15:15,SWITZERLAND 2,Winterthur,Yverdon Sport,27.0,98.7%,200,7.69,GREEN,,XGBoost (Lay 0x0),1,sinais_lay0x0_gestao_2026-07-24.xlsx,"(20, 30]"
2026-07-24,15:45,IRELAND 2,Treaty United,Athlone Town,13.0,96.5%,200,16.67,GREEN,,XGBoost (Lay 0x0),1,sinais_lay0x0_gestao_2026-07-24.xlsx,"(10, 15]"
2026-07-24,16:00,IRELAND 1,St Patricks,Dundalk,19.5,96.6%,200,10.81,GREEN,,XGBoost (Lay 0x0),1,sinais_lay0x0_gestao_2026-07-24.xlsx,"(15, 20]"
2026-07-24,16:00,POLAND 2,Odra Opole,Arka Gdynia,15.5,99.5%,200,13.79,GREEN,,XGBoost (Lay 0x0),1,sinais_lay0x0_gestao_2026-07-24.xlsx,"(15, 20]"
2026-07-24,17:00,PERU 1,Alianza Atletico,CD Los Chankas,15.0,97.6%,200,14.29,GREEN,,XGBoost (Lay 0x0),1,sinais_lay0x0_gestao_2026-07-24.xlsx,"(10, 15]"
2026-07-24,20:10,COLOMBIA 1,Llaneros FC,Deportivo Pereira,11.0,98.5%,200,20.0,GREEN,,XGBoost (Lay 0x0),1,sinais_lay0x0_gestao_2026-07-24.xlsx,"(10, 15]"
2026-07-24,21:30,CHILE 1,Colo Colo,Deportes Limache,27.0,97.2%,200,7.69,GREEN,,XGBoost (Lay 0x0),1,sinais_lay0x0_gestao_2026-07-24.xlsx,"(20, 30]"
2026-07-24,22:15,COLOMBIA 1,Deportivo Cali,Jaguares de Cordoba,12.0,94.3%,200,18.18,GREEN,,XGBoost (Lay 0x0),1,sinais_lay0x0_gestao_2026-07-24.xlsx,"(10, 15]"
2026-07-24,22:30,PERU 1,Universitario de Deportes,Cusco FC,18.0,95.5%,200,11.76,GREEN,,XGBoost (Lay 0x0),1,sinais_lay0x0_gestao_2026-07-24.xlsx,"(15, 20]"
2026-07-25,00:00,MEXICO 1,Atlante,CF America,18.0,96.2%,200,11.76,GREEN,,XGBoost (Lay 0x0),1,sinais_lay0x0_gestao_2026-07-25.xlsx,"(15, 20]"
2026-07-25,00:00,MEXICO 1,Tijuana,Leon,21.0,96.0%,200,10.0,GREEN,,XGBoost (Lay 0x0),1,sinais_lay0x0_gestao_2026-07-25.xlsx,"(20, 30]"
2026-07-25,06:30,CHINA 1,Qingdao Hainiu,Tianjin Jinmen Tiger FC,13.0,96.5%,200,16.67,GREEN,,XGBoost (Lay 0x0),1,sinais_lay0x0_gestao_2026-07-25.xlsx,"(10, 15]"
2026-07-25,08:00,CHINA 1,Changchun Yatai,Nanjing City,14.5,97.2%,200,14.81,GREEN,,XGBoost (Lay 0x0),1,sinais_lay0x0_gestao_2026-07-25.xlsx,"(10, 15]"
2026-07-25,08:00,CHINA 1,Ningbo Professional,Guangdong GZ-Power FC,13.0,97.6%,200,16.67,GREEN,,XGBoost (Lay 0x0),1,sinais_lay0x0_gestao_2026-07-25.xlsx,"(10, 15]"
2026-07-25,08:00,CHINA 1,Shaanxi Union FC,Shenzhen Juniors FC,17.5,98.5%,200,12.12,GREEN,,XGBoost (Lay 0x0),1,sinais_lay0x0_gestao_2026-07-25.xlsx,"(15, 20]"
2026-07-25,08:30,CHINA 1,Foshan Nanshi FC,Wuxi Wugou,15.0,99.5%,200,14.29,GREEN,,XGBoost (Lay 0x0),1,sinais_lay0x0_gestao_2026-07-25.xlsx,"(10, 15]"
2026-07-25,08:35,CHINA 1,Shanghai Port FC,Shanghai Shenhua,42.0,98.5%,200,4.88,GREEN,,XGBoost (Lay 0x0),1,sinais_lay0x0_gestao_2026-07-25.xlsx,"(40, 50]"
2026-07-25,09:00,CHINA 1,Wuhan Three Towns,Chongqing Tonglianglong,15.0,98.5%,200,14.29,GREEN,,XGBoost (Lay 0x0),1,sinais_lay0x0_gestao_2026-07-25.xlsx,"(10, 15]"
2026-07-25,09:00,DENMARK 2,Hvidovre,Vendsyssel FF,19.5,98.5%,200,10.81,GREEN,,XGBoost (Lay 0x0),1,sinais_lay0x0_gestao_2026-07-25.xlsx,"(15, 20]"
2026-07-25,10:00,SWEDEN 1,Degerfors,Djurgardens,20.0,99.8%,200,10.53,GREEN,,XGBoost (Lay 0x0),1,sinais_lay0x0_gestao_2026-07-25.xlsx,"(15, 20]"
2026-07-25,10:00,SWEDEN 2,Varnamo,IK Brage,24.0,98.7%,200,8.7,RED,,XGBoost (Lay 0x0),0,sinais_lay0x0_gestao_2026-07-25.xlsx,"(20, 30]"
2026-07-25,10:30,FINLAND 1,IFK Mariehamn,AC Oulu,23.0,98.5%,200,9.09,GREEN,,XGBoost (Lay 0x0),1,sinais_lay0x0_gestao_2026-07-25.xlsx,"(20, 30]"
2026-07-25,10:30,POLAND 2,Pogon Siedlce,LKS Lodz,15.5,99.8%,200,13.79,GREEN,,XGBoost (Lay 0x0),1,sinais_lay0x0_gestao_2026-07-25.xlsx,"(15, 20]"
2026-07-25,10:30,POLAND 2,Stal Rzeszow,Chrobry Glogow,23.0,98.5%,200,9.09,GREEN,,XGBoost (Lay 0x0),1,sinais_lay0x0_gestao_2026-07-25.xlsx,"(20, 30]"
2026-07-25,11:00,DENMARK 2,Fredericia,HB Koge,21.0,96.0%,200,10.0,GREEN,,XGBoost (Lay 0x0),1,sinais_lay0x0_gestao_2026-07-25.xlsx,"(20, 30]"
2026-07-25,11:00,FINLAND 1,KuPS,VPS,16.0,97.2%,200,13.33,GREEN,,XGBoost (Lay 0x0),1,sinais_lay0x0_gestao_2026-07-25.xlsx,"(15, 20]"
2026-07-25,11:00,NORWAY 1,Kristiansund,Start,15.5,98.5%,200,13.79,GREEN,,XGBoost (Lay 0x0),1,sinais_lay0x0_gestao_2026-07-25.xlsx,"(15, 20]"
2026-07-25,12:00,CZECH 1,Teplice,Bohemians 1905,12.5,98.5%,200,17.39,GREEN,,XGBoost (Lay 0x0),1,sinais_lay0x0_gestao_2026-07-25.xlsx,"(10, 15]"
2026-07-25,12:00,CZECH 1,Zlin,Banik Ostrava,12.5,94.0%,200,17.39,GREEN,,XGBoost (Lay 0x0),1,sinais_lay0x0_gestao_2026-07-25.xlsx,"(10, 15]"
2026-07-25,12:30,POLAND 1,Gornik Zabrze,Slask Wroclaw,16.0,97.6%,200,13.33,GREEN,,XGBoost (Lay 0x0),1,sinais_lay0x0_gestao_2026-07-25.xlsx,"(15, 20]"
2026-07-25,12:30,SWEDEN 1,Kalmar FF,Mjallby,17.0,98.7%,200,12.5,GREEN,,XGBoost (Lay 0x0),1,sinais_lay0x0_gestao_2026-07-25.xlsx,"(15, 20]"
2026-07-25,13:00,BULGARIA 1,CSKA 1948 Sofia,Botev Vratsa,14.5,98.5%,200,14.81,GREEN,,XGBoost (Lay 0x0),1,sinais_lay0x0_gestao_2026-07-25.xlsx,"(10, 15]"
2026-07-25,13:00,SLOVAKIA 1,Spartak Trnava,MFK Skalica,15.5,96.5%,200,13.79,GREEN,,XGBoost (Lay 0x0),1,sinais_lay0x0_gestao_2026-07-25.xlsx,"(15, 20]"
2026-07-25,13:00,SLOVAKIA 1,Trencin,KFC Komarno,17.5,96.5%,200,12.12,GREEN,,XGBoost (Lay 0x0),1,sinais_lay0x0_gestao_2026-07-25.xlsx,"(15, 20]"
2026-07-25,13:00,SWITZERLAND 1,Lausanne,Grasshoppers Zurich,23.0,98.5%,200,9.09,GREEN,,XGBoost (Lay 0x0),1,sinais_lay0x0_gestao_2026-07-25.xlsx,"(20, 30]"
2026-07-25,13:00,SWITZERLAND 1,Servette,FC Basel,28.0,97.2%,200,7.41,GREEN,,XGBoost (Lay 0x0),1,sinais_lay0x0_gestao_2026-07-25.xlsx,"(20, 30]"
2026-07-25,14:30,ROMANIA 1,Dinamo Bucharest,Universitatea Craiova,12.0,98.5%,200,18.18,GREEN,,XGBoost (Lay 0x0),1,sinais_lay0x0_gestao_2026-07-25.xlsx,"(10, 15]"
2026-07-25,15:00,PERU 1,Sport Huancayo,Atletico Grau,13.5,97.2%,200,16.0,GREEN,,XGBoost (Lay 0x0),1,sinais_lay0x0_gestao_2026-07-25.xlsx,"(10, 15]"
2026-07-25,15:00,URUGUAY 1,Central Espanol,Cerro Largo FC,11.5,96.5%,200,19.05,GREEN,,XGBoost (Lay 0x0),1,sinais_lay0x0_gestao_2026-07-25.xlsx,"(10, 15]"
2026-07-25,15:15,BULGARIA 1,Lokomotiv Sofia,PFC Levski Sofia,27.0,98.7%,200,7.69,GREEN,,XGBoost (Lay 0x0),1,sinais_lay0x0_gestao_2026-07-25.xlsx,"(20, 30]"
2026-07-25,15:30,SWITZERLAND 1,Luzern,Thun,29.0,97.6%,200,7.14,GREEN,,XGBoost (Lay 0x0),1,sinais_lay0x0_gestao_2026-07-25.xlsx,"(20, 30]"
2026-07-25,15:45,IRELAND 1,Sligo Rovers,Drogheda,15.0,96.5%,200,14.29,GREEN,,XGBoost (Lay 0x0),1,sinais_lay0x0_gestao_2026-07-25.xlsx,"(10, 15]"
2026-07-25,16:00,PARAGUAY 1,Deportivo Recoleta,Sportivo San Lorenzo,13.0,98.5%,200,16.67,GREEN,,XGBoost (Lay 0x0),1,sinais_lay0x0_gestao_2026-07-25.xlsx,"(10, 15]"
2026-07-25,17:15,PERU 1,Juan Pablo II College,Cienciano,18.0,97.6%,200,11.76,GREEN,,XGBoost (Lay 0x0),1,sinais_lay0x0_gestao_2026-07-25.xlsx,"(15, 20]"
2026-07-25,18:05,COLOMBIA 1,Ind Medellin,Deportivo Pasto,12.0,96.5%,200,18.18,GREEN,,XGBoost (Lay 0x0),1,sinais_lay0x0_gestao_2026-07-25.xlsx,"(10, 15]"
2026-07-25,18:30,BRAZIL 1,Athletico-PR,Internacional,11.0,99.8%,200,20.0,GREEN,,XGBoost (Lay 0x0),1,sinais_lay0x0_gestao_2026-07-25.xlsx,"(10, 15]"
2026-07-25,18:30,BRAZIL 1,Santos,Chapecoense,22.0,97.2%,200,9.52,GREEN,,XGBoost (Lay 0x0),1,sinais_lay0x0_gestao_2026-07-25.xlsx,"(20, 30]"
2026-07-25,19:30,USA 1,New York Red Bulls,Charlotte FC,30.0,99.8%,200,6.9,GREEN,,XGBoost (Lay 0x0),1,sinais_lay0x0_gestao_2026-07-25.xlsx,"(20, 30]"
2026-07-25,20:10,COLOMBIA 1,Millonarios,Atletico Bucaramanga,10.5,99.2%,200,21.05,GREEN,,XGBoost (Lay 0x0),1,sinais_lay0x0_gestao_2026-07-25.xlsx,"(10, 15]"
2026-07-25,20:15,USA 1,Columbus,FC Cincinnati,27.0,97.6%,200,7.69,GREEN,,XGBoost (Lay 0x0),1,sinais_lay0x0_gestao_2026-07-25.xlsx,"(20, 30]"
2026-07-25,20:30,BRAZIL 1,Vasco Da Gama,Mirassol,12.0,98.5%,200,18.18,GREEN,,XGBoost (Lay 0x0),1,sinais_lay0x0_gestao_2026-07-25.xlsx,"(10, 15]"
2026-07-25,20:30,USA 1,CF Montreal,Inter Miami CF,34.0,98.8%,200,6.06,GREEN,,XGBoost (Lay 0x0),1,sinais_lay0x0_gestao_2026-07-25.xlsx,"(30, 40]"
2026-07-25,20:30,USA 1,DC Utd,Toronto FC,18.0,98.5%,200,11.76,GREEN,,XGBoost (Lay 0x0),1,sinais_lay0x0_gestao_2026-07-25.xlsx,"(15, 20]"
2026-07-25,20:30,USA 1,New England Revolution,Atlanta Utd,19.0,99.8%,200,11.11,GREEN,,XGBoost (Lay 0x0),1,sinais_lay0x0_gestao_2026-07-25.xlsx,"(15, 20]"
2026-07-25,20:30,USA 1,New York City,Chicago Fire,21.0,100.0%,200,10.0,GREEN,,XGBoost (Lay 0x0),1,sinais_lay0x0_gestao_2026-07-25.xlsx,"(20, 30]"
2026-07-25,20:30,USA 1,Philadelphia,Seattle Sounders,24.0,99.8%,200,8.7,GREEN,,XGBoost (Lay 0x0),1,sinais_lay0x0_gestao_2026-07-25.xlsx,"(20, 30]"
2026-07-25,21:30,USA 1,Houston Dynamo,Austin FC,18.5,100.0%,200,11.43,GREEN,,XGBoost (Lay 0x0),1,sinais_lay0x0_gestao_2026-07-25.xlsx,"(15, 20]"
2026-07-25,21:30,USA 1,Minnesota Utd,Vancouver Whitecaps,21.0,99.8%,200,10.0,RED,,XGBoost (Lay 0x0),0,sinais_lay0x0_gestao_2026-07-25.xlsx,"(20, 30]"
2026-07-25,21:30,USA 1,St Louis City SC,Colorado,19.0,99.8%,200,11.11,GREEN,,XGBoost (Lay 0x0),1,sinais_lay0x0_gestao_2026-07-25.xlsx,"(15, 20]"
2026-07-25,22:15,COLOMBIA 1,Tolima,Junior FC Barranquilla,11.0,96.5%,200,20.0,GREEN,,XGBoost (Lay 0x0),1,sinais_lay0x0_gestao_2026-07-25.xlsx,"(10, 15]"
2026-07-26,00:00,MEXICO 1,Santos Laguna,Atlas,15.0,96.0%,200,14.29,GREEN,,XGBoost (Lay 0x0),1,sinais_lay0x0_gestao_2026-07-26.xlsx,"(10, 15]"
2026-07-26,00:00,MEXICO 1,Tigres,Atletico San Luis,18.5,95.5%,200,11.43,GREEN,,XGBoost (Lay 0x0),1,sinais_lay0x0_gestao_2026-07-26.xlsx,"(15, 20]"
2026-07-26,05:15,CZECH 1,Slavia Praha B,FK Pribram,18.5,96.2%,200,11.43,GREEN,,XGBoost (Lay 0x0),1,sinais_lay0x0_gestao_2026-07-26.xlsx,"(15, 20]"
2026-07-26,07:00,CHINA 1,Yanbian Longding,Meizhou Hakka,17.5,98.5%,200,12.12,GREEN,,XGBoost (Lay 0x0),1,sinais_lay0x0_gestao_2026-07-26.xlsx,"(15, 20]"
2026-07-26,08:00,CHINA 1,Dalian Kun City FC,Suzhou Dongwu,13.0,98.8%,200,16.67,RED,,XGBoost (Lay 0x0),0,sinais_lay0x0_gestao_2026-07-26.xlsx,"(10, 15]"
2026-07-26,08:00,CHINA 1,Yunnan Yukun,Shenzhen Peng City,42.0,98.7%,200,4.88,GREEN,,XGBoost (Lay 0x0),1,sinais_lay0x0_gestao_2026-07-26.xlsx,"(40, 50]"
2026-07-26,08:00,SWEDEN 2,Sundsvall,Falkenbergs,18.5,99.5%,200,11.43,GREEN,,XGBoost (Lay 0x0),1,sinais_lay0x0_gestao_2026-07-26.xlsx,"(15, 20]"
2026-07-26,08:35,CHINA 1,Chengdu Rongcheng,Beijing Guoan,24.0,97.2%,200,8.7,GREEN,,XGBoost (Lay 0x0),1,sinais_lay0x0_gestao_2026-07-26.xlsx,"(20, 30]"
2026-07-26,09:00,DENMARK 2,Hobro,Aarhus Fremad,15.0,97.6%,200,14.29,GREEN,,XGBoost (Lay 0x0),1,sinais_lay0x0_gestao_2026-07-26.xlsx,"(10, 15]"
2026-07-26,09:00,FINLAND 1,FC Inter,Gnistan,19.5,96.2%,200,10.81,GREEN,,XGBoost (Lay 0x0),1,sinais_lay0x0_gestao_2026-07-26.xlsx,"(15, 20]"
2026-07-26,09:00,FINLAND 1,Ilves,Lahti,18.5,97.2%,200,11.43,GREEN,,XGBoost (Lay 0x0),1,sinais_lay0x0_gestao_2026-07-26.xlsx,"(15, 20]"
2026-07-26,09:00,SWEDEN 1,Brommapojkarna,Hammarby,29.0,100.0%,200,7.14,GREEN,,XGBoost (Lay 0x0),1,sinais_lay0x0_gestao_2026-07-26.xlsx,"(20, 30]"
2026-07-26,09:00,SWEDEN 1,Sirius,IFK Goteborg,38.0,100.0%,200,5.41,GREEN,,XGBoost (Lay 0x0),1,sinais_lay0x0_gestao_2026-07-26.xlsx,"(30, 40]"
2026-07-26,10:00,SWEDEN 2,Ljungskile,Sandvikens IF,23.0,97.2%,200,9.09,GREEN,,XGBoost (Lay 0x0),1,sinais_lay0x0_gestao_2026-07-26.xlsx,"(20, 30]"
2026-07-26,11:30,SWEDEN 1,GAIS,Halmstads,23.0,100.0%,200,9.09,GREEN,,XGBoost (Lay 0x0),1,sinais_lay0x0_gestao_2026-07-26.xlsx,"(20, 30]"
2026-07-26,11:30,SWEDEN 1,Malmo FF,Elfsborg,19.5,98.8%,200,10.81,GREEN,,XGBoost (Lay 0x0),1,sinais_lay0x0_gestao_2026-07-26.xlsx,"(15, 20]"
2026-07-26,11:30,SWITZERLAND 1,Lugano,FC Vaduz,24.0,97.2%,200,8.7,GREEN,,XGBoost (Lay 0x0),1,sinais_lay0x0_gestao_2026-07-26.xlsx,"(20, 30]"
2026-07-26,12:00,NORWAY 2,Asane,Egersund,36.0,98.7%,200,5.71,GREEN,,XGBoost (Lay 0x0),1,sinais_lay0x0_gestao_2026-07-26.xlsx,"(30, 40]"
2026-07-26,12:00,NORWAY 1,KFUM Oslo,Molde,22.0,98.8%,200,9.52,GREEN,,XGBoost (Lay 0x0),1,sinais_lay0x0_gestao_2026-07-26.xlsx,"(20, 30]"
2026-07-26,12:00,NORWAY 1,Sandefjord,Bodo Glimt,42.0,99.8%,200,4.88,GREEN,,XGBoost (Lay 0x0),1,sinais_lay0x0_gestao_2026-07-26.xlsx,"(40, 50]"
2026-07-26,12:00,NORWAY 1,Sarpsborg,Ham-Kam,25.0,98.5%,200,8.33,GREEN,,XGBoost (Lay 0x0),1,sinais_lay0x0_gestao_2026-07-26.xlsx,"(20, 30]"
2026-07-26,12:00,SLOVAKIA 1,Ruzomberok,Dunajska Streda,14.0,96.5%,200,15.38,GREEN,,XGBoost (Lay 0x0),1,sinais_lay0x0_gestao_2026-07-26.xlsx,"(10, 15]"
2026-07-26,12:00,SWEDEN 2,Norrby IF,Ostersunds FK,16.5,98.5%,200,12.9,GREEN,,XGBoost (Lay 0x0),1,sinais_lay0x0_gestao_2026-07-26.xlsx,"(15, 20]"
2026-07-26,12:30,CZECH 1,FK Jablonec,Sigma Olomouc,13.0,96.2%,200,16.67,GREEN,,XGBoost (Lay 0x0),1,sinais_lay0x0_gestao_2026-07-26.xlsx,"(10, 15]"
2026-07-26,12:30,POLAND 1,Widzew Lodz,LKP Motor Lublin,14.0,97.2%,200,15.38,GREEN,,XGBoost (Lay 0x0),1,sinais_lay0x0_gestao_2026-07-26.xlsx,"(10, 15]"
2026-07-26,13:00,BULGARIA 1,Cherno More,Spartak Varna,12.5,97.2%,200,17.39,GREEN,,XGBoost (Lay 0x0),1,sinais_lay0x0_gestao_2026-07-26.xlsx,"(10, 15]"
2026-07-26,14:15,NORWAY 1,Aalesunds,Viking,36.0,99.5%,200,5.71,GREEN,,XGBoost (Lay 0x0),1,sinais_lay0x0_gestao_2026-07-26.xlsx,"(30, 40]"
2026-07-26,14:30,ROMANIA 1,Csikszereda,FCSB,16.5,95.5%,200,12.9,GREEN,,XGBoost (Lay 0x0),1,sinais_lay0x0_gestao_2026-07-26.xlsx,"(15, 20]"
2026-07-26,15:00,CZECH 1,Hradec Kralove,Pardubice,13.0,95.5%,200,16.67,GREEN,,XGBoost (Lay 0x0),1,sinais_lay0x0_gestao_2026-07-26.xlsx,"(10, 15]"
2026-07-26,15:00,PERU 1,UTC Cajamarca,Cesar Vallejo Moquegua,16.5,96.5%,200,12.9,GREEN,,XGBoost (Lay 0x0),1,sinais_lay0x0_gestao_2026-07-26.xlsx,"(15, 20]"
2026-07-26,15:00,URUGUAY 1,Cerro,Racing Club (Uru),10.5,94.7%,200,21.05,GREEN,,XGBoost (Lay 0x0),1,sinais_lay0x0_gestao_2026-07-26.xlsx,"(10, 15]"
2026-07-26,15:15,BULGARIA 1,Lokomotiv Plovdiv,Septemvri,11.0,97.2%,200,20.0,GREEN,,XGBoost (Lay 0x0),1,sinais_lay0x0_gestao_2026-07-26.xlsx,"(10, 15]"
2026-07-26,15:15,POLAND 1,Wisla Krakow,GKS Katowice,16.5,97.2%,200,12.9,GREEN,,XGBoost (Lay 0x0),1,sinais_lay0x0_gestao_2026-07-26.xlsx,"(15, 20]"
2026-07-26,16:00,BRAZIL 1,Bahia,Corinthians,12.5,98.8%,200,17.39,GREEN,,XGBoost (Lay 0x0),1,sinais_lay0x0_gestao_2026-07-26.xlsx,"(10, 15]"
2026-07-26,16:00,BRAZIL 1,Cruzeiro MG,Botafogo FR,16.0,96.7%,200,13.33,GREEN,,XGBoost (Lay 0x0),1,sinais_lay0x0_gestao_2026-07-26.xlsx,"(15, 20]"
2026-07-26,16:00,BRAZIL 2,Criciuma,Nautico PE,12.5,97.2%,200,17.39,RED,,XGBoost (Lay 0x0),0,sinais_lay0x0_gestao_2026-07-26.xlsx,"(10, 15]"
2026-07-26,16:00,CHILE 1,Nublense,Palestino,12.5,97.2%,200,17.39,GREEN,,XGBoost (Lay 0x0),1,sinais_lay0x0_gestao_2026-07-26.xlsx,"(10, 15]"
2026-07-26,16:00,COLOMBIA 1,Internacional de Bogotá,America de Cali S.A,10.5,99.5%,200,21.05,GREEN,,XGBoost (Lay 0x0),1,sinais_lay0x0_gestao_2026-07-26.xlsx,"(10, 15]"
2026-07-26,16:00,PARAGUAY 1,Olimpia,Libertad,14.0,97.6%,200,15.38,GREEN,,XGBoost (Lay 0x0),1,sinais_lay0x0_gestao_2026-07-26.xlsx,"(10, 15]"
2026-07-26,18:30,BRAZIL 1,Gremio,Fluminense,12.0,98.5%,200,18.18,GREEN,,XGBoost (Lay 0x0),1,sinais_lay0x0_gestao_2026-07-26.xlsx,"(10, 15]"
2026-07-26,18:30,BRAZIL 1,Red Bull Bragantino,Coritiba,14.5,98.5%,200,14.81,RED,,XGBoost (Lay 0x0),0,sinais_lay0x0_gestao_2026-07-26.xlsx,"(10, 15]"
2026-07-26,18:30,BRAZIL 2,Londrina,Novorizontino,11.0,94.7%,200,20.0,GREEN,,XGBoost (Lay 0x0),1,sinais_lay0x0_gestao_2026-07-26.xlsx,"(10, 15]"
2026-07-26,18:30,CHILE 1,Audax Italiano,Universidad de Chile,15.0,97.2%,200,14.29,GREEN,,XGBoost (Lay 0x0),1,sinais_lay0x0_gestao_2026-07-26.xlsx,"(10, 15]"
2026-07-26,19:30,BRAZIL 1,SE Palmeiras,Atletico MG,12.0,97.6%,200,18.18,GREEN,,XGBoost (Lay 0x0),1,sinais_lay0x0_gestao_2026-07-26.xlsx,"(10, 15]"
2026-07-26,20:00,MEXICO 1,Necaxa,Monterrey,21.0,97.2%,200,10.0,GREEN,,XGBoost (Lay 0x0),1,sinais_lay0x0_gestao_2026-07-26.xlsx,"(20, 30]"
2026-07-26,21:00,PERU 1,Deportivo Garcilaso,FC Cajamarca,14.0,96.5%,200,15.38,GREEN,,XGBoost (Lay 0x0),1,sinais_lay0x0_gestao_2026-07-26.xlsx,"(10, 15]"
2026-07-27,12:30,ROMANIA 1,CFR Cluj,FC Voluntari,16.5,96.0%,200,12.9,GREEN,,XGBoost (Lay 0x0),1,sinais_lay0x0_gestao_2026-07-27.xlsx,"(15, 20]"
2026-07-27,13:00,BULGARIA 1,Dunav Ruse,Ludogorets,19.5,96.2%,200,10.81,GREEN,,XGBoost (Lay 0x0),1,sinais_lay0x0_gestao_2026-07-27.xlsx,"(15, 20]"
2026-07-27,13:00,CZECH 1,SFC Opava,MFK Karvina,16.0,94.7%,200,13.33,GREEN,,XGBoost (Lay 0x0),1,sinais_lay0x0_gestao_2026-07-27.xlsx,"(15, 20]"
2026-07-27,14:00,DENMARK 1,Randers,Silkeborg,19.0,96.2%,200,11.11,GREEN,,XGBoost (Lay 0x0),1,sinais_lay0x0_gestao_2026-07-27.xlsx,"(15, 20]"
2026-07-27,14:00,NORWAY 2,Stabaek,Hodd,48.0,100.0%,200,4.26,GREEN,,XGBoost (Lay 0x0),1,sinais_lay0x0_gestao_2026-07-27.xlsx,"(40, 50]"
2026-07-27,14:00,POLAND 1,Zaglebie Lubin,Piast Gliwice,11.0,98.5%,200,20.0,GREEN,,XGBoost (Lay 0x0),1,sinais_lay0x0_gestao_2026-07-27.xlsx,"(10, 15]"
2026-07-27,14:00,SWEDEN 1,Hacken,AIK,32.0,98.8%,200,6.45,RED,,XGBoost (Lay 0x0),0,sinais_lay0x0_gestao_2026-07-27.xlsx,"(30, 40]"
2026-07-27,14:00,SWEDEN 2,Orebro,Oddevold,19.0,98.8%,200,11.11,RED,,XGBoost (Lay 0x0),0,sinais_lay0x0_gestao_2026-07-27.xlsx,"(15, 20]"
2026-07-27,15:15,BULGARIA 1,CSKA Sofia,Botev Plovdiv,16.0,96.0%,200,13.33,GREEN,,XGBoost (Lay 0x0),1,sinais_lay0x0_gestao_2026-07-27.xlsx,"(15, 20]"
2026-07-27,15:30,ROMANIA 1,Botosani,Rapid Bucharest,12.5,95.5%,200,17.39,GREEN,,XGBoost (Lay 0x0),1,sinais_lay0x0_gestao_2026-07-27.xlsx,"(10, 15]"
2026-07-27,16:15,ICELAND 1,KA Akureyri,Thor,42.0,100.0%,200,4.88,RED,,XGBoost (Lay 0x0),0,sinais_lay0x0_gestao_2026-07-27.xlsx,"(40, 50]"
2026-07-27,18:30,ECUADOR 1,Guayaquil City,Univ Catolica (Ecu),12.0,98.5%,200,18.18,RED,,XGBoost (Lay 0x0),0,sinais_lay0x0_gestao_2026-07-27.xlsx,"(10, 15]"
2026-07-27,19:30,BRAZIL 2,CRB,Vila Nova,12.0,97.6%,200,18.18,GREEN,,XGBoost (Lay 0x0),1,sinais_lay0x0_gestao_2026-07-27.xlsx,"(10, 15]"
2026-07-28,14:00,SWEDEN 2,Landskrona,Norrkoping,18.5,98.5%,200,11.43,GREEN,,XGBoost (Lay 0x0),1,sinais_lay0x0_gestao_2026-07-28.xlsx,"(15, 20]"
2026-07-28,21:35,BRAZIL 2,Fortaleza EC,Botafogo SP,10.5,96.5%,200,21.05,GREEN,,XGBoost (Lay 0x0),1,sinais_lay0x0_gestao_2026-07-28.xlsx,"(10, 15]"
