Date,League,Home,Away,Odd_CS_0x1_Lay,Prob_ML,EV_LAY,Decision,Reason,Timestamp
2026-08-18 00:00:00,ARGENTINA CUP,Deportivo Riestra,Gimnasia La Plata,6.4,0.897037629402354,0.29618894670494766,APOSTA,APROVADO,2026-08-19T13:59:58.212751
2026-08-18 00:00:00,COPA LIBERTADORES,Independiente Rivadavia,Fluminense,9.2,0.9033869915402283,0.06599097259308873,APOSTA,APROVADO,2026-08-19T13:59:58.927917
2026-08-19 00:00:00,ARGENTINA CUP,Racing Club,Belgrano,8.8,0.9559226403780905,0.5643231033082918,APOSTA,APROVADO,2026-08-19T14:00:47.834228
2026-08-19 00:00:00,BRAZIL 2,Botafogo SP,Criciuma,9.4,0.9038741934981693,0.051223709207883106,APOSTA,APROVADO,2026-08-19T14:00:52.995902
2026-08-18 00:00:00,ARGENTINA CUP,Deportivo Riestra,Gimnasia La Plata,6.4,0.897037629402354,0.29618894670494766,APOSTA,APROVADO,2026-08-19T17:01:01.740064
2026-08-18 00:00:00,COPA LIBERTADORES,Independiente Rivadavia,Fluminense,9.2,0.9033869915402283,0.06599097259308873,APOSTA,APROVADO,2026-08-19T17:01:02.800119
2026-08-20 00:00:00,EUROPA LEAGUE,Kairat Almaty,Anderlecht,8.8,0.9081714332893887,0.14650004128215066,APOSTA,APROVADO,2026-08-20T06:40:15.692568
2026-08-20 00:00:00,EUROPA CONFERENCE LEAGUE,Tromso,Brighton,9.4,0.9055847051516206,0.0672169931676525,APOSTA,APROVADO,2026-08-20T06:40:28.240035
2026-08-20 00:00:00,EUROPA CONFERENCE LEAGUE,Gornik Zabrze,Monaco,9.4,0.9221183977575984,0.22180701903354505,APOSTA,APROVADO,2026-08-20T06:40:54.531828
2026-08-20 00:00:00,EUROPA LEAGUE,Kairat Almaty,Anderlecht,8.0,0.8944645278727903,0.11099299658868278,APOSTA,APROVADO,2026-08-20T12:50:24.344505
2026-08-20 00:00:00,EUROPA CONFERENCE LEAGUE,Motherwell,Freiburg,9.0,0.9017287741202447,0.07047252837618967,APOSTA,APROVADO,2026-08-20T12:50:27.378749
2026-08-01 00:00:00,ARGENTINA 1,Estudiantes Rio Cuarto,Banfield,8.4,0.9054242430085881,0.16029242912171104,APOSTA,APROVADO,2026-08-20T21:54:06.077922
2026-08-01 00:00:00,ARGENTINA 1,Gimnasia Mendoza,Union Santa Fe,8.4,0.9198227381781721,0.28051986378773663,APOSTA,APROVADO,2026-08-20T21:54:06.251895
2026-08-02 00:00:00,ARGENTINA 1,Aldosivi,Gimnasia La Plata,6.8,0.8854772013070601,0.17697110882265554,APOSTA,APROVADO,2026-08-20T21:54:26.476886
2026-08-02 00:00:00,ARGENTINA 1,Deportivo Riestra,Barracas Central,9.0,0.9149316304096988,0.1886380921668045,APOSTA,APROVADO,2026-08-20T21:54:26.662791
2026-08-02 00:00:00,ARGENTINA 2,Ciudad de Bolivar,Club Atletico Mitre,9.2,0.9116101918159363,0.14123325511581697,APOSTA,APROVADO,2026-08-20T21:54:26.908233
2026-08-02 00:00:00,SERBIA 1,Zemun,Radnicki Nis,8.8,0.8993434864884952,0.06925550677433256,APOSTA,APROVADO,2026-08-20T21:54:27.315935
2026-08-02 00:00:00,ARGENTINA 2,Chaco For Ever,Deportivo Moron,8.8,0.9004286900990005,0.0787510383662543,APOSTA,APROVADO,2026-08-20T21:54:27.734213
2026-08-03 00:00:00,ARGENTINA 1,Central Cordoba (SdE),San Lorenzo,7.4,0.9559373194030831,0.626139297612661,APOSTA,APROVADO,2026-08-20T21:54:44.828193
2026-08-05 00:00:00,ARGENTINA 1,Tigre,Belgrano,8.6,0.9094221645266451,0.17555950670281606,APOSTA,APROVADO,2026-08-20T21:55:17.227107
2026-08-06 00:00:00,ARGENTINA 1,Union Santa Fe,Lanus,9.2,0.9690230770593132,0.666561155092716,APOSTA,APROVADO,2026-08-20T21:55:38.793364
2026-08-08 00:00:00,CROATIA 1,Rudes,Osijek,8.6,0.9055222822242746,0.14221551301754742,APOSTA,APROVADO,2026-08-20T21:56:15.613707
2026-08-08 00:00:00,ARGENTINA 1,Deportivo Riestra,Estudiantes,7.4,0.8920211531769997,0.15635547585094778,APOSTA,APROVADO,2026-08-20T21:56:16.254760
2026-08-08 00:00:00,FRANCE 2,Clermont,Reims,8.2,0.8939741633482245,0.08588943128803006,APOSTA,APROVADO,2026-08-20T21:56:17.584559
2026-08-08 00:00:00,ARGENTINA 1,Tigre,River Plate,6.6,0.9153903738800147,0.3958069489140959,APOSTA,APROVADO,2026-08-20T21:56:19.626838
2026-08-09 00:00:00,PORTUGAL 2,Farense,Torreense,8.4,0.8993434864884952,0.10951811217893448,APOSTA,APROVADO,2026-08-20T21:56:34.640405
2026-08-09 00:00:00,BRAZIL 2,Athletic Club,Criciuma,8.2,0.9034447929253749,0.1630750623418058,APOSTA,APROVADO,2026-08-20T21:56:36.878188
2026-08-09 00:00:00,BULGARIA 1,Cherno More,Ludogorets,7.8,0.8887728260687446,0.08798940203277095,APOSTA,APROVADO,2026-08-20T21:56:39.382353
2026-08-09 00:00:00,ARGENTINA 2,Los Andes,Ferro Carril Oeste,8.0,0.9039920229480221,0.18673658243677527,APOSTA,APROVADO,2026-08-20T21:56:40.442608
2026-08-09 00:00:00,ARGENTINA 2,Club Atletico Mitre,Defensores de Belgrano,8.8,0.917811346194833,0.23084927920478826,APOSTA,APROVADO,2026-08-20T21:56:41.878213
2026-08-09 00:00:00,CHILE 1,Union La Calera,Colo Colo,9.2,0.9064826615088434,0.09431635280591688,APOSTA,APROVADO,2026-08-20T21:56:43.721303
2026-08-10 00:00:00,ARGENTINA 1,Banfield,Belgrano,7.8,0.9642277710897613,0.6727652259456501,APOSTA,APROVADO,2026-08-20T21:57:08.726714
2026-08-11 00:00:00,EUROPA CONFERENCE LEAGUE,CSKA 1948 Sofia,Panathinaikos,7.8,0.9008422124426643,0.18152714643064805,APOSTA,APROVADO,2026-08-20T21:57:26.443310
2026-08-12 00:00:00,SOUTH AFRICA 1,Durban City,Golden Arrows,7.4,0.8817903771688957,0.08115927219138364,APOSTA,APROVADO,2026-08-20T21:57:41.796921
2026-08-13 00:00:00,COPA LIBERTADORES,Rosario Central,Corinthians,9.0,0.9310110647885933,0.33254902985791,APOSTA,APROVADO,2026-08-20T21:57:58.660044
2026-08-14 00:00:00,FRANCE 2,Laval,Nantes,8.6,0.9057832462806863,0.14444675569986787,APOSTA,APROVADO,2026-08-20T21:58:15.745169
2026-08-14 00:00:00,ARGENTINA 2,Atletico Rafaela,Defensores de Belgrano,9.2,0.9168841986606605,0.18949041774504372,APOSTA,APROVADO,2026-08-20T21:58:17.365225
2026-08-15 00:00:00,SOUTH KOREA 2,Gimhae City,Gyeongnam,9.2,0.9056116297916329,0.086346412593441,APOSTA,APROVADO,2026-08-20T21:58:32.401909
2026-08-15 00:00:00,SOUTH AFRICA 1,Kaizer Chiefs,Mamelodi Sundowns,7.0,0.8777882172580049,0.1006281099431342,APOSTA,APROVADO,2026-08-20T21:58:34.132154
2026-08-15 00:00:00,ENGLAND 3,Burton Albion,Stevenage,9.2,0.9054714255537872,0.0850635438171532,APOSTA,APROVADO,2026-08-20T21:58:35.907234
2026-08-15 00:00:00,SOUTH AFRICA 1,Sekhukhune United,Polokwane City,9.2,0.9038770699835551,0.0704751903495292,APOSTA,APROVADO,2026-08-20T21:58:37.924023
2026-08-15 00:00:00,ARGENTINA 1,Aldosivi,Tigre,6.6,0.8733472031744582,0.12042418079270145,APOSTA,APROVADO,2026-08-20T21:58:39.347364
2026-08-15 00:00:00,ARGENTINA 1,San Lorenzo,Union Santa Fe,8.8,0.9476321886914123,0.49178165104985755,APOSTA,APROVADO,2026-08-20T21:58:39.559218
2026-08-15 00:00:00,TURKEY 1,Genclerbirligi,Fenerbahce,8.8,0.9050082518052601,0.11882220329602589,APOSTA,APROVADO,2026-08-20T21:58:40.775548
2026-08-16 00:00:00,BRAZIL 1,Chapecoense,Bahia,9.4,0.9054102997054061,0.06558630224554696,APOSTA,APROVADO,2026-08-20T21:59:00.763694
2026-08-16 00:00:00,BOSNIA 1,Sloga Doboj,Borac Banja Luka,8.0,0.9052480960806552,0.19672236384120845,APOSTA,APROVADO,2026-08-20T21:59:06.603735
2026-08-16 00:00:00,ARGENTINA 2,Tristan Suarez,Almirante Brown,9.2,0.9311537786665536,0.3200570747989653,APOSTA,APROVADO,2026-08-20T21:59:07.324394
2026-08-16 00:00:00,BOSNIA 1,Radnik Bijeljina,Zrinjski,7.4,0.8908176376330191,0.14750963660269056,APOSTA,APROVADO,2026-08-20T21:59:08.207311
2026-08-16 00:00:00,SERBIA 1,Zemun,Mladost Lucani,9.4,0.910359352260012,0.11185994363111185,APOSTA,APROVADO,2026-08-20T21:59:08.925451
2026-08-16 00:00:00,BRAZIL 1,Mirassol,Flamengo,8.8,0.9020877773923426,0.0932680521829975,APOSTA,APROVADO,2026-08-20T21:59:09.657141
2026-08-16 00:00:00,BRAZIL 3,Confianca,Maringa,8.8,0.9010025737818372,0.08377252059107576,APOSTA,APROVADO,2026-08-20T21:59:10.239159
2026-08-16 00:00:00,ARGENTINA 1,Barracas Central,Rosario Central,8.2,0.9010636996302184,0.14366915198627972,APOSTA,APROVADO,2026-08-20T21:59:11.389997
2026-08-16 00:00:00,ARGENTINA 1,Central Cordoba (SdE),Instituto,7.0,0.9255797581984864,0.43277931947948023,APOSTA,APROVADO,2026-08-20T21:59:11.679666
2026-08-17 00:00:00,ARGENTINA 2,All Boys,Nueva Chicago,9.0,0.9338809069596431,0.3582341172888057,APOSTA,APROVADO,2026-08-20T21:59:40.321924
2026-08-17 00:00:00,PORTUGAL 1,Casa Pia,Benfica,9.4,0.9173887875867592,0.17758516393619883,APOSTA,APROVADO,2026-08-20T21:59:42.437160
2026-08-01 00:00:00,ARGENTINA 1,Estudiantes Rio Cuarto,Banfield,8.4,0.9054242430085881,0.16029242912171104,APOSTA,APROVADO,2026-08-20T21:59:55.482117
2026-08-01 00:00:00,ARGENTINA 1,Gimnasia Mendoza,Union Santa Fe,8.4,0.9198227381781721,0.28051986378773663,APOSTA,APROVADO,2026-08-20T21:59:55.682989
2026-08-18 00:00:00,ARGENTINA CUP,Deportivo Riestra,Gimnasia La Plata,6.4,0.897037629402354,0.29618894670494766,APOSTA,APROVADO,2026-08-20T22:00:07.385711
2026-08-18 00:00:00,COPA LIBERTADORES,Independiente Rivadavia,Fluminense,9.2,0.9033869915402283,0.06599097259308873,APOSTA,APROVADO,2026-08-20T22:00:07.719615
2026-08-02 00:00:00,ARGENTINA 1,Aldosivi,Gimnasia La Plata,6.8,0.8854772013070601,0.17697110882265554,APOSTA,APROVADO,2026-08-20T22:00:27.433822
2026-08-02 00:00:00,ARGENTINA 1,Deportivo Riestra,Barracas Central,9.0,0.9149316304096988,0.1886380921668045,APOSTA,APROVADO,2026-08-20T22:00:27.734928
2026-08-02 00:00:00,ARGENTINA 2,Ciudad de Bolivar,Club Atletico Mitre,9.2,0.9116101918159363,0.14123325511581697,APOSTA,APROVADO,2026-08-20T22:00:28.097598
2026-08-02 00:00:00,SERBIA 1,Zemun,Radnicki Nis,8.8,0.8993434864884952,0.06925550677433256,APOSTA,APROVADO,2026-08-20T22:00:28.748614
2026-08-02 00:00:00,ARGENTINA 2,Chaco For Ever,Deportivo Moron,8.8,0.9004286900990005,0.0787510383662543,APOSTA,APROVADO,2026-08-20T22:00:29.401756
2026-08-19 00:00:00,ARGENTINA CUP,Racing Club,Belgrano,8.8,0.9559226403780905,0.5643231033082918,APOSTA,APROVADO,2026-08-20T22:00:30.952004
2026-08-19 00:00:00,BRAZIL 2,Botafogo SP,Criciuma,9.4,0.9038741934981693,0.051223709207883106,APOSTA,APROVADO,2026-08-20T22:00:32.580901
2026-08-20 00:00:00,SAUDI ARABIA 1,Al-Feiha,Al-Hilal,8.8,0.90469875945401,0.11611414522258756,APOSTA,APROVADO,2026-08-20T22:00:54.063737
2026-08-20 00:00:00,EUROPA LEAGUE,OFI,CSKA Sofia,8.4,0.9018882655860592,0.130767017643594,APOSTA,APROVADO,2026-08-20T22:00:54.847332
2026-08-20 00:00:00,EUROPA CONFERENCE LEAGUE,Motherwell,Freiburg,8.2,0.8898550395530889,0.05231857235767434,APOSTA,APROVADO,2026-08-20T22:00:55.945379
2026-08-20 00:00:00,COPA LIBERTADORES,Corinthians,Rosario Central,9.2,0.9262867992960938,0.2755242135592584,APOSTA,APROVADO,2026-08-20T22:00:57.630751
2026-08-01 00:00:00,ARGENTINA 1,Estudiantes Rio Cuarto,Banfield,8.4,0.9054242430085881,0.16029242912171104,APOSTA,APROVADO,2026-08-20T22:02:06.728172
2026-08-01 00:00:00,ARGENTINA 1,Gimnasia Mendoza,Union Santa Fe,8.4,0.9198227381781721,0.28051986378773663,APOSTA,APROVADO,2026-08-20T22:02:06.988935
2026-08-02 00:00:00,ARGENTINA 1,Aldosivi,Gimnasia La Plata,6.8,0.8854772013070601,0.17697110882265554,APOSTA,APROVADO,2026-08-20T22:02:29.894330
2026-08-02 00:00:00,ARGENTINA 1,Deportivo Riestra,Barracas Central,9.0,0.9149316304096988,0.1886380921668045,APOSTA,APROVADO,2026-08-20T22:02:30.065220
2026-08-02 00:00:00,ARGENTINA 2,Ciudad de Bolivar,Club Atletico Mitre,9.2,0.9116101918159363,0.14123325511581697,APOSTA,APROVADO,2026-08-20T22:02:30.313301
2026-08-02 00:00:00,SERBIA 1,Zemun,Radnicki Nis,8.8,0.8993434864884952,0.06925550677433256,APOSTA,APROVADO,2026-08-20T22:02:30.795027
2026-08-02 00:00:00,ARGENTINA 2,Chaco For Ever,Deportivo Moron,8.8,0.9004286900990005,0.0787510383662543,APOSTA,APROVADO,2026-08-20T22:02:31.273017
2026-08-03 00:00:00,ARGENTINA 1,Central Cordoba (SdE),San Lorenzo,7.4,0.9559373194030831,0.626139297612661,APOSTA,APROVADO,2026-08-20T22:02:51.929931
2026-08-01 00:00:00,ARGENTINA 1,Estudiantes Rio Cuarto,Banfield,8.4,0.9054242430085881,0.16029242912171104,APOSTA,APROVADO,2026-08-20T22:04:03.331576
2026-08-01 00:00:00,ARGENTINA 1,Gimnasia Mendoza,Union Santa Fe,8.4,0.9198227381781721,0.28051986378773663,APOSTA,APROVADO,2026-08-20T22:04:03.622872
2026-08-02 00:00:00,ARGENTINA 1,Aldosivi,Gimnasia La Plata,6.8,0.8854772013070601,0.17697110882265554,APOSTA,APROVADO,2026-08-20T22:04:27.923457
2026-08-02 00:00:00,ARGENTINA 1,Deportivo Riestra,Barracas Central,9.0,0.9149316304096988,0.1886380921668045,APOSTA,APROVADO,2026-08-20T22:04:28.180064
2026-08-02 00:00:00,ARGENTINA 2,Ciudad de Bolivar,Club Atletico Mitre,9.2,0.9116101918159363,0.14123325511581697,APOSTA,APROVADO,2026-08-20T22:04:28.458942
2026-08-02 00:00:00,SERBIA 1,Zemun,Radnicki Nis,8.8,0.8993434864884952,0.06925550677433256,APOSTA,APROVADO,2026-08-20T22:04:29.036769
2026-08-02 00:00:00,ARGENTINA 2,Chaco For Ever,Deportivo Moron,8.8,0.9004286900990005,0.0787510383662543,APOSTA,APROVADO,2026-08-20T22:04:29.610404
2026-08-03 00:00:00,ARGENTINA 1,Central Cordoba (SdE),San Lorenzo,7.4,0.9559373194030831,0.626139297612661,APOSTA,APROVADO,2026-08-20T22:04:50.509057
2026-08-05 00:00:00,ARGENTINA 1,Tigre,Belgrano,8.6,0.9094221645266451,0.17555950670281606,APOSTA,APROVADO,2026-08-20T22:05:26.856501
2026-08-06 00:00:00,ARGENTINA 1,Union Santa Fe,Lanus,9.2,0.9690230770593132,0.666561155092716,APOSTA,APROVADO,2026-08-20T22:05:48.388412
2026-08-08 00:00:00,CROATIA 1,Rudes,Osijek,8.6,0.9055222822242746,0.14221551301754742,APOSTA,APROVADO,2026-08-20T22:06:35.043702
2026-08-08 00:00:00,ARGENTINA 1,Deportivo Riestra,Estudiantes,7.4,0.8920211531769997,0.15635547585094778,APOSTA,APROVADO,2026-08-20T22:06:35.916881
2026-08-08 00:00:00,FRANCE 2,Clermont,Reims,8.2,0.8939741633482245,0.08588943128803006,APOSTA,APROVADO,2026-08-20T22:06:37.601002
2026-08-08 00:00:00,ARGENTINA 1,Tigre,River Plate,6.6,0.9153903738800147,0.3958069489140959,APOSTA,APROVADO,2026-08-20T22:06:39.956356
2026-08-09 00:00:00,PORTUGAL 2,Farense,Torreense,8.4,0.8993434864884952,0.10951811217893448,APOSTA,APROVADO,2026-08-20T22:06:58.021703
2026-08-09 00:00:00,BRAZIL 2,Athletic Club,Criciuma,8.2,0.9034447929253749,0.1630750623418058,APOSTA,APROVADO,2026-08-20T22:07:01.413291
2026-08-09 00:00:00,BULGARIA 1,Cherno More,Ludogorets,7.8,0.8887728260687446,0.08798940203277095,APOSTA,APROVADO,2026-08-20T22:07:04.357721
2026-08-09 00:00:00,ARGENTINA 2,Los Andes,Ferro Carril Oeste,8.0,0.9039920229480221,0.18673658243677527,APOSTA,APROVADO,2026-08-20T22:07:05.720328
2026-08-09 00:00:00,ARGENTINA 2,Club Atletico Mitre,Defensores de Belgrano,8.8,0.917811346194833,0.23084927920478826,APOSTA,APROVADO,2026-08-20T22:07:07.455258
2026-08-09 00:00:00,CHILE 1,Union La Calera,Colo Colo,9.2,0.9064826615088434,0.09431635280591688,APOSTA,APROVADO,2026-08-20T22:07:09.697293
2026-08-10 00:00:00,ARGENTINA 1,Banfield,Belgrano,7.8,0.9642277710897613,0.6727652259456501,APOSTA,APROVADO,2026-08-20T22:07:32.928837
2026-08-11 00:00:00,EUROPA CONFERENCE LEAGUE,CSKA 1948 Sofia,Panathinaikos,7.8,0.9008422124426643,0.18152714643064805,APOSTA,APROVADO,2026-08-20T22:07:49.845583
2026-08-12 00:00:00,SOUTH AFRICA 1,Durban City,Golden Arrows,7.4,0.8817903771688957,0.08115927219138364,APOSTA,APROVADO,2026-08-20T22:08:07.476515
2026-08-13 00:00:00,COPA LIBERTADORES,Rosario Central,Corinthians,9.0,0.9310110647885933,0.33254902985791,APOSTA,APROVADO,2026-08-20T22:08:26.824463
2026-08-14 00:00:00,FRANCE 2,Laval,Nantes,8.6,0.9057832462806863,0.14444675569986787,APOSTA,APROVADO,2026-08-20T22:08:45.839964
2026-08-14 00:00:00,ARGENTINA 2,Atletico Rafaela,Defensores de Belgrano,9.2,0.9168841986606605,0.18949041774504372,APOSTA,APROVADO,2026-08-20T22:08:48.173138
2026-08-01 00:00:00,ARGENTINA 1,Estudiantes Rio Cuarto,Banfield,8.4,0.9054242430085881,0.16029242912171104,APOSTA,APROVADO,2026-08-20T22:11:47.142161
2026-08-01 00:00:00,ARGENTINA 1,Gimnasia Mendoza,Union Santa Fe,8.4,0.9198227381781721,0.28051986378773663,APOSTA,APROVADO,2026-08-20T22:11:47.368136
2026-08-02 00:00:00,ARGENTINA 1,Aldosivi,Gimnasia La Plata,6.8,0.8854772013070601,0.17697110882265554,APOSTA,APROVADO,2026-08-20T22:12:13.890249
2026-08-02 00:00:00,ARGENTINA 1,Deportivo Riestra,Barracas Central,9.0,0.9149316304096988,0.1886380921668045,APOSTA,APROVADO,2026-08-20T22:12:14.125051
2026-08-02 00:00:00,ARGENTINA 2,Ciudad de Bolivar,Club Atletico Mitre,9.2,0.9116101918159363,0.14123325511581697,APOSTA,APROVADO,2026-08-20T22:12:14.390526
2026-08-02 00:00:00,SERBIA 1,Zemun,Radnicki Nis,8.8,0.8993434864884952,0.06925550677433256,APOSTA,APROVADO,2026-08-20T22:12:14.972089
2026-08-02 00:00:00,ARGENTINA 2,Chaco For Ever,Deportivo Moron,8.8,0.9004286900990005,0.0787510383662543,APOSTA,APROVADO,2026-08-20T22:12:15.575607
2026-08-03 00:00:00,ARGENTINA 1,Central Cordoba (SdE),San Lorenzo,7.4,0.9559373194030831,0.626139297612661,APOSTA,APROVADO,2026-08-20T22:12:42.233056
2026-08-05 00:00:00,ARGENTINA 1,Tigre,Belgrano,8.6,0.9094221645266451,0.17555950670281606,APOSTA,APROVADO,2026-08-20T22:13:20.473537
2026-08-06 00:00:00,ARGENTINA 1,Union Santa Fe,Lanus,9.2,0.9690230770593132,0.666561155092716,APOSTA,APROVADO,2026-08-20T22:13:41.264357
2026-08-08 00:00:00,CROATIA 1,Rudes,Osijek,8.6,0.9055222822242746,0.14221551301754742,APOSTA,APROVADO,2026-08-20T22:14:26.912576
2026-08-08 00:00:00,ARGENTINA 1,Deportivo Riestra,Estudiantes,7.4,0.8920211531769997,0.15635547585094778,APOSTA,APROVADO,2026-08-20T22:14:27.749172
2026-08-08 00:00:00,FRANCE 2,Clermont,Reims,8.2,0.8939741633482245,0.08588943128803006,APOSTA,APROVADO,2026-08-20T22:14:29.878766
2026-08-08 00:00:00,ARGENTINA 1,Tigre,River Plate,6.6,0.9153903738800147,0.3958069489140959,APOSTA,APROVADO,2026-08-20T22:14:32.441118
2026-08-09 00:00:00,PORTUGAL 2,Farense,Torreense,8.4,0.8993434864884952,0.10951811217893448,APOSTA,APROVADO,2026-08-20T22:14:51.877065
2026-08-09 00:00:00,BRAZIL 2,Athletic Club,Criciuma,8.2,0.9034447929253749,0.1630750623418058,APOSTA,APROVADO,2026-08-20T22:14:54.819218
2026-08-09 00:00:00,BULGARIA 1,Cherno More,Ludogorets,7.8,0.8887728260687446,0.08798940203277095,APOSTA,APROVADO,2026-08-20T22:14:57.727292
2026-08-09 00:00:00,ARGENTINA 2,Los Andes,Ferro Carril Oeste,8.0,0.9039920229480221,0.18673658243677527,APOSTA,APROVADO,2026-08-20T22:14:59.075011
2026-08-09 00:00:00,ARGENTINA 2,Club Atletico Mitre,Defensores de Belgrano,8.8,0.917811346194833,0.23084927920478826,APOSTA,APROVADO,2026-08-20T22:15:01.065139
2026-08-09 00:00:00,CHILE 1,Union La Calera,Colo Colo,9.2,0.9064826615088434,0.09431635280591688,APOSTA,APROVADO,2026-08-20T22:15:04.031765
2026-08-10 00:00:00,ARGENTINA 1,Banfield,Belgrano,7.8,0.9642277710897613,0.6727652259456501,APOSTA,APROVADO,2026-08-20T22:15:25.171756
2026-08-11 00:00:00,EUROPA CONFERENCE LEAGUE,CSKA 1948 Sofia,Panathinaikos,7.8,0.9008422124426643,0.18152714643064805,APOSTA,APROVADO,2026-08-20T22:15:43.405433
2026-08-12 00:00:00,SOUTH AFRICA 1,Durban City,Golden Arrows,7.4,0.8817903771688957,0.08115927219138364,APOSTA,APROVADO,2026-08-20T22:16:00.974107
2026-08-13 00:00:00,COPA LIBERTADORES,Rosario Central,Corinthians,9.0,0.9310110647885933,0.33254902985791,APOSTA,APROVADO,2026-08-20T22:16:20.479674
2026-08-14 00:00:00,FRANCE 2,Laval,Nantes,8.6,0.9057832462806863,0.14444675569986787,APOSTA,APROVADO,2026-08-20T22:16:40.102813
2026-08-14 00:00:00,ARGENTINA 2,Atletico Rafaela,Defensores de Belgrano,9.2,0.9168841986606605,0.18949041774504372,APOSTA,APROVADO,2026-08-20T22:16:41.814805
2026-08-15 00:00:00,SOUTH KOREA 2,Gimhae City,Gyeongnam,9.2,0.9056116297916329,0.086346412593441,APOSTA,APROVADO,2026-08-20T22:16:58.750213
2026-08-15 00:00:00,SOUTH AFRICA 1,Kaizer Chiefs,Mamelodi Sundowns,7.0,0.8777882172580049,0.1006281099431342,APOSTA,APROVADO,2026-08-20T22:17:00.237890
2026-08-15 00:00:00,ENGLAND 3,Burton Albion,Stevenage,9.2,0.9054714255537872,0.0850635438171532,APOSTA,APROVADO,2026-08-20T22:17:02.254901
2026-08-15 00:00:00,SOUTH AFRICA 1,Sekhukhune United,Polokwane City,9.2,0.9038770699835551,0.0704751903495292,APOSTA,APROVADO,2026-08-20T22:17:04.214751
2026-08-15 00:00:00,ARGENTINA 1,Aldosivi,Tigre,6.6,0.8733472031744582,0.12042418079270145,APOSTA,APROVADO,2026-08-20T22:17:05.361501
2026-08-15 00:00:00,ARGENTINA 1,San Lorenzo,Union Santa Fe,8.8,0.9476321886914123,0.49178165104985755,APOSTA,APROVADO,2026-08-20T22:17:05.647060
2026-08-15 00:00:00,TURKEY 1,Genclerbirligi,Fenerbahce,8.8,0.9050082518052601,0.11882220329602589,APOSTA,APROVADO,2026-08-20T22:17:07.040181
2026-08-16 00:00:00,BRAZIL 1,Chapecoense,Bahia,9.4,0.9054102997054061,0.06558630224554696,APOSTA,APROVADO,2026-08-20T22:17:27.800275
2026-08-16 00:00:00,BOSNIA 1,Sloga Doboj,Borac Banja Luka,8.0,0.9052480960806552,0.19672236384120845,APOSTA,APROVADO,2026-08-20T22:17:32.252243
2026-08-16 00:00:00,ARGENTINA 2,Tristan Suarez,Almirante Brown,9.2,0.9311537786665536,0.3200570747989653,APOSTA,APROVADO,2026-08-20T22:17:33.041419
2026-08-16 00:00:00,BOSNIA 1,Radnik Bijeljina,Zrinjski,7.4,0.8908176376330191,0.14750963660269056,APOSTA,APROVADO,2026-08-20T22:17:34.003246
2026-08-16 00:00:00,SERBIA 1,Zemun,Mladost Lucani,9.4,0.910359352260012,0.11185994363111185,APOSTA,APROVADO,2026-08-20T22:17:34.734707
2026-08-16 00:00:00,BRAZIL 1,Mirassol,Flamengo,8.8,0.9020877773923426,0.0932680521829975,APOSTA,APROVADO,2026-08-20T22:17:35.433009
2026-08-16 00:00:00,BRAZIL 3,Confianca,Maringa,8.8,0.9010025737818372,0.08377252059107576,APOSTA,APROVADO,2026-08-20T22:17:35.927097
2026-08-16 00:00:00,ARGENTINA 1,Barracas Central,Rosario Central,8.2,0.9010636996302184,0.14366915198627972,APOSTA,APROVADO,2026-08-20T22:17:36.701742
2026-08-16 00:00:00,ARGENTINA 1,Central Cordoba (SdE),Instituto,7.0,0.9255797581984864,0.43277931947948023,APOSTA,APROVADO,2026-08-20T22:17:36.887652
2026-08-17 00:00:00,ARGENTINA 2,All Boys,Nueva Chicago,9.0,0.9338809069596431,0.3582341172888057,APOSTA,APROVADO,2026-08-20T22:17:52.974043
2026-08-17 00:00:00,PORTUGAL 1,Casa Pia,Benfica,9.4,0.9173887875867592,0.17758516393619883,APOSTA,APROVADO,2026-08-20T22:17:54.307900
2026-08-18 00:00:00,ARGENTINA CUP,Deportivo Riestra,Gimnasia La Plata,6.4,0.897037629402354,0.29618894670494766,APOSTA,APROVADO,2026-08-20T22:18:10.787467
2026-08-18 00:00:00,COPA LIBERTADORES,Independiente Rivadavia,Fluminense,9.2,0.9033869915402283,0.06599097259308873,APOSTA,APROVADO,2026-08-20T22:18:11.020726
2026-08-19 00:00:00,ARGENTINA CUP,Racing Club,Belgrano,8.8,0.9559226403780905,0.5643231033082918,APOSTA,APROVADO,2026-08-20T22:18:27.376518
