liga,N,logloss_1x2,brier_1x2,overround_%,brier_o25,gap_home_pp,gap_draw_pp,gap_away_pp
SAUDI ARABIA 1,272,0.8730668875999124,0.5112268515916858,10.250873282537315,0.24103382323314881,2.385587544674493,1.0759161769936583,-3.4615037216681586
TURKEY 2,302,0.9155244179604386,0.540106258670471,10.247805870796105,0.23135341166534457,3.769779368883988,-0.9950001769222716,-2.7747791919617306
PORTUGAL 1,251,0.9171039207232334,0.5424360215314894,8.110775464790247,0.23826315697350728,-0.023519042236102905,3.576583293900672,-3.55306425166458
EUROPA CHAMPIONS LEAGUE,223,0.9221118589443411,0.5427527106193248,6.987241343479625,0.22508673009237073,3.1197345317431626,-3.552866250668796,0.4331317189256296
EUROPA CONFERENCE LEAGUE,372,0.9265141013710544,0.5487855086230549,8.985777401318574,0.24320612122914956,0.4679033026594226,0.2988003139532509,-0.7667036166126735
GREECE 1,183,0.937503596019281,0.5563045258843518,7.975314314492293,0.23764685000814373,-1.6786608373353715,3.4386178867698867,-1.759957049434501
BULGARIA 1,232,0.9416193112377843,0.5578620789542414,8.272310938260942,0.23817957784651195,0.8941102809542514,-1.3988069109602463,0.5046966300060021
SCOTLAND 1,184,0.9581904910567663,0.5667399617561151,7.851530058698077,0.24218358636111362,3.504986888065517,0.1248485856912005,-3.6298354737567102
PERU 1,236,0.9588790388302024,0.5659309823809487,8.027617463042603,0.24151919206307357,2.6794779271293194,0.23763815864057491,-2.917116085769891
ITALY 1,300,0.9592091749437763,0.569702794365647,5.726780723689161,0.2567634353078049,-1.8137767096154818,-3.6656369151399524,5.479413624755431
SPAIN 1,299,0.9598579016526994,0.5674814804119162,5.650260103005431,0.24278289364379624,5.42129983817653,-2.2202680758056523,-3.201031762370878
GERMANY 1,236,0.9699612657102512,0.5745295727859934,5.643065522786404,0.2196226187305437,-0.26684990342322834,3.091954351455854,-2.825104448032615
TURKEY 1,234,0.9843229464745405,0.5902537619211444,7.996896674357176,0.2299066334038767,-0.40659449013664073,4.195199874318671,-3.7886053841820235
COLOMBIA 1,294,0.9886375221763649,0.5914699378987822,6.666408230372647,0.24484054805712882,2.5342006881448853,0.8292617862556675,-3.363462474400553
ITALY 2,302,0.9922992797254552,0.5917833087934058,7.942583978910867,0.2446989173836835,3.999532154999983,-0.10695770633217805,-3.892574448667812
FRANCE 1,228,0.9929292726325383,0.59423589673536,5.609418100162086,0.23481941267462023,-0.9489380928649211,2.093045462648135,-1.1441073697832138
ROMANIA 1,254,0.9930987973611584,0.591140768955218,10.424134241290398,0.24104368560603645,7.251175870251188,-2.0327296947924403,-5.218446175458755
SERBIA 1,230,0.9945568848991692,0.593816615938617,8.395902022741291,0.23984511779707196,-4.212588401010265,6.006607620868973,-1.7940192198587042
SWEDEN 1,158,0.9983921458842635,0.5952244612590497,7.851958469117409,0.24045345321396458,-4.842620783135153,2.32553135314096,2.517089429994172
BRAZIL 1,318,1.0015562102350883,0.6011483342652075,6.886499994373082,0.25045056486400186,0.26031175763309733,1.7939957525347872,-2.054307510167874
USA 1,324,1.0019177983108944,0.5973027194563834,7.0956533462393105,0.23108321095336465,0.9805217465593543,0.30712132568315553,-1.2876430722425205
ECUADOR 1,258,1.002924281562194,0.5991222856600101,9.43868228694213,0.23869267262166727,0.834885142521955,-2.162508502653779,1.3276233601318133
NETHERLANDS 1,242,1.0082144528353671,0.6030893316107745,5.65295030573897,0.22769880885257587,-3.7030932636280625,5.038829569135775,-1.3357363055077194
BELGIUM 1,249,1.008885524901167,0.6046993436280865,8.339906348285083,0.24277635099340072,-1.6456931579481022,-1.5028724690402768,3.1485656269883897
MEXICO 1,246,1.0101057199340657,0.6043438616041552,7.082914282278585,0.2481980601499716,1.9710043887700621,-1.1835078831419032,-0.7874965056281411
SWITZERLAND 1,183,1.010167539060252,0.6023690976726452,8.077745222649305,0.22055497297572646,-5.3206581742420695,1.8404171078244538,3.4802410664176193
EGYPT 1,225,1.0102747524615574,0.6086563483175244,10.66724481053754,0.2222264961707929,-1.9292322170318101,6.015768448266154,-4.086536231234351
CHILE 1,209,1.011120029633814,0.6055162015345759,9.252018577252322,0.23974834210812948,1.3833034764040661,-4.860905134743938,3.4776016583398714
ENGLAND 3,417,1.0121340144933233,0.6051775737709368,8.780509524110151,0.2435539253384847,1.0934695081208687,0.9825474225497892,-2.0760169306706544
SPAIN 2,370,1.021669491808366,0.6118840215911399,8.008494628381413,0.24309130902253603,0.8542740049419351,-3.5485549488414527,2.694280943899532
ENGLAND 1,300,1.0224740784157587,0.6147539303889691,5.59054400814481,0.24454535082286039,-1.7984432552145577,4.268213339985124,-2.4697700847705732
DENMARK 1,143,1.0227638199215743,0.6109554780593055,8.039286191732277,0.23895304655679364,-1.5170458316536113,2.308601600977866,-0.7915557693242476
JAPAN 1,259,1.0324948149402424,0.6199671353395247,7.712318752708716,0.24716846746717028,0.8926447250534864,-0.975857371081446,0.08321264602795253
ENGLAND 2,431,1.0371364464671604,0.625689184985795,7.887557867982615,0.24934471103531478,-2.350871150266073,0.4154791768627213,1.9353919734033518
BRAZIL 2,273,1.0401947893210814,0.6260901563884724,7.912312225050762,0.23782920457507592,-2.3848187952065487,1.1205447722692838,1.2642740229372542
GERMANY 2,234,1.0415866113387349,0.6263783799554374,6.764202694613284,0.24556460399419555,2.6649682629855036,0.9886040701752918,-3.653572333160792
NETHERLANDS 2,297,1.0420076604080308,0.6278491258268235,8.223975289002102,0.22750091822023627,-4.006738773865706,-0.571151722266201,4.577890496131921
USA 2,270,1.0426160718445596,0.6272478516067906,11.670905758709097,0.24889424936855628,0.7339169936368748,1.3178542205859998,-2.0517712142228817
FRANCE 2,226,1.0530544418085979,0.6369510584778816,10.192189181149358,0.24296856057944827,-4.163386613079197,5.1371872186932315,-0.9738006056140414
URUGUAY 1,219,1.0543251237270004,0.6343474971158439,10.241718215418553,0.24058429703607734,-0.3796668816998334,-2.0348349645957846,2.4145018462956216
ARGENTINA 1,402,1.0582334314714916,0.6362117991623155,7.138515399464363,0.22090401684289893,0.16489931646783873,-2.5920835435341587,2.427184227066327
POLAND 1,231,1.067954735954089,0.6444119913208213,9.068159273225351,0.24270034463599102,-0.31419163403869277,1.5264554733974478,-1.2122638393587621
PORTUGAL 2,256,1.0727792238645195,0.6481775443446196,10.810218863035946,0.24874744331254714,2.9998354093871953,-5.455991770687579,2.456156361300387
