Date,Horario,Liga,Home,Away,Odd_Lay,Prob,Metodo,Placar_Final,Status,PnL
2026-07-01,17:00:00,WORLD WORLD CUP,Belgium,Senegal,15.0,94.5,RF+Trader,3-2,ENCERRADO,0.94
2026-07-01,23:00:00,USA 1,Spokane Velocity FC,Forward Madison FC,16.0,94.1,RF,,PENDENTE,
2026-07-01,13:00:00,WORLD WORLD CUP,England,DR Congo,38.0,97.3,RF,2-1,ENCERRADO,0.94
2026-07-01,18:30:00,USA 1,Charlotte Independence,Corpus Christi,50.0,95.3,RF,,PENDENTE,
2026-07-01,19:00:00,ECUADOR 1,LDU,Orense Sporting Club,28.0,97.2,RF,,PENDENTE,
2026-07-01,20:00:00,USA 1,Chattanooga Red Wolves SC,Westchester SC,25.0,95.3,RF,,PENDENTE,
2026-07-01,21:00:00,WORLD WORLD CUP,USA,Bosnia,30.0,95.9,RF,,PENDENTE,
2026-07-01,23:30:00,USA 1,Union Omaha,AV Alta FC,32.0,94.5,RF,,PENDENTE,
2026-07-02,13:00:00,NORWAY 2,Lyn,Asane,22.0,94.1,RF+Trader,6-2,ENCERRADO,0.94
2026-07-02,16:00:00,WORLD WORLD CUP,Spain,Austria,36.0,96.4,RF+Trader,3-0,ENCERRADO,0.94
2026-07-02,20:00:00,BRAZIL 2,Cuiaba,America MG,13.5,94.5,RF+Trader,1-0,ENCERRADO,0.94
2026-07-02,20:00:00,WORLD WORLD CUP,Portugal,Croatia,22.0,96.9,RF+Trader,2-1,ENCERRADO,0.94
2026-07-02,21:00:00,USA 1,Birmingham Legion FC,Detroit City FC,12.0,89.5,RF,,PENDENTE,
2026-07-02,13:00:00,ESTONIA 1,Kuressaare,Tallinna FC Flora,12.5,89.7,RF,,PENDENTE,
2026-07-02,14:00:00,ICELAND 1,Thor,KR Reykjavik,42.0,89.7,RF,,PENDENTE,
2026-07-02,21:00:00,BRAZIL 2,Fortaleza EC,Ponte Preta,38.0,97.5,RF,,PENDENTE,
2026-07-02,22:30:00,USA 1,Boise Cutthroats FC,One Knoxville SC,26.0,93.0,RF,,PENDENTE,
2026-07-03,00:00:00,WORLD WORLD CUP,Switzerland,Algeria,14.0,93.8,RF+Trader,2-0,ENCERRADO,0.94
2026-07-03,09:00:00,CHINA 1,Yunnan Yukun,Henan Songshan Longmen,21.0,91.6,RF+Trader,2-1,ENCERRADO,0.94
2026-07-03,13:00:00,NORWAY 2,Kongsvinger,Sogndal,55.0,96.2,RF+Trader,5-1,ENCERRADO,0.94
2026-07-03,13:00:00,NORWAY 2,Raufoss,Strommen,15.0,91.6,RF+Trader,1-0,ENCERRADO,0.94
2026-07-03,14:00:00,SWEDEN 1,Sirius,Mjallby,26.0,94.4,RF+Trader,4-4,ENCERRADO,0.94
2026-07-03,15:00:00,WORLD WORLD CUP,Australia,Egypt,7.4,88.9,RF+Trader,1-1,ENCERRADO,0.94
2026-07-03,15:45:00,IRELAND 2,Cobh Ramblers,Cork City,9.2,89.9,RF+Trader,0-1,ENCERRADO,-8.2
2026-07-03,15:45:00,IRELAND 1,Derry City,Waterford,28.0,96.4,RF+Trader,2-4,ENCERRADO,0.94
2026-07-03,15:45:00,IRELAND 1,Drogheda,Bohemians,9.0,92.7,RF+Trader,0-2,ENCERRADO,0.94
2026-07-03,15:45:00,IRELAND 1,Shelbourne,Dundalk,17.0,94.0,RF+Trader,2-1,ENCERRADO,0.94
2026-07-03,15:45:00,IRELAND 1,Sligo Rovers,Shamrock Rovers,8.6,90.2,RF+Trader,1-2,ENCERRADO,0.94
2026-07-03,16:15:00,ICELAND 1,Hafnarfjordur,Stjarnan,23.0,92.5,RF+Trader,2-2,ENCERRADO,0.94
2026-07-03,19:00:00,WORLD WORLD CUP,Argentina,Cape Verde,60.0,97.7,RF+Trader,3-2,ENCERRADO,0.94
2026-07-03,22:30:00,WORLD WORLD CUP,Colombia,Ghana,23.0,96.0,RF+Trader,1-0,ENCERRADO,0.94
2026-07-03,15:45:00,IRELAND 1,St Patricks,Galway Utd,32.0,95.8,RF,,PENDENTE,
2026-07-03,20:00:00,USA 1,Loudoun United FC,Sporting Club Jacksonville,30.0,94.5,RF,,PENDENTE,
2026-07-03,15:45:00,IRELAND 2,Treaty United,Kerry FC,19.0,89.6,RF,,PENDENTE,
2026-07-03,15:45:00,IRELAND 2,Bray Wanderers,Athlone Town,27.0,94.3,RF,,PENDENTE,
2026-07-03,14:00:00,NORWAY 2,Ranheim IL,Stabaek,25.0,90.4,RF,,PENDENTE,
2026-07-03,13:00:00,ESTONIA 1,Nomme Utd,Nomme Kalju,21.0,87.2,RF,,PENDENTE,
2026-07-03,21:00:00,ECUADOR 1,Independiente (Ecu),Manta FC,55.0,98.5,RF,,PENDENTE,
2026-07-03,15:45:00,IRELAND 2,Finn Harps,Wexford F.C,10.5,88.2,RF,,PENDENTE,
2026-07-04,08:35:00,CHINA 1,Beijing Guoan,Shandong Taishan,30.0,95.6,RF+Trader,2-0,ENCERRADO,0.94
2026-07-04,08:35:00,CHINA 1,Dalian Yingbo,Wuhan Three Towns,27.0,95.4,RF+Trader,3-2,ENCERRADO,0.94
2026-07-04,09:00:00,FINLAND 1,Lahti,Gnistan,14.5,93.1,RF+Trader,1-0,ENCERRADO,0.94
2026-07-04,09:00:00,NORWAY 2,Egersund,Moss,23.0,93.8,RF+Trader,3-0,ENCERRADO,0.94
2026-07-04,10:00:00,SWEDEN 1,Degerfors,Malmo FF,11.0,91.8,RF+Trader,0-1,ENCERRADO,-10.0
2026-07-04,11:00:00,FINLAND 1,Jaro,Ilves,13.5,91.3,RF+Trader,2-1,ENCERRADO,0.94
2026-07-04,11:00:00,FINLAND 1,SJK,TPS,21.0,94.9,RF+Trader,3-1,ENCERRADO,0.94
2026-07-04,11:00:00,NORWAY 2,Hodd,Stromsgodset,18.0,93.4,RF+Trader,4-3,ENCERRADO,0.94
2026-07-04,14:00:00,WORLD WORLD CUP,Canada,Morocco,7.0,94.6,RF+Trader,0-3,ENCERRADO,0.94
2026-07-04,16:00:00,BRAZIL 2,Criciuma,Sport Recife,13.0,94.4,RF+Trader,1-0,ENCERRADO,0.94
2026-07-04,16:00:00,BRAZIL 2,Londrina,CRB,10.5,90.7,RF+Trader,5-0,ENCERRADO,0.94
2026-07-04,16:00:00,BRAZIL 2,Novorizontino,Atletico GO,15.5,94.3,RF+Trader,3-0,ENCERRADO,0.94
2026-07-04,18:00:00,WORLD WORLD CUP,Paraguay,France,7.6,95.3,RF+Trader,0-1,ENCERRADO,-6.6
2026-07-04,20:30:00,BRAZIL 3,Guarani,Floresta EC,26.0,95.7,RF+Trader,0-0,ENCERRADO,0.94
2026-07-04,17:00:00,USA 1,Indy Eleven,Charleston Battery,13.0,90.1,RF,,PENDENTE,
2026-07-04,17:00:00,BRAZIL 3,Maranhao,Inter Limeira,12.5,90.6,RF,,PENDENTE,
2026-07-04,16:00:00,ECUADOR 1,Libertad FC,CD Leones del Norte,11.0,89.6,RF,,PENDENTE,
2026-07-04,15:30:00,IRELAND 2,Longford,UCD,12.0,88.8,RF,,PENDENTE,
2026-07-04,21:00:00,ECUADOR 1,Barcelona (Ecu),Deportivo Cuenca,21.0,95.6,RF,,PENDENTE,
2026-07-04,19:00:00,USA 1,Tampa Bay Rowdies,Lexington SC,23.0,94.4,RF,,PENDENTE,
2026-07-04,20:00:00,BRAZIL 2,Goias,Ceara SC Fortaleza,11.5,92.5,RF,,PENDENTE,
2026-07-04,20:00:00,USA 1,Pittsburgh Riverhounds,Brooklyn FC,22.0,94.1,RF,,PENDENTE,
2026-07-04,20:30:00,BRAZIL 3,Ferroviaria,SER Caxias do Sul,13.5,92.0,RF,,PENDENTE,
2026-07-04,22:00:00,USA 1,Colorado Switchbacks FC,Phoenix Rising FC,21.0,93.2,RF,,PENDENTE,
2026-07-04,22:00:00,USA 1,San Antonio FC,Monterey Bay FC,15.5,93.5,RF,,PENDENTE,
2026-07-04,19:00:00,BRAZIL 3,Maringa,Volta Redonda,18.0,93.8,RF,,PENDENTE,
2026-07-04,13:00:00,NORWAY 2,Bryne,Sandnes Ulf,24.0,93.4,RF,,PENDENTE,
2026-07-04,10:00:00,SWEDEN 1,Halmstads,Vasteras SK,11.5,90.0,RF,,PENDENTE,
2026-07-04,22:30:00,USA 1,New Mexico United,Oakland Roots,16.0,89.4,RF,,PENDENTE,
2026-07-04,07:00:00,CHINA 1,Yanbian Longding,Jiangxi Dingnan United,14.5,93.5,RF,,PENDENTE,
2026-07-04,08:00:00,CHINA 1,Ningbo Professional,Shijiazhuang Gongfu FC,26.0,93.6,RF,,PENDENTE,
2026-07-04,08:00:00,CHINA 1,Shaanxi Union FC,Wuxi Wugou,16.0,90.9,RF,,PENDENTE,
2026-07-04,08:00:00,CHINA 1,Shenzhen Juniors FC,Nantong Zhiyun F.C,13.0,89.7,RF,,PENDENTE,
2026-07-04,08:00:00,CHINA 1,Suzhou Dongwu,Guangdong GZ-Power FC,7.6,87.3,RF,,PENDENTE,
2026-07-04,08:00:00,CHINA 1,Liaoning Tieren FC,Chongqing Tonglianglong,16.0,93.0,RF,,PENDENTE,
2026-07-04,08:00:00,CHINA 1,Qingdao Youth Island,Shanghai Port FC,14.0,90.0,RF,,PENDENTE,
2026-07-04,09:00:00,CHINA 1,Tianjin Jinmen Tiger FC,Shenzhen Peng City,13.5,91.2,RF,,PENDENTE,
2026-07-04,11:00:00,ICELAND 1,IA Akranes,Breidablik,32.0,89.5,RF,,PENDENTE,
2026-07-04,12:00:00,FINLAND 1,VPS,IFK Mariehamn,40.0,95.3,RF,,PENDENTE,
2026-07-04,13:00:00,ESTONIA 1,Trans Narva,FCI Tallinn,14.0,90.5,RF,,PENDENTE,
2026-07-04,23:30:00,USA 1,Las Vegas Lights FC,El Paso Locomotive FC,18.0,89.8,RF,,PENDENTE,
2026-07-05,08:00:00,CHINA 1,Qingdao Hainiu,Chengdu Rongcheng,11.5,90.5,RF+Trader,1-1,ENCERRADO,0.94
2026-07-05,08:30:00,CHINA 1,Meizhou Hakka,Changchun Yatai,15.0,92.5,RF+Trader,1-3,ENCERRADO,0.94
2026-07-05,11:30:00,SWEDEN 1,Elfsborg,Hammarby,10.5,94.9,RF+Trader,1-2,ENCERRADO,0.94
2026-07-05,17:00:00,WORLD WORLD CUP,Brazil,Norway,23.0,95.6,RF+Trader,1-2,ENCERRADO,0.94
2026-07-05,19:00:00,ECUADOR 1,Delfin,Emelec,8.6,89.8,RF+Trader,1-1,ENCERRADO,0.94
2026-07-05,21:00:00,WORLD WORLD CUP,Mexico,England,8.4,92.2,RF+Trader,2-3,ENCERRADO,0.94
2026-07-05,14:00:00,URUGUAY 1,Danubio,Juventud De Las Piedras,9.8,89.5,RF,,PENDENTE,
2026-07-05,15:00:00,ECUADOR 1,Macara,LDU,8.6,88.9,RF,,PENDENTE,
2026-07-05,21:00:00,BRAZIL 3,Anapolis GO,Botafogo PB,13.0,91.0,RF,,PENDENTE,
2026-07-05,20:00:00,USA 1,Miami FC,Birmingham Legion FC,15.0,88.5,RF,,PENDENTE,
2026-07-05,20:30:00,BRAZIL 2,Nautico PE,Juventude,10.5,91.4,RF,,PENDENTE,
2026-07-05,13:00:00,ESTONIA 1,Tammeka Tartu,Harju JK Laagri,21.0,93.9,RF,,PENDENTE,
2026-07-05,08:35:00,CHINA 1,Shanghai Shenhua,Zhejiang Greentown,32.0,94.6,RF,,PENDENTE,
2026-07-05,11:00:00,BRAZIL 3,Ypiranga RS,Paysandu,13.0,91.3,RF,,PENDENTE,
2026-07-05,09:00:00,SWEDEN 1,Kalmar FF,Orgryte,32.0,96.9,RF,,PENDENTE,
2026-07-05,09:00:00,SWEDEN 1,IFK Goteborg,AIK,17.0,92.3,RF,,PENDENTE,
2026-07-05,08:30:00,CHINA 1,Nanjing City,Foshan Nanshi FC,17.0,94.3,RF,,PENDENTE,
2026-07-05,08:30:00,CHINA 1,Guangxi Hengchen,Dalian Kun City FC,19.5,93.4,RF,,PENDENTE,
2026-07-05,11:00:00,NORWAY 2,Odds BK,Haugesund,75.0,89.2,RF,,PENDENTE,
2026-07-06,14:00:00,SWEDEN 1,Brommapojkarna,GAIS,12.0,91.1,RF+Trader,1-1,ENCERRADO,0.94
2026-07-06,16:00:00,WORLD WORLD CUP,Portugal,Spain,11.0,93.8,RF+Trader,0-1,ENCERRADO,-10.0
2026-07-06,16:15:00,ICELAND 1,Keflavik,Fram,22.0,92.8,RF+Trader,1-1,ENCERRADO,0.94
2026-07-06,19:00:00,BRAZIL 2,Botafogo SP,Avai,16.5,94.2,RF+Trader,3-1,ENCERRADO,0.94
2026-07-06,21:00:00,WORLD WORLD CUP,USA,Belgium,14.5,96.3,RF+Trader,1-4,ENCERRADO,0.94
2026-07-06,21:00:00,BRAZIL 3,Amazonas FC,Itabaiana,13.5,93.3,RF,,PENDENTE,
2026-07-06,20:00:00,BRAZIL 4,Ivinhema FC,Asa AL,6.6,88.2,RF,,PENDENTE,
2026-07-06,19:00:00,BRAZIL 3,Brusque FC,Figueirense,11.5,92.4,RF,,PENDENTE,
2026-07-06,19:00:00,BRAZIL 2,Vila Nova,Sao Bernardo,14.0,93.6,RF,,PENDENTE,
2026-07-06,14:00:00,SWEDEN 1,Hacken,Djurgardens,21.0,89.4,RF,,PENDENTE,
2026-07-06,00:00:00,USA 1,AV Alta FC,Charlotte Independence,17.0,89.0,RF,,PENDENTE,
2026-07-06,21:00:00,ECUADOR 1,Orense Sporting Club,Tecnico Universitario,18.5,93.5,RF,,PENDENTE,
2026-07-06,18:30:00,ECUADOR 1,Univ Catolica (Ecu),Mushuc Runa,36.0,94.9,RF,,PENDENTE,
2026-07-07,13:00:00,WORLD WORLD CUP,Argentina,Egypt,29.0,96.7,RF+Trader,3-2,ENCERRADO,0.94
2026-07-07,17:00:00,WORLD WORLD CUP,Switzerland,Colombia,8.4,93.7,RF+Trader,0-0,ENCERRADO,0.94
2026-07-07,21:00:00,ECUADOR 1,Aucas,Guayaquil City,36.0,95.9,RF+Trader,1-0,ENCERRADO,0.94
2026-07-07,20:00:00,BRAZIL 2,Athletic Club,Operario PR,10.5,91.0,RF,0-1,ENCERRADO,-9.5
2026-07-07,20:00:00,BOLIVIA 1,CD Gualberto Villarroel,Real Tomayapo,34.0,95.1,RF,,PENDENTE,
2026-07-08,20:00:00,BRAZIL 2,Ponte Preta,Criciuma,6.4,92.3,RF+Trader,1-2,ENCERRADO,0.94
2026-07-08,21:00:00,BOLIVIA 1,Real Potosi,Academia de Balompie Boliviano,32.0,95.2,RF,,PENDENTE,
2026-07-08,20:00:00,USA 1,Hartford Athletic FC,Orange County Blues,17.0,93.6,RF,,PENDENTE,
2026-07-08,20:00:00,USA 1,Greenville Triumph SC,Sarasota Paradise,16.5,93.6,RF,,PENDENTE,
2026-07-08,20:00:00,USA 1,New York Cosmos,FC Naples,21.0,89.0,RF,,PENDENTE,
2026-07-08,23:30:00,USA 1,Sacramento Republic,Rhode Island FC,14.0,91.7,RF,,PENDENTE,
2026-07-09,17:00:00,WORLD WORLD CUP,France,Morocco,20.0,95.9,RF+Trader,2-0,ENCERRADO,0.94
2026-07-09,21:00:00,BOLIVIA 1,Nacional Potosi,Aurora,23.0,95.5,RF+Trader,2-0,ENCERRADO,0.94
2026-07-10,08:35:00,CHINA 1,Shandong Taishan,Yunnan Yukun,40.0,95.5,RF+Trader,4-3,ENCERRADO,0.94
2026-07-10,13:00:00,FINLAND 1,VPS,SJK,22.0,94.9,RF+Trader,1-0,ENCERRADO,0.94
2026-07-10,15:45:00,IRELAND 2,Cork City,Longford,42.0,97.2,RF+Trader,3-4,ENCERRADO,0.94
2026-07-10,15:45:00,IRELAND 2,Finn Harps,Treaty United,12.5,92.3,RF+Trader,0-1,ENCERRADO,-11.5
2026-07-10,15:45:00,IRELAND 1,Dundalk,Drogheda,21.0,94.6,RF+Trader,1-2,ENCERRADO,0.94
2026-07-10,16:00:00,WORLD WORLD CUP,Spain,Belgium,24.0,97.4,RF+Trader,2-1,ENCERRADO,0.94
2026-07-10,20:00:00,BRAZIL 2,Sport Recife,Botafogo SP,13.0,93.9,RF+Trader,3-3,ENCERRADO,0.94
2026-07-10,19:00:00,URUGUAY 1,Deportivo Maldonado,Albion FC,14.5,91.9,RF,,PENDENTE,
2026-07-10,19:00:00,ECUADOR 1,CD Leones del Norte,Univ Catolica (Ecu),9.2,89.3,RF,,PENDENTE,
2026-07-10,19:00:00,BRAZIL 2,Juventude,Vila Nova,13.5,93.3,RF,,PENDENTE,
2026-07-10,16:00:00,IRELAND 1,Waterford,St Patricks,11.5,87.2,RF,1-1,ENCERRADO,0.94
2026-07-10,15:45:00,IRELAND 2,Wexford F.C,Kerry FC,16.0,93.3,RF,,PENDENTE,
2026-07-10,15:45:00,IRELAND 2,Athlone Town,Cobh Ramblers,14.0,88.7,RF,,PENDENTE,
2026-07-10,15:45:00,IRELAND 2,Bray Wanderers,UCD,15.5,90.6,RF,,PENDENTE,
2026-07-10,13:00:00,ESTONIA 1,Harju JK Laagri,Trans Narva,19.0,91.6,RF,,PENDENTE,
2026-07-10,21:15:00,ECUADOR 1,Tecnico Universitario,Macara,7.8,90.3,RF,,PENDENTE,
2026-07-11,07:00:00,CHINA 1,Yanbian Longding,Suzhou Dongwu,22.0,96.2,RF+Trader,3-1,ENCERRADO,0.94
2026-07-11,08:00:00,CHINA 1,Wuhan Three Towns,Henan Songshan Longmen,13.0,93.3,RF+Trader,,PENDENTE,
2026-07-11,08:35:00,CHINA 1,Shanghai Shenhua,Beijing Guoan,28.0,96.0,RF+Trader,,PENDENTE,
2026-07-11,09:00:00,CHINA 1,Chengdu Rongcheng,Chongqing Tonglianglong,48.0,97.6,RF+Trader,1-1,ENCERRADO,0.94
2026-07-11,09:00:00,NORWAY 1,Fredrikstad,Lillestrom,12.5,92.4,RF+Trader,0-2,ENCERRADO,0.94
2026-07-11,10:00:00,SWEDEN 1,Mjallby,AIK,17.0,94.4,RF+Trader,1-2,ENCERRADO,0.94
2026-07-11,11:00:00,ESTONIA 1,Nomme Utd,Kuressaare,24.0,93.5,RF+Trader,3-2,ENCERRADO,0.94
2026-07-11,11:00:00,FINLAND 1,TPS,AC Oulu,13.5,91.9,RF+Trader,3-0,ENCERRADO,0.94
2026-07-11,12:30:00,SWEDEN 1,Orgryte,Hacken,14.5,91.7,RF+Trader,4-3,ENCERRADO,0.94
2026-07-11,13:00:00,NORWAY 1,Tromso,Valerenga,19.5,94.9,RF+Trader,4-0,ENCERRADO,0.94
2026-07-11,15:00:00,URUGUAY 1,Danubio,Nacional (Uru),7.6,90.7,RF+Trader,,PENDENTE,
2026-07-11,18:00:00,WORLD WORLD CUP,Norway,England,12.0,94.5,RF+Trader,1-2,ENCERRADO,0.94
2026-07-11,20:00:00,ECUADOR 1,Guayaquil City,Delfin,10.0,91.3,RF+Trader,2-1,ENCERRADO,0.94
2026-07-11,22:00:00,WORLD WORLD CUP,Argentina,Switzerland,17.0,95.5,RF+Trader,3-1,ENCERRADO,0.94
2026-07-11,11:00:00,NORWAY 1,Aalesunds,Molde,15.0,89.0,RF,,PENDENTE,
2026-07-11,13:00:00,IRELAND 1,Galway Utd,Sligo Rovers,21.0,94.5,RF,,PENDENTE,
2026-07-11,14:00:00,ECUADOR 1,Manta FC,Orense Sporting Club,9.8,89.9,RF,,PENDENTE,
2026-07-11,18:00:00,URUGUAY 1,Wanderers (Uru),Progreso,13.5,93.2,RF,,PENDENTE,
2026-07-11,16:00:00,BOLIVIA 1,CDT Real Oruro,CD Gualberto Villarroel,21.0,89.6,RF,,PENDENTE,
2026-07-11,16:00:00,BRAZIL 4,Portuguesa SP,Marcilio,25.0,96.0,RF,,PENDENTE,
2026-07-11,16:10:00,ECUADOR 1,Mushuc Runa,Independiente (Ecu),7.8,87.4,RF,,PENDENTE,
2026-07-11,18:00:00,BRAZIL 4,XV De Piracicaba,Cianorte PR,17.0,94.4,RF,,PENDENTE,
2026-07-11,11:00:00,FINLAND 1,Gnistan,IFK Mariehamn,40.0,96.3,RF,,PENDENTE,
2026-07-11,10:00:00,URUGUAY 1,Juventud De Las Piedras,Torque,10.5,89.5,RF,,PENDENTE,
2026-07-11,08:00:00,CHINA 1,Dalian Kun City FC,Nanjing City,12.5,91.7,RF,,PENDENTE,
2026-07-11,08:00:00,CHINA 1,Shaanxi Union FC,Meizhou Hakka,32.0,96.8,RF,,PENDENTE,
2026-07-11,11:00:00,BRAZIL 3,SER Caxias do Sul,Floresta EC,15.0,94.2,RF,,PENDENTE,
2026-07-11,08:00:00,CHINA 1,Zhejiang Greentown,Qingdao Hainiu,70.0,95.5,RF,,PENDENTE,
2026-07-11,08:30:00,ESTONIA 1,Parnu JK Vaprus,Tammeka Tartu,14.5,89.7,RF,,PENDENTE,
2026-07-11,08:35:00,CHINA 1,Shenzhen Peng City,Qingdao Youth Island,19.0,93.1,RF,,PENDENTE,
2026-07-11,09:00:00,FINLAND 1,Lahti,HJK Helsinki,14.5,90.0,RF,,PENDENTE,
2026-07-11,08:30:00,CHINA 1,Guangdong GZ-Power FC,Shijiazhuang Gongfu FC,30.0,96.0,RF,,PENDENTE,
2026-07-12,09:00:00,SWEDEN 1,Vasteras SK,Degerfors,15.0,93.6,RF+Trader,2-0,ENCERRADO,0.94
2026-07-12,11:30:00,SWEDEN 1,Brommapojkarna,Sirius,13.0,91.5,RF+Trader,1-2,ENCERRADO,0.94
2026-07-12,11:30:00,SWEDEN 1,GAIS,Elfsborg,17.5,94.9,RF+Trader,1-0,ENCERRADO,0.94
2026-07-12,12:00:00,NORWAY 1,Brann,Start,34.0,97.1,RF+Trader,2-1,ENCERRADO,0.94
2026-07-12,12:00:00,NORWAY 1,Rosenborg,Kristiansund,24.0,94.5,RF+Trader,3-0,ENCERRADO,0.94
2026-07-12,16:00:00,BOLIVIA 1,Real Potosi,Nacional Potosi,13.5,91.9,RF+Trader,1-1,ENCERRADO,0.94
2026-07-12,16:00:00,BRAZIL 2,Sao Bernardo,Cuiaba,8.0,91.2,RF+Trader,2-2,ENCERRADO,0.94
2026-07-12,16:00:00,BRAZIL 3,Ituano,Ferroviaria,10.5,92.3,RF+Trader,1-3,ENCERRADO,0.94
2026-07-12,17:05:00,ICELAND 1,Hafnarfjordur,Valur,22.0,92.2,RF+Trader,2-0,ENCERRADO,0.94
2026-07-12,18:15:00,BOLIVIA 1,The Strongest,Bolivar,16.0,91.7,RF+Trader,1-1,ENCERRADO,0.94
2026-07-12,19:00:00,BRAZIL 2,CRB,Goias,14.5,93.9,RF+Trader,2-2,ENCERRADO,0.94
2026-07-12,19:30:00,BRAZIL 3,Botafogo PB,Confianca,17.5,94.3,RF+Trader,2-0,ENCERRADO,0.94
2026-07-12,16:00:00,BRAZIL 4,Portuguesa RJ,EC Sao Jose Porto Alegre,11.5,90.9,RF,,PENDENTE,
2026-07-12,16:00:00,BRAZIL 4,Manaura Esporte Clube,Goiatuba EC,14.0,93.6,RF,,PENDENTE,
2026-07-12,16:00:00,BRAZIL 4,AD Iguatu,Maguary,13.5,92.8,RF,,PENDENTE,
2026-07-12,16:00:00,BRAZIL 3,Maranhao,Ypiranga RS,10.5,91.4,RF,,PENDENTE,
2026-07-12,16:00:00,BRAZIL 3,Paysandu,Guarani,13.5,91.8,RF,,PENDENTE,
2026-07-12,16:00:00,BRAZIL 3,Anapolis GO,Maringa,10.0,90.1,RF,,PENDENTE,
2026-07-12,16:00:00,BRAZIL 4,ABC RN,Aguia de Maraba,32.0,95.7,RF,,PENDENTE,
2026-07-12,16:15:00,ECUADOR 1,Deportivo Cuenca,Aucas,9.4,90.0,RF,,PENDENTE,
2026-07-12,18:00:00,BRAZIL 4,Guapore RO,Luverdense,9.4,90.1,RF,,PENDENTE,
2026-07-12,17:00:00,BRAZIL 4,Capital Clube de Futebol,Nacional AM,14.5,94.4,RF,,PENDENTE,
2026-07-12,17:00:00,BRAZIL 4,Ferroviario,Imperatriz MA,23.0,95.4,RF,,PENDENTE,
2026-07-12,17:00:00,BRAZIL 4,Treze,CRAC,14.5,94.2,RF,,PENDENTE,
2026-07-12,18:00:00,BRAZIL 2,Atletico GO,Fortaleza EC,11.0,91.7,RF,,PENDENTE,
2026-07-12,18:30:00,URUGUAY 1,Racing Club (Uru),Penarol,8.0,88.6,RF,,PENDENTE,
2026-07-12,20:10:00,ECUADOR 1,Emelec,Barcelona (Ecu),7.8,90.1,RF,,PENDENTE,
2026-07-12,16:00:00,BRAZIL 2,Avai,Nautico PE,10.5,89.5,RF,,PENDENTE,
2026-07-12,11:00:00,BRAZIL 2,Operario PR,Novorizontino,9.6,89.6,RF,2-1,ENCERRADO,0.94
2026-07-12,15:00:00,URUGUAY 1,Boston River,Central Espanol,12.0,92.3,RF,,PENDENTE,
2026-07-12,20:30:00,BOLIVIA 1,Real Tomayapo,Club Independiente Petrolero,21.0,92.8,RF,,PENDENTE,
2026-07-12,08:00:00,CHINA 1,Shenzhen Juniors FC,Jiangxi Dingnan United,21.0,94.3,RF,,PENDENTE,
2026-07-12,08:30:00,CHINA 1,Nantong Zhiyun F.C,Changchun Yatai,20.0,88.0,RF,,PENDENTE,
2026-07-12,08:35:00,CHINA 1,Shanghai Port FC,Dalian Yingbo,30.0,93.4,RF,,PENDENTE,
2026-07-12,09:00:00,SWEDEN 1,Hammarby,Kalmar FF,42.0,95.9,RF,,PENDENTE,
2026-07-12,09:00:00,SWEDEN 1,Malmo FF,IFK Goteborg,19.5,91.1,RF,,PENDENTE,
2026-07-12,09:30:00,NORWAY 1,Kfum Oslo,Bodo Glimt,12.5,87.0,RF,0-2,ENCERRADO,0.94
2026-07-12,11:00:00,BRAZIL 3,Barra FC,Santa Cruz PE,11.0,92.8,RF,,PENDENTE,
2026-07-12,11:00:00,BRAZIL 3,Inter Limeira,Amazonas FC,18.5,94.9,RF,,PENDENTE,
2026-07-12,12:00:00,NORWAY 1,Sandefjord,Ham-Kam,18.0,93.5,RF,2-2,ENCERRADO,0.94
2026-07-12,12:00:00,URUGUAY 1,Liverpool Montevideo,Cerro,17.0,94.5,RF,,PENDENTE,
2026-07-12,14:00:00,ECUADOR 1,LDU,Libertad FC,44.0,97.5,RF,,PENDENTE,
2026-07-12,14:15:00,NORWAY 1,Sarpsborg,Viking,16.5,87.2,RF,,PENDENTE,
2026-07-12,15:00:00,ICELAND 1,KA Akureyri,IA Akranes,22.0,90.0,RF,,PENDENTE,
2026-07-12,15:00:00,ICELAND 1,KR Reykjavik,IBV,70.0,95.6,RF,,PENDENTE,
2026-07-12,15:30:00,BRAZIL 4,Sao Luiz,Velo Clube SP,11.5,91.5,RF,,PENDENTE,
2026-07-13,16:15:00,ICELAND 1,Breidablik,Keflavik,44.0,95.7,RF+Trader,2-1,ENCERRADO,0.94
2026-07-13,19:00:00,BRAZIL 2,America MG,Londrina,12.5,93.4,RF+Trader,1-1,ENCERRADO,0.94
2026-07-13,20:30:00,BRAZIL 3,Figueirense,Volta Redonda,12.5,93.9,RF+Trader,0-0,ENCERRADO,0.94
2026-07-13,20:00:00,BRAZIL 4,CSA,Betim Futebol,23.0,95.7,RF,,PENDENTE,
2026-07-13,20:00:00,BRAZIL 4,America RN,Trem AP,60.0,98.5,RF,,PENDENTE,
2026-07-13,19:30:00,BRAZIL 3,Itabaiana,Brusque FC,10.0,91.3,RF,,PENDENTE,
2026-07-13,19:00:00,URUGUAY 1,Cerro Largo FC,Defensor Sporting,8.0,90.0,RF,,PENDENTE,
2026-07-13,20:30:00,BRAZIL 2,Ceara SC Fortaleza,Athletic Club,13.5,93.4,RF,,PENDENTE,
2026-07-13,14:00:00,SWEDEN 1,Djurgardens,Halmstads,75.0,97.8,RF,,PENDENTE,
2026-07-13,08:00:00,CHINA 1,Ningbo Professional,Foshan Nanshi FC,24.0,95.6,RF,,PENDENTE,
2026-07-14,16:00:00,WORLD WORLD CUP,France,Spain,14.0,95.7,RF+Trader,0-2,ENCERRADO,0.94
2026-07-14,18:30:00,ECUADOR 1,Macara,Mushuc Runa,12.5,93.5,RF+Trader,2-1,ENCERRADO,0.94
2026-07-14,21:00:00,ECUADOR 1,Manta FC,Delfin,7.6,89.5,RF,,PENDENTE,
2026-07-14,08:35:00,CHINA 1,Zhejiang Greentown,Qingdao Hainiu,40.0,95.8,RF,,PENDENTE,
2026-07-14,19:00:00,BOLIVIA 1,CDT Real Oruro,Always Ready,24.0,88.4,RF,,PENDENTE,
2026-07-14,21:00:00,BOLIVIA 1,Blooming Santa Cruz,CD Gualberto Villarroel,50.0,96.0,RF,,PENDENTE,
2026-07-15,16:00:00,WORLD WORLD CUP,England,Argentina,9.6,95.9,RF+Trader,1-2,ENCERRADO,0.94
2026-07-15,20:00:00,USA 1,Miami FC,Indy Eleven,18.5,91.9,RF+Trader,2-0,ENCERRADO,0.94
2026-07-15,21:00:00,BOLIVIA 1,The Strongest,Oriente Petrolero,85.0,98.2,RF+Trader,2-1,ENCERRADO,0.94
2026-07-15,14:00:00,ECUADOR 1,Libertad FC,Tecnico Universitario,10.0,89.6,RF,,PENDENTE,
2026-07-15,19:00:00,BOLIVIA 1,Real Potosi,San Antonio Bulo Bulo,32.0,95.6,RF,,PENDENTE,
2026-07-15,19:00:00,ECUADOR 1,CD Leones del Norte,Deportivo Cuenca,10.5,92.7,RF,,PENDENTE,
2026-07-15,19:00:00,ECUADOR 1,Univ Catolica (Ecu),LDU,11.5,90.2,RF,,PENDENTE,
2026-07-15,20:30:00,USA 1,Sporting Club Jacksonvil,Pittsburgh Riverhounds,9.0,88.2,RF,,PENDENTE,
2026-07-15,21:30:00,ECUADOR 1,Barcelona (Ecu),Guayaquil City,26.0,96.9,RF,,PENDENTE,
2026-07-16,20:30:00,USA 1,CF Montreal,Toronto FC,16.5,94.2,RF+Trader,0-0,ENCERRADO,0.94
2026-07-16,21:30:00,USA 1,Chicago Fire,Vancouver Whitecaps,21.0,94.5,RF+Trader,,PENDENTE,
2026-07-16,22:00:00,MEXICO 1,Necaxa,Atlante,17.5,93.9,RF+Trader,,PENDENTE,
2026-07-16,23:30:00,USA 1,Seattle Sounders,Portland Timbers,30.0,95.9,RF+Trader,1-5,ENCERRADO,0.94
2026-07-16,21:30:00,USA 1,St Louis City SC,Kansas City,36.0,96.1,RF,,PENDENTE,
2026-07-16,21:00:00,ECUADOR 1,Orense Sporting Club,Emelec,12.0,92.7,RF,,PENDENTE,
2026-07-16,20:00:00,BRAZIL 2,CRB,Nautico PE,15.5,93.8,RF,,PENDENTE,
2026-07-16,18:30:00,ECUADOR 1,Aucas,Independiente (Ecu),8.6,88.9,RF,,PENDENTE,
2026-07-16,19:30:00,BRAZIL 1,Botafogo FR,Santos,13.5,91.7,RF,,PENDENTE,
2026-07-16,16:00:00,BOLIVIA 1,Academia de Balompie Bo,Club Independiente Petr,28.0,94.5,RF,,PENDENTE,
2026-07-16,14:00:00,NORWAY 1,Valerenga,Aalesunds,30.0,94.3,RF,,PENDENTE,
2026-07-16,19:30:00,BRAZIL 1,EC Vitoria Salvador,Vasco Da Gama,11.0,90.0,RF,,PENDENTE,
2026-07-17,08:00:00,CHINA 1,Changchun Yatai,Wuxi Wugou,16.0,94.6,RF+Trader,1-5,ENCERRADO,0.94
2026-07-17,08:35:00,CHINA 1,Henan Songshan Longmen,Qingdao Hainiu,60.0,98.0,RF+Trader,5-1,ENCERRADO,0.94
2026-07-17,13:00:00,BULGARIA 1,Spartak Varna,CSKA 1948 Sofia,9.0,88.5,RF+Trader,,PENDENTE,
2026-07-17,14:00:00,SWEDEN 1,Mjallby,Vasteras SK,19.5,94.0,RF+Trader,0-0,ENCERRADO,0.94
2026-07-17,15:00:00,SERBIA 1,Zeleznicar Pancevo,Radnicki Nis,17.0,93.5,RF+Trader,,PENDENTE,
2026-07-17,17:15:00,PERU 1,Sporting Cristal,Deportivo Garcilaso,38.0,96.0,RF+Trader,1-0,ENCERRADO,0.94
2026-07-17,19:00:00,BRAZIL 2,Juventude,Cuiaba,11.0,94.0,RF+Trader,2-0,ENCERRADO,0.94
2026-07-17,19:00:00,BRAZIL 2,Sao Bernardo,Avai,13.5,94.0,RF+Trader,1-1,ENCERRADO,0.94
2026-07-17,20:00:00,BRAZIL 1,Mirassol,Gremio,14.5,94.5,RF+Trader,2-1,ENCERRADO,0.94
2026-07-17,21:00:00,BRAZIL 2,Londrina,Botafogo SP,9.0,91.5,RF+Trader,0-0,ENCERRADO,0.94
2026-07-17,21:00:00,ECUADOR 1,Delfin,Macara,17.0,91.2,RF+Trader,2-1,ENCERRADO,0.94
2026-07-17,21:10:00,USA 1,Nashville SC,Atlanta Utd,25.0,96.5,RF+Trader,1-0,ENCERRADO,0.94
2026-07-17,22:00:00,MEXICO 1,Leon,Atlas,32.0,91.5,RF+Trader,,PENDENTE,
2026-07-17,15:30:00,ROMANIA 1,FCSB,Arges Pitesti,21.0,94.5,RF,,PENDENTE,
2026-07-17,19:00:00,BRAZIL 2,America MG,Ceara SC Fortaleza,10.5,90.4,RF,,PENDENTE,
2026-07-17,19:30:00,BRAZIL 1,Bahia,Chapecoense,29.0,96.0,RF,,PENDENTE,
2026-07-17,19:30:00,URUGUAY 1,Nacional (Uru),Wanderers (Uru),26.0,95.7,RF,,PENDENTE,
2026-07-17,20:00:00,BRAZIL 1,Fluminense,Red Bull Bragantino,18.0,94.7,RF,,PENDENTE,
2026-07-17,21:00:00,BRAZIL 2,Fortaleza EC,Novorizontino,13.0,91.9,RF,,PENDENTE,
2026-07-17,15:15:00,SLOVENIA 1,NK Celje,Mura,40.0,96.3,RF,,PENDENTE,
2026-07-17,22:00:00,MEXICO 1,Atletico San Luis,Cruz Azul,9.8,88.4,RF,,PENDENTE,
2026-07-17,08:00:00,CHINA 1,Qingdao Youth Island,Chengdu Rongcheng,13.0,88.3,RF,,PENDENTE,
2026-07-17,22:00:00,PERU 1,Cienciano,Melgar,22.0,93.2,RF,,PENDENTE,
2026-07-17,00:10:00,MEXICO 1,Tijuana,Tigres,9.4,89.2,RF,,PENDENTE,
2026-07-17,08:00:00,CHINA 1,Suzhou Dongwu,Shenzhen Juniors FC,10.5,88.3,RF,,PENDENTE,
2026-07-17,08:30:00,CHINA 1,Foshan Nanshi FC,Nantong Zhiyun F.C,7.4,86.9,RF,,PENDENTE,
2026-07-17,08:30:00,CHINA 1,Shijiazhuang Gongfu FC,Yanbian Longding,7.8,89.6,RF,,PENDENTE,
2026-07-17,08:35:00,CHINA 1,Beijing Guoan,Liaoning Tieren FC,48.0,95.9,RF,,PENDENTE,
2026-07-17,15:00:00,URUGUAY 1,Albion FC,Juventud De Las Piedras,12.5,92.3,RF,,PENDENTE,
2026-07-17,09:00:00,CHINA 1,Yunnan Yukun,Shanghai Port FC,27.0,89.6,RF,,PENDENTE,
2026-07-17,13:00:00,SLOVENIA 1,Nafta Lendava,Koper,11.5,87.3,RF,,PENDENTE,
2026-07-17,14:00:00,SWEDEN 1,IFK Goteborg,Brommapojkarna,18.5,91.9,RF,,PENDENTE,
2026-07-17,15:00:00,PERU 1,FC Cajamarca,Juan Pablo II College,18.0,91.8,RF,,PENDENTE,
2026-07-17,12:30:00,ROMANIA 1,FC Voluntari,Botosani,11.5,91.0,RF,,PENDENTE,
2026-07-17,23:25:00,USA 1,LA Galaxy,Los Angeles FC,14.0,89.1,RF,,PENDENTE,
2026-07-18,08:35:00,CHINA 1,Dalian Yingbo,Shandong Taishan,32.0,95.7,RF+Trader,3-1,ENCERRADO,0.94
2026-07-18,10:00:00,SWEDEN 1,AIK,GAIS,13.0,92.0,RF+Trader,2-0,ENCERRADO,0.94
2026-07-18,11:00:00,FINLAND 1,AC Oulu,Gnistan,14.5,93.0,RF+Trader,0-2,ENCERRADO,0.94
2026-07-18,11:00:00,FINLAND 1,SJK,KuPS,16.5,93.1,RF+Trader,0-2,ENCERRADO,0.94
2026-07-18,11:00:00,NORWAY 1,Start,Rosenborg,12.0,93.3,RF+Trader,0-3,ENCERRADO,0.94
2026-07-18,13:00:00,NORWAY 1,Molde,Brann,22.0,93.1,RF+Trader,1-2,ENCERRADO,0.94
2026-07-18,13:00:00,NORWAY 1,Viking,Sandefjord,60.0,95.8,RF+Trader,2-1,ENCERRADO,0.94
2026-07-18,16:00:00,BRAZIL 2,Ponte Preta,Goias,6.6,92.3,RF+Trader,1-2,ENCERRADO,0.94
2026-07-18,16:00:00,URUGUAY 1,Penarol,Boston River,24.0,95.6,RF+Trader,3-0,ENCERRADO,0.94
2026-07-18,16:15:00,ICELAND 1,Valur,Fram,28.0,91.5,RF+Trader,2-3,ENCERRADO,0.94
2026-07-18,18:00:00,BRAZIL 2,Atletico GO,Athletic Club,12.5,93.8,RF+Trader,0-0,ENCERRADO,0.94
2026-07-18,18:00:00,WORLD WORLD CUP,France,England,28.0,95.8,RF+Trader,4-6,ENCERRADO,0.94
2026-07-18,21:30:00,BOLIVIA 1,Aurora,Oriente Petrolero,38.0,97.0,RF+Trader,2-2,ENCERRADO,0.94
2026-07-18,22:05:00,MEXICO 1,Monterrey,Santos Laguna,30.0,95.6,RF+Trader,,PENDENTE,
2026-07-18,22:07:00,MEXICO 1,Guadalajara,Toluca,17.0,94.1,RF+Trader,,PENDENTE,
2026-07-18,16:00:00,BRAZIL 4,Nacional AM,AD Iguatu,12.5,93.7,RF,,PENDENTE,
2026-07-18,16:00:00,BRAZIL 4,EC Sao Jose Porto Alegre,Treze,11.5,93.0,RF,,PENDENTE,
2026-07-18,16:00:00,BRAZIL 4,Cianorte PR,Asa AL,9.0,92.2,RF,,PENDENTE,
2026-07-18,16:00:00,BRAZIL 2,Sport Recife,Operario PR,13.5,93.9,RF,2-2,ENCERRADO,0.94
2026-07-18,15:15:00,ROMANIA 1,Universitatea Craiova,UTA Arad,16.0,94.0,RF,,PENDENTE,
2026-07-18,15:15:00,SLOVENIA 1,Olimpija,NK Bravo,21.0,94.9,RF,,PENDENTE,
2026-07-18,15:15:00,PERU 1,Asociacion Deportiva Ta,Universitario de Deport,9.4,90.1,RF,,PENDENTE,
2026-07-18,15:15:00,BULGARIA 1,Ludogorets,Lokomotiv Plovdiv,36.0,96.3,RF,,PENDENTE,
2026-07-18,16:00:00,ECUADOR 1,Deportivo Cuenca,Univ Catolica (Ecu),9.8,90.0,RF,,PENDENTE,
2026-07-18,16:00:00,BRAZIL 2,Criciuma,Vila Nova,14.5,94.7,RF,,PENDENTE,
2026-07-18,20:30:00,PERU 1,Cusco FC,Alianza Atletico,27.0,95.7,RF,,PENDENTE,
2026-07-18,17:30:00,PERU 1,Atletico Grau,UTC Cajamarca,16.5,94.6,RF,,PENDENTE,
2026-07-18,18:30:00,ECUADOR 1,LDU,CD Leones del Norte,30.0,96.1,RF,,PENDENTE,
2026-07-18,20:00:00,MEXICO 1,Pumas UNAM,Pachuca,13.5,88.8,RF,,PENDENTE,
2026-07-18,20:00:00,USA 1,Detroit City FC,Indy Eleven,16.5,93.5,RF,,PENDENTE,
2026-07-18,20:00:00,USA 1,Loudoun United FC,Tampa Bay Rowdies,12.0,87.4,RF,,PENDENTE,
2026-07-18,20:00:00,USA 1,Sporting Club Jacksonville,Brooklyn FC,15.5,89.9,RF,,PENDENTE,
2026-07-18,15:00:00,SERBIA 1,Zemun,Partizan Belgrade,9.0,88.8,RF,,PENDENTE,
2026-07-18,21:00:00,ECUADOR 1,Barcelona (ECU),Libertad FC,40.0,96.3,RF,,PENDENTE,
2026-07-18,15:00:00,SERBIA 1,FK Novi Pazar,FK Radnicki 1923,11.0,90.0,RF,,PENDENTE,
2026-07-18,13:00:00,SLOVENIA 1,NK Radomlje,NK Brinje Grosuplje,15.5,91.9,RF,,PENDENTE,
2026-07-18,00:00:00,MEXICO 1,FC Juarez,Puebla,23.0,94.2,RF,,PENDENTE,
2026-07-18,08:00:00,CHINA 1,Chongqing Tonglianglong,Zhejiang Greentown,14.5,89.5,RF,,PENDENTE,
2026-07-18,08:00:00,SWEDEN 2,Oddevold,Varbergs BoIS,15.0,91.5,RF,,PENDENTE,
2026-07-18,08:30:00,CHINA 1,Guangxi Hengchen,Shaanxi Union FC,13.5,92.6,RF,,PENDENTE,
2026-07-18,08:30:00,CHINA 1,Meizhou Hakka,Dalian Kun City FC,14.5,89.5,RF,,PENDENTE,
2026-07-18,08:30:00,CHINA 1,Nanjing City,Guangdong GZ-Power FC,10.5,88.6,RF,,PENDENTE,
2026-07-18,08:35:00,CHINA 1,Shanghai Shenhua,Tianjin Jinmen Tiger FC,36.0,97.0,RF,,PENDENTE,
2026-07-18,09:00:00,CHINA 1,Jiangxi Dingnan United,Ningbo Professional,11.0,89.5,RF,,PENDENTE,
2026-07-18,09:00:00,CHINA 1,Wuhan Three Towns,Shenzhen Peng City,14.5,88.3,RF,,PENDENTE,
2026-07-18,09:00:00,FINLAND 1,HJK Helsinki,VPS,17.0,92.6,RF,,PENDENTE,
2026-07-18,09:00:00,NORWAY 1,Ham-Kam,Tromso,9.2,88.6,RF,1-4,ENCERRADO,0.94
2026-07-18,13:00:00,USA 1,Pittsburgh Riverhounds,Louisville FC,9.8,89.3,RF,,PENDENTE,
2026-07-18,11:00:00,ESTONIA 1,Trans Narva,Parnu JK Vaprus,12.5,88.7,RF,,PENDENTE,
2026-07-18,11:00:00,NORWAY 1,Kristiansund,Sarpsborg,16.0,90.4,RF,,PENDENTE,
2026-07-18,11:00:00,NORWAY 1,Lillestrom,Kfum Oslo,24.0,94.4,RF,2-1,ENCERRADO,0.94
2026-07-18,12:00:00,SWEDEN 2,Osters,IK Brage,22.0,92.3,RF,,PENDENTE,
2026-07-18,12:30:00,ROMANIA 1,Otelul Galati,CFR Cluj,9.4,90.7,RF,,PENDENTE,
2026-07-18,12:30:00,URUGUAY 1,Progreso,Deportivo Maldonado,8.2,88.5,RF,,PENDENTE,
2026-07-18,13:00:00,BULGARIA 1,Septemvri,Arda,7.2,88.2,RF,,PENDENTE,
2026-07-18,13:00:00,ICELAND 1,Thor,Vikingur Reykjavik,30.0,88.9,RF,,PENDENTE,
2026-07-18,13:00:00,PERU 1,Cesar Vallejo Moquegua,Comerciantes Unidos,11.5,92.2,RF,,PENDENTE,
2026-07-18,10:00:00,SWEDEN 2,Ostersunds FK,Landskrona,14.5,92.6,RF,,PENDENTE,
2026-07-18,23:30:00,USA 1,Phoenix Rising FC,Monterey Bay FC,17.0,92.7,RF,,PENDENTE,
2026-07-19,10:00:00,SWEDEN 2,Varnamo,Ljungskile,13.5,91.0,RF+Trader,2-3,ENCERRADO,0.94
2026-07-19,11:00:00,BRAZIL 4,Sao Luiz,CSA,8.0,89.8,RF+Trader,0-0,ENCERRADO,0.94
2026-07-19,11:30:00,SWEDEN 1,Elfsborg,Sirius,12.5,91.3,RF+Trader,1-3,ENCERRADO,0.94
2026-07-19,11:30:00,SWEDEN 1,Hammarby,Degerfors,50.0,97.8,RF+Trader,4-0,ENCERRADO,0.94
2026-07-19,13:30:00,BULGARIA 1,Botev Vratsa,Cherno More,8.6,89.5,RF+Trader,,PENDENTE,
2026-07-19,16:00:00,WORLD WORLD CUP,Spain,Argentina,12.0,94.1,RF+Trader,1-0,ENCERRADO,0.94
2026-07-19,19:00:00,BRAZIL 4,America RN,Gama,13.0,93.9,RF+Trader,1-0,ENCERRADO,0.94
2026-07-19,21:00:00,PERU 1,Alianza Lima,Sport Huancayo,38.0,97.2,RF+Trader,2-1,ENCERRADO,0.94
2026-07-19,13:00:00,SLOVENIA 1,NK Aluminij,NK Maribor,14.0,87.4,RF,,PENDENTE,
2026-07-19,13:30:00,ROMANIA 1,ACS Petrolul 52,Dinamo Bucharest,8.2,89.2,RF,,PENDENTE,
2026-07-19,13:45:00,ECUADOR 1,Tecnico Universitario,Aucas,8.4,89.1,RF,,PENDENTE,
2026-07-19,14:00:00,SERBIA 1,Cukaricki,FK IMT Novi Beograd,13.0,91.5,RF,,PENDENTE,
2026-07-19,18:45:00,ECUADOR 1,Guayaquil City,Manta FC,11.0,92.3,RF,,PENDENTE,
2026-07-19,14:00:00,SERBIA 1,Vojvodina,OFK Beograd,24.0,94.6,RF,,PENDENTE,
2026-07-19,13:00:00,PERU 1,CD Los Chankas,Sport Boys (Per),14.0,93.1,RF,,PENDENTE,
2026-07-19,14:00:00,SERBIA 1,Radnik Surdulica,Mladost Lucani,14.0,93.8,RF,,PENDENTE,
2026-07-19,10:00:00,URUGUAY 1,Central Espanol,Cerro Largo FC,8.8,89.4,RF,,PENDENTE,
2026-07-19,12:30:00,FINLAND 1,Jaro,FC Inter,10.5,87.2,RF,,PENDENTE,
2026-07-19,12:00:00,BOLIVIA 1,CD Gualberto Villarroel,The Strongest,12.5,88.8,RF,,PENDENTE,
2026-07-19,11:30:00,SWEDEN 1,Halmstads,Hacken,14.0,87.4,RF,,PENDENTE,
2026-07-19,11:00:00,ROMANIA 1,Universitatea Cluj,Farul Constanta,14.0,91.8,RF,,PENDENTE,
2026-07-19,11:00:00,ICELAND 1,IBV,KA Akureyri,23.0,91.6,RF,,PENDENTE,
2026-07-19,11:00:00,ESTONIA 1,Kuressaare,Nomme Kalju,11.5,88.2,RF,,PENDENTE,
2026-07-19,10:00:00,SWEDEN 2,United IK Nordic,Orebro,17.5,93.4,RF,,PENDENTE,
2026-07-19,08:00:00,SWEDEN 2,Norrkoping,Sandvikens IF,36.0,94.9,RF,,PENDENTE,
2026-07-19,00:10:00,MEXICO 1,Queretaro,CF America,10.5,88.0,RF,,PENDENTE,
2026-07-19,21:15:00,ECUADOR 1,Independiente (Ecu),Emelec,36.0,95.9,RF,,PENDENTE,
2026-07-19,13:00:00,ESTONIA 1,Harju JK Laagri,Paide Linnameeskond,15.0,89.5,RF,,PENDENTE,
2026-07-20,12:00:00,FINLAND 1,TPS,Ilves,15.5,90.8,RF+Trader,1-3,ENCERRADO,0.94
2026-07-20,13:15:00,BULGARIA 1,Slavia Sofia,CSKA Sofia,8.2,88.5,RF+Trader,,PENDENTE,
2026-07-20,16:15:00,ICELAND 1,Hafnarfjordur,Breidablik,22.0,92.2,RF+Trader,0-0,ENCERRADO,0.94
2026-07-20,15:30:00,ROMANIA 1,Rapid Bucharest,ACS Sepsi OSK,18.5,94.5,RF,,PENDENTE,
2026-07-20,17:00:00,URUGUAY 1,Torque,Danubio,15.0,94.7,RF,,PENDENTE,
2026-07-20,16:15:00,ICELAND 1,Keflavik,IA Akranes,25.0,89.3,RF,,PENDENTE,
2026-07-20,16:00:00,ECUADOR 1,Mushuc Runa,Orense Sporting Club,14.5,93.8,RF,,PENDENTE,
2026-07-20,15:30:00,BULGARIA 1,Botev Plovdiv,Lokomotiv Sofia,19.5,93.1,RF,,PENDENTE,
2026-07-20,14:00:00,SWEDEN 1,Orgryte,Djurgardens,15.0,90.2,RF,,PENDENTE,
2026-07-20,14:00:00,SWEDEN 1,Kalmar FF,Malmo FF,15.5,89.5,RF,,PENDENTE,
2026-07-20,13:00:00,FINLAND 1,IFK Mariehamn,Lahti,10.5,87.2,RF,,PENDENTE,
2026-07-20,12:30:00,ROMANIA 1,FC Hunedoara,Csikszereda,13.5,93.8,RF,,PENDENTE,
2026-07-20,20:00:00,BOLIVIA 1,Nacional Potosi,CDT Real Oruro,40.0,95.4,RF,,PENDENTE,
2026-07-20,14:00:00,SWEDEN 2,Norrby IF,Sundsvall,15.0,93.1,RF,,PENDENTE,
2026-07-20,20:00:00,URUGUAY 1,Defensor Sporting,Liverpool Montevideo,8.8,89.5,RF,,PENDENTE,
2026-07-21,18:30:00,ECUADOR 1,Libertad FC,Delfin,12.0,92.8,RF+Trader,,PENDENTE,
2026-07-21,19:30:00,BRAZIL 2,Avai,America MG,11.5,92.1,RF+Trader,2-1,ENCERRADO,0.94
2026-07-21,19:30:00,BRAZIL 2,Novorizontino,Criciuma,11.5,92.8,RF+Trader,0-1,ENCERRADO,-10.5
2026-07-21,22:00:00,MEXICO 1,Cruz Azul,Puebla,32.0,96.9,RF+Trader,,PENDENTE,
2026-07-21,21:35:00,BRAZIL 2,Vila Nova,Fortaleza EC,10.5,90.9,RF,,PENDENTE,
2026-07-21,14:00:00,SWEDEN 2,Falkenbergs,Helsingborgs,22.0,91.8,RF,,PENDENTE,
2026-07-21,19:30:00,BRAZIL 1,Atletico MG,Bahia,15.0,93.7,RF,1-1,ENCERRADO,0.94
2026-07-21,21:00:00,ECUADOR 1,Univ Catolica (Ecu),Barcelona (Ecu),15.5,93.8,RF,,PENDENTE,
2026-07-22,14:00:00,NORWAY 1,Lillestrom,Viking,15.5,92.2,RF+Trader,,PENDENTE,
2026-07-22,20:30:00,BRAZIL 2,Goias,Sport Recife,12.5,92.5,RF+Trader,,PENDENTE,
2026-07-22,20:40:00,USA 1,FC Cincinnati,Vancouver Whitecaps,17.5,93.6,RF+Trader,,PENDENTE,
2026-07-22,20:40:00,USA 1,New England Revolution,Toronto FC,17.0,93.8,RF+Trader,,PENDENTE,
2026-07-22,21:30:00,BRAZIL 1,Sao Paulo,Athletico-PR,12.0,93.3,RF+Trader,,PENDENTE,
2026-07-22,21:30:00,USA 1,Nashville SC,CF Montreal,26.0,97.0,RF+Trader,,PENDENTE,
2026-07-22,22:40:00,USA 1,Austin FC,Seattle Sounders,13.5,94.0,RF+Trader,,PENDENTE,
2026-07-22,23:30:00,USA 1,Los Angeles FC,Real Salt Lake,24.0,95.1,RF+Trader,,PENDENTE,
2026-07-22,23:30:00,USA 1,Portland Timbers,FC Dallas,21.0,92.6,RF+Trader,,PENDENTE,
2026-07-22,23:30:00,USA 1,San Jose Earthquakes,Orlando City,40.0,95.7,RF+Trader,,PENDENTE,
2026-07-22,21:30:00,BRAZIL 1,Chapecoense,Flamengo,7.8,90.2,RF,,PENDENTE,
2026-07-22,21:30:00,BRAZIL 1,Internacional,Cruzeiro MG,12.0,91.2,RF,,PENDENTE,
2026-07-22,21:30:00,BRAZIL 2,Nautico PE,Londrina,15.5,94.3,RF,,PENDENTE,
2026-07-22,21:30:00,USA 1,Houston Dynamo,DC Utd,18.5,92.9,RF,,PENDENTE,
2026-07-22,22:00:00,USA 1,Colorado Switchbacks FC,Miami FC,48.0,95.8,RF,,PENDENTE,
2026-07-22,21:25:00,USA 1,Charlotte FC,Atlanta Utd,15.5,92.2,RF,,PENDENTE,
2026-07-22,22:40:00,USA 1,Colorado,San Diego FC,23.0,93.0,RF,,PENDENTE,
2026-07-22,23:30:00,USA 1,LA Galaxy,St Louis City SC,17.0,92.5,RF,,PENDENTE,
2026-07-22,21:30:00,USA 1,Kansas City,Minnesota Utd,14.0,90.6,RF,,PENDENTE,
2026-07-22,21:00:00,ECUADOR 1,Manta FC,LDU,6.6,87.8,RF,,PENDENTE,
2026-07-22,20:40:00,USA 1,Inter Miami CF,Chicago Fire,25.0,89.5,RF,,PENDENTE,
2026-07-22,20:30:00,USA 1,Columbus,New York City,13.5,92.5,RF,,PENDENTE,
2026-07-22,20:00:00,USA 1,Lexington SC,Oakland Roots,24.0,93.5,RF,,PENDENTE,
2026-07-22,19:30:00,BRAZIL 2,Operario PR,Ponte Preta,36.0,96.1,RF,,PENDENTE,
2026-07-22,19:30:00,BRAZIL 2,Ceara SC Fortaleza,CRB,12.0,92.2,RF,,PENDENTE,
2026-07-22,19:30:00,BRAZIL 1,Coritiba,SE Palmeiras,7.0,88.6,RF,,PENDENTE,
2026-07-22,18:30:00,ECUADOR 1,Independiente (Ecu),Tecnico Universitario,55.0,98.5,RF,,PENDENTE,
2026-07-22,16:00:00,ECUADOR 1,Macara,Deportivo Cuenca,11.5,92.2,RF,,PENDENTE,
2026-07-22,00:05:00,MEXICO 1,Toluca,Pumas UNAM,24.0,94.8,RF,,PENDENTE,
2026-07-22,20:40:00,USA 1,Philadelphia,New York Red Bulls,26.0,93.5,RF,,PENDENTE,
2026-07-23,19:30:00,ARGENTINA 1,Belgrano,Rosario Central,8.0,91.6,RF+Trader,,PENDENTE,
2026-07-23,19:30:00,BRAZIL 1,Corinthians,Remo,23.0,96.3,RF+Trader,,PENDENTE,
2026-07-23,19:30:00,BRAZIL 2,Athletic Club,Sao Bernardo,13.0,94.1,RF+Trader,,PENDENTE,
2026-07-23,21:00:00,ECUADOR 1,Emelec,Mushuc Runa,15.0,94.0,RF+Trader,,PENDENTE,
2026-07-23,21:30:00,BRAZIL 2,Botafogo SP,Juventude,9.2,93.0,RF+Trader,,PENDENTE,
2026-07-23,21:45:00,ARGENTINA 1,Defensa y Justicia,Aldosivi,13.0,93.4,RF+Trader,,PENDENTE,
2026-07-23,19:30:00,BRAZIL 1,Botafogo FR,EC Vitoria Salvador,18.5,94.8,RF,,PENDENTE,
2026-07-23,18:30:00,ECUADOR 1,Orense Sporting Club,Aucas,11.0,91.1,RF,,PENDENTE,
2026-07-23,18:30:00,ECUADOR 1,CD Leones del Norte,Guayaquil City,14.0,94.9,RF,,PENDENTE,
2026-07-24,13:00:00,FINLAND 1,Jaro,SJK,13.5,93.0,RF+Trader,,PENDENTE,
2026-07-24,13:00:00,POLAND 1,Radomiak Radom,Wieczysta Krakow,14.0,91.1,RF+Trader,,PENDENTE,
2026-07-24,13:00:00,POLAND 2,Polonia Bytom,Warta Poznan,20.0,93.9,RF+Trader,,PENDENTE,
2026-07-24,14:00:00,SWEDEN 1,Vasteras SK,Orgryte,27.0,94.8,RF+Trader,,PENDENTE,
2026-07-24,15:15:00,BULGARIA 1,Arda,Slavia Sofia,17.5,95.0,RF+Trader,,PENDENTE,
2026-07-24,16:00:00,POLAND 2,Odra Opole,Arka Gdynia,12.0,91.7,RF+Trader,,PENDENTE,
2026-07-24,17:00:00,ICELAND 1,Vikingur Reykjavik,Keflavik,75.0,96.5,RF+Trader,,PENDENTE,
2026-07-24,18:30:00,PARAGUAY 1,Cerro Porteno,Sportivo Trinidense,12.0,93.6,RF+Trader,,PENDENTE,
2026-07-24,19:00:00,ARGENTINA 1,Velez Sarsfield,Instituto,10.5,92.3,RF+Trader,,PENDENTE,
2026-07-24,19:30:00,URUGUAY 1,Nacional (Uru),Progreso,23.0,95.6,RF+Trader,,PENDENTE,
2026-07-24,15:45:00,IRELAND 2,Treaty United,Athlone Town,11.0,89.8,RF,,PENDENTE,
2026-07-24,15:45:00,IRELAND 2,UCD,Cork City,10.5,88.2,RF,,PENDENTE,
2026-07-24,16:00:00,IRELAND 1,St Patricks,Dundalk,26.0,95.6,RF,,PENDENTE,
2026-07-24,16:00:00,PARAGUAY 1,Club 2 de Mayo,Rubio Nu,9.4,91.5,RF,,PENDENTE,
2026-07-24,16:45:00,ARGENTINA 1,Gimnasia Mendoza,Central Cordoba (SdE),11.5,93.9,RF,,PENDENTE,
2026-07-24,17:00:00,PERU 1,Alianza Atletico,CD Los Chankas,21.0,94.4,RF,,PENDENTE,
2026-07-24,19:00:00,ARGENTINA 1,Racing Club,Gimnasia La Plata,13.0,93.5,RF,,PENDENTE,
2026-07-24,15:45:00,IRELAND 2,Kerry FC,Finn Harps,19.5,94.4,RF,,PENDENTE,
2026-07-24,19:00:00,URUGUAY 1,Torque,Danubio,15.0,93.6,RF,,PENDENTE,
2026-07-24,20:00:00,BOLIVIA 1,Aurora,Academia de Balompie Boliviano,85.0,96.2,RF,,PENDENTE,
2026-07-24,20:10:00,COLOMBIA 1,Llaneros FC,Deportivo Pereira,24.0,94.4,RF,,PENDENTE,
2026-07-24,21:15:00,ARGENTINA 1,CA Huracan,Banfield,11.5,94.1,RF,,PENDENTE,
2026-07-24,21:15:00,ARGENTINA 1,CA Platense,Union Santa Fe,9.4,92.6,RF,,PENDENTE,
2026-07-24,21:30:00,CHILE 1,Colo Colo,Deportes Limache,29.0,94.8,RF,,PENDENTE,
2026-07-24,15:45:00,IRELAND 2,Cobh Ramblers,Bray Wanderers,11.5,88.9,RF,,PENDENTE,
2026-07-24,15:15:00,SWITZERLAND 2,Etoile Carouge,Aarau,15.0,88.8,RF,,PENDENTE,
2026-07-24,15:30:00,POLAND 1,Pogon Szczecin,Legia Warsaw,11.0,89.5,RF,,PENDENTE,
2026-07-24,22:15:00,COLOMBIA 1,Deportivo Cali,Jaguares de Cordoba,20.0,96.2,RF,,PENDENTE,
2026-07-24,12:30:00,ROMANIA 1,UTA Arad,Otelul Galati,13.5,92.1,RF,,PENDENTE,
2026-07-24,13:00:00,CZECH 1,Dukla Prague,Arsenal Ceska Lipa,25.0,95.5,RF,,PENDENTE,
2026-07-24,13:00:00,CZECH 1,H Slavia Kromeriz,MAS Taborsko,13.0,88.3,RF,,PENDENTE,
2026-07-24,13:00:00,CZECH 1,Prostejov,Trinec,17.0,93.9,RF,,PENDENTE,
2026-07-24,13:00:00,CZECH 1,Usti Nad Labem,SK Kladno,20.0,94.3,RF,,PENDENTE,
2026-07-24,13:00:00,CZECH 1,Vysocina Jihlava,Zizkov,16.5,92.3,RF,,PENDENTE,
2026-07-24,13:00:00,DENMARK 2,Vejle,AB,21.0,93.9,RF,,PENDENTE,
2026-07-24,14:00:00,DENMARK 2,AaB,Hillerod Fodbold,18.5,92.3,RF,,PENDENTE,
2026-07-24,14:00:00,DENMARK 1,Viborg,OB,21.0,93.9,RF,,PENDENTE,
2026-07-24,14:30:00,SWITZERLAND 2,Neuchatel Xamax,Kriens,29.0,94.0,RF,,PENDENTE,
2026-07-24,14:30:00,SWITZERLAND 2,Rapperswil-Jona,FC Wil,14.5,90.3,RF,,PENDENTE,
2026-07-24,14:30:00,SWITZERLAND 2,Stade Lausanne-Ouchy,Stade Nyonnais,46.0,96.2,RF,,PENDENTE,
2026-07-24,15:15:00,SWITZERLAND 2,Winterthur,Yverdon Sport,18.0,91.4,RF,,PENDENTE,
2026-07-24,15:30:00,ROMANIA 1,Arges Pitesti,ACS Petrolul 52,12.0,94.1,RF,,PENDENTE,
2026-07-24,22:30:00,PERU 1,Universitario de Deportes,Cusco FC,28.0,95.9,RF,,PENDENTE,
2026-07-25,08:00:00,CHINA 1,Changchun Yatai,Nanjing City,16.5,93.7,RF+Trader,,PENDENTE,
2026-07-25,09:00:00,CHINA 1,Wuhan Three Towns,Chongqing Tonglianglong,13.5,94.4,RF+Trader,,PENDENTE,
2026-07-25,10:00:00,DENMARK 2,Esbjerg,Kolding IF,18.0,94.0,RF+Trader,,PENDENTE,
2026-07-25,10:30:00,POLAND 2,Pogon Siedlce,LKS Lodz,9.8,91.0,RF+Trader,,PENDENTE,
2026-07-25,11:00:00,FINLAND 1,KuPS,VPS,14.5,94.5,RF+Trader,,PENDENTE,
2026-07-25,11:00:00,NORWAY 1,Kristiansund,Start,13.0,92.3,RF+Trader,,PENDENTE,
2026-07-25,12:30:00,POLAND 1,Gornik Zabrze,Slask Wroclaw,17.5,94.2,RF+Trader,,PENDENTE,
2026-07-25,12:30:00,SERBIA 1,Radnicki Nis,Cukaricki,12.5,92.8,RF+Trader,,PENDENTE,
2026-07-25,13:00:00,BULGARIA 1,CSKA 1948 Sofia,Botev Vratsa,22.0,96.0,RF+Trader,,PENDENTE,
2026-07-25,13:00:00,NORWAY 2,Stromsgodset,Lyn,75.0,96.3,RF+Trader,,PENDENTE,
2026-07-25,14:45:00,ARGENTINA 1,Estudiantes Rio Cuarto,Tigre,6.2,95.4,RF+Trader,,PENDENTE,
2026-07-25,15:00:00,NORWAY 2,Haugesund,Bryne,34.0,94.5,RF+Trader,,PENDENTE,
2026-07-25,15:30:00,SWITZERLAND 1,Luzern,Thun,24.0,95.1,RF+Trader,,PENDENTE,
2026-07-25,15:45:00,IRELAND 1,Sligo Rovers,Drogheda,11.5,91.2,RF+Trader,,PENDENTE,
2026-07-25,17:00:00,BRAZIL 3,Ferroviaria,Maranhao,17.0,94.6,RF+Trader,,PENDENTE,
2026-07-25,18:30:00,BRAZIL 1,Athletico-PR,Internacional,13.0,93.8,RF+Trader,,PENDENTE,
2026-07-25,18:30:00,BRAZIL 3,Confianca,Itabaiana,12.0,94.0,RF+Trader,,PENDENTE,
2026-07-25,18:30:00,CHILE 1,Huachipato,Cobresal,23.0,95.3,RF+Trader,,PENDENTE,
2026-07-25,19:15:00,ARGENTINA 1,River Plate,Barracas Central,29.0,96.4,RF+Trader,,PENDENTE,
2026-07-25,20:30:00,USA 1,New England Revolution,Atlanta Utd,17.0,94.1,RF+Trader,,PENDENTE,
2026-07-25,20:30:00,USA 1,New York City,Chicago Fire,15.0,91.6,RF+Trader,,PENDENTE,
2026-07-25,20:30:00,USA 1,Orlando City,Nashville SC,15.0,93.4,RF+Trader,,PENDENTE,
2026-07-25,21:30:00,ARGENTINA 1,Lanus,San Lorenzo,11.5,94.7,RF+Trader,,PENDENTE,
2026-07-25,21:30:00,USA 1,Houston Dynamo,Austin FC,19.5,94.5,RF+Trader,,PENDENTE,
2026-07-25,18:05:00,COLOMBIA 1,Ind Medellin,Deportivo Pasto,17.0,94.4,RF,,PENDENTE,
2026-07-25,18:30:00,BRAZIL 1,Santos,Chapecoense,36.0,95.8,RF,,PENDENTE,
2026-07-25,19:00:00,BRAZIL 3,Volta Redonda,Anapolis GO,16.0,94.8,RF,,PENDENTE,
2026-07-25,18:30:00,PARAGUAY 1,Club Sportivo Ameliano,Nacional (Par),8.0,90.6,RF,,PENDENTE,
2026-07-25,18:00:00,URUGUAY 1,Defensor Sporting,Liverpool Montevideo,9.4,89.2,RF,,PENDENTE,
2026-07-25,18:00:00,COLOMBIA 1,Boyaca Chico,Atletico Nacional Medellin,7.6,87.5,RF,,PENDENTE,
2026-07-25,17:00:00,ARGENTINA 1,Newells,Talleres,9.0,89.3,RF,,PENDENTE,
2026-07-25,17:00:00,BRAZIL 3,Santa Cruz PE,Figueirense,13.5,94.3,RF,,PENDENTE,
2026-07-25,19:30:00,USA 1,New York Red Bulls,Charlotte FC,22.0,90.8,RF,,PENDENTE,
2026-07-25,16:00:00,PARAGUAY 1,Deportivo Recoleta,Sportivo San Lorenzo,12.5,92.3,RF,,PENDENTE,
2026-07-25,16:00:00,CHILE 1,Coquimbo Unido,Univ de Concepcion,70.0,96.3,RF,,PENDENTE,
2026-07-25,15:30:00,SLOVAKIA 1,Podbrezova,Zemplin,29.0,94.1,RF,,PENDENTE,
2026-07-25,15:30:00,IRELAND 2,Longford,Wexford F.C,13.5,88.4,RF,,PENDENTE,
2026-07-25,17:15:00,PERU 1,Juan Pablo II College,Cienciano,14.5,90.0,RF,,PENDENTE,
2026-07-25,20:00:00,USA 1,Miami FC,Tampa Bay Rowdies,10.5,87.5,RF,,PENDENTE,
2026-07-25,20:00:00,USA 1,Forward Madison FC,FC Naples,21.0,94.6,RF,,PENDENTE,
2026-07-25,22:00:00,USA 1,Colorado Switchbacks FC,Charleston Battery,18.5,92.3,RF,,PENDENTE,
2026-07-25,22:00:00,PERU 1,Melgar,Sporting Cristal,20.0,94.6,RF,,PENDENTE,
2026-07-25,21:30:00,USA 1,Tulsa Roughnecks FC,Lexington SC,11.5,89.4,RF,,PENDENTE,
2026-07-25,21:30:00,USA 1,St Louis City SC,Colorado,17.5,93.5,RF,,PENDENTE,
2026-07-25,21:30:00,USA 1,Minnesota Utd,Vancouver Whitecaps,13.0,88.8,RF,,PENDENTE,
2026-07-25,21:00:00,ECUADOR 1,Tecnico Universitario,Manta FC,16.0,94.6,RF,,PENDENTE,
2026-07-25,21:00:00,CHILE 1,Univ Catolica (Chile),La Serena,32.0,95.4,RF,,PENDENTE,
2026-07-25,20:00:00,USA 1,Charlotte Independence,Richmond Kickers,42.0,96.1,RF,,PENDENTE,
2026-07-25,20:30:00,USA 1,Philadelphia,Seattle Sounders,20.0,93.4,RF,,PENDENTE,
2026-07-25,20:30:00,USA 1,DC Utd,Toronto FC,16.5,91.4,RF,,PENDENTE,
2026-07-25,20:30:00,USA 1,CF Montreal,Inter Miami CF,20.0,89.7,RF,,PENDENTE,
2026-07-25,20:30:00,BRAZIL 1,Vasco Da Gama,Mirassol,13.0,92.2,RF,,PENDENTE,
2026-07-25,20:15:00,USA 1,Columbus,FC Cincinnati,20.0,91.4,RF,,PENDENTE,
2026-07-25,20:10:00,COLOMBIA 1,Millonarios,Atletico Bucaramanga,16.5,94.6,RF,,PENDENTE,
2026-07-25,20:07:00,MEXICO 1,Guadalajara,FC Juarez,34.0,95.8,RF,,PENDENTE,
2026-07-25,15:15:00,SLOVENIA 1,NK Maribor,NK Brinje Grosuplje,28.0,95.3,RF,,PENDENTE,
2026-07-25,15:15:00,POLAND 1,Lech Poznan,Cracovia Krakow,26.0,95.4,RF,,PENDENTE,
2026-07-25,15:00:00,SERBIA 1,FK IMT Novi Beograd,Zemun,21.0,94.9,RF,,PENDENTE,
2026-07-25,15:00:00,URUGUAY 1,Central Espanol,Cerro Largo FC,9.8,90.0,RF,,PENDENTE,
2026-07-25,10:30:00,POLAND 2,Stal Rzeszow,Chrobry Glogow,16.5,89.4,RF,,PENDENTE,
2026-07-25,10:30:00,POLAND 2,Lechia Gdansk,Pogon Grodzisk Mazowiecki,11.5,87.4,RF,,PENDENTE,
2026-07-25,10:30:00,FINLAND 1,IFK Mariehamn,AC Oulu,10.5,87.1,RF,,PENDENTE,
2026-07-25,10:00:00,SWEDEN 2,Varnamo,IK Brage,18.5,91.7,RF,,PENDENTE,
2026-07-25,10:00:00,SWEDEN 1,Degerfors,Djurgardens,9.8,86.7,RF,,PENDENTE,
2026-07-25,09:45:00,POLAND 1,Jagiellonia Bialystock,Korona Kielce,16.5,94.1,RF,,PENDENTE,
2026-07-25,09:00:00,DENMARK 2,Hvidovre,Vendsyssel FF,20.0,94.4,RF,,PENDENTE,
2026-07-25,08:35:00,CHINA 1,Shanghai Port FC,Shanghai Shenhua,26.0,89.4,RF,,PENDENTE,
2026-07-25,08:35:00,CHINA 1,Liaoning Tieren FC,Qingdao Youth Island,24.0,94.0,RF,,PENDENTE,
2026-07-25,08:30:00,CHINA 1,Shijiazhuang Gongfu FC,Nantong Zhiyun F.C,7.2,89.0,RF,,PENDENTE,
2026-07-25,08:30:00,CHINA 1,Foshan Nanshi FC,Wuxi Wugou,10.5,89.0,RF,,PENDENTE,
2026-07-25,08:00:00,CHINA 1,Shaanxi Union FC,Shenzhen Juniors FC,17.0,94.4,RF,,PENDENTE,
2026-07-25,08:00:00,CHINA 1,Ningbo Professional,Guangdong GZ-Power FC,9.4,88.7,RF,,PENDENTE,
2026-07-25,06:30:00,CHINA 1,Qingdao Hainiu,Tianjin Jinmen Tiger FC,11.0,90.0,RF,,PENDENTE,
2026-07-25,00:00:00,MEXICO 1,Tijuana,Leon,18.0,93.9,RF,,PENDENTE,
2026-07-25,00:00:00,MEXICO 1,Atlante,CF America,8.6,86.9,RF,,PENDENTE,
2026-07-25,22:00:00,USA 1,Spokane Velocity FC,Fort Wayne FC,17.0,93.6,RF,,PENDENTE,
2026-07-25,11:00:00,DENMARK 2,Fredericia,HB Koge,50.0,94.3,RF,,PENDENTE,
2026-07-25,11:30:00,ROMANIA 1,Farul Constanta,FC Hunedoara,12.0,91.2,RF,,PENDENTE,
2026-07-25,15:00:00,PERU 1,Sport Huancayo,Atletico Grau,18.0,94.2,RF,,PENDENTE,
2026-07-25,15:00:00,CZECH 1,FC Zbrojovka Brno,Sparta Prague,11.0,87.5,RF,,PENDENTE,
2026-07-25,14:30:00,ROMANIA 1,Dinamo Bucharest,Universitatea Craiova,10.0,89.7,RF,,PENDENTE,
2026-07-25,13:00:00,SWITZERLAND 1,Servette,FC Basel,20.0,89.1,RF,,PENDENTE,
2026-07-25,13:00:00,SWITZERLAND 1,Lausanne,Grasshoppers Zurich,24.0,93.0,RF,,PENDENTE,
2026-07-25,13:00:00,SLOVENIA 1,Mura,Olimpija,10.5,89.5,RF,,PENDENTE,
2026-07-25,13:00:00,SLOVAKIA 1,Trencin,KFC Komarno,13.0,91.9,RF,,PENDENTE,
2026-07-25,15:15:00,BULGARIA 1,Lokomotiv Sofia,PFC Levski Sofia,12.0,87.3,RF,,PENDENTE,
2026-07-25,13:00:00,SLOVAKIA 1,Spartak Trnava,MFK Skalica,24.0,95.4,RF,,PENDENTE,
2026-07-25,13:00:00,IRELAND 1,Galway Utd,Waterford,21.0,90.9,RF,,PENDENTE,
2026-07-25,13:00:00,DENMARK 1,AGF,Brondby,16.0,91.2,RF,,PENDENTE,
2026-07-25,12:30:00,SWEDEN 1,Kalmar FF,Mjallby,13.5,89.1,RF,,PENDENTE,
2026-07-25,12:30:00,PERU 1,Sport Boys (Per),Asociacion Deportiva Tarma,19.0,94.2,RF,,PENDENTE,
2026-07-25,12:00:00,CZECH 1,Zlin,Banik Ostrava,9.2,89.1,RF,,PENDENTE,
2026-07-25,12:00:00,CZECH 1,Teplice,Bohemians 1905,13.5,92.7,RF,,PENDENTE,
2026-07-25,12:00:00,CZECH 1,Plzen,Slovan Liberec,26.0,94.7,RF,,PENDENTE,
2026-07-25,22:15:00,COLOMBIA 1,Tolima,Junior FC Barranquilla,14.0,93.6,RF,,PENDENTE,
2026-07-26,00:00:00,MEXICO 1,Santos Laguna,Atlas,12.5,91.9,RF+Trader,,PENDENTE,
2026-07-26,07:00:00,CHINA 1,Yanbian Longding,Meizhou Hakka,22.0,94.6,RF+Trader,,PENDENTE,
2026-07-26,08:35:00,CHINA 1,Chengdu Rongcheng,Beijing Guoan,20.0,95.6,RF+Trader,,PENDENTE,
2026-07-26,08:35:00,CHINA 1,Shandong Taishan,Henan Songshan Longmen,26.0,95.7,RF+Trader,,PENDENTE,
2026-07-26,09:00:00,DENMARK 2,Hobro,Aarhus Fremad,12.0,90.9,RF+Trader,,PENDENTE,
2026-07-26,09:00:00,FINLAND 1,Ilves,Lahti,13.5,94.1,RF+Trader,,PENDENTE,
2026-07-26,09:00:00,SWEDEN 1,Brommapojkarna,Hammarby,12.0,93.1,RF+Trader,,PENDENTE,
2026-07-26,09:00:00,SWITZERLAND 1,Young Boys,Sion,27.0,96.0,RF+Trader,,PENDENTE,
2026-07-26,09:30:00,NORWAY 1,Brann,Valerenga,32.0,94.6,RF+Trader,,PENDENTE,
2026-07-26,11:00:00,DENMARK 1,FC Copenhagen,Lyngby,38.0,97.1,RF+Trader,,PENDENTE,
2026-07-26,11:30:00,SWEDEN 1,Malmo FF,Elfsborg,19.5,93.3,RF+Trader,,PENDENTE,
2026-07-26,12:00:00,NORWAY 2,Asane,Egersund,17.5,91.9,RF+Trader,,PENDENTE,
2026-07-26,12:00:00,NORWAY 2,Moss,Raufoss,36.0,94.5,RF+Trader,,PENDENTE,
2026-07-26,12:00:00,NORWAY 1,KFUM Oslo,Molde,13.5,92.0,RF+Trader,,PENDENTE,
2026-07-26,13:00:00,BULGARIA 1,Cherno More,Spartak Varna,16.0,94.5,RF+Trader,,PENDENTE,
2026-07-26,15:15:00,ECUADOR 1,Aucas,Macara,13.5,93.6,RF+Trader,,PENDENTE,
2026-07-26,16:00:00,BRAZIL 1,Bahia,Corinthians,11.5,93.5,RF+Trader,,PENDENTE,
2026-07-26,16:00:00,CHILE 1,Nublense,Palestino,12.5,92.7,RF+Trader,,PENDENTE,
2026-07-26,16:15:00,ICELAND 1,Fram,Hafnarfjordur,50.0,95.7,RF+Trader,,PENDENTE,
2026-07-26,17:30:00,PERU 1,Comerciantes Unidos,Alianza Lima,7.6,91.7,RF+Trader,,PENDENTE,
2026-07-26,18:30:00,BRAZIL 1,Gremio,Fluminense,9.2,91.4,RF+Trader,,PENDENTE,
2026-07-26,18:30:00,BRAZIL 2,America MG,Goias,8.4,90.3,RF+Trader,,PENDENTE,
2026-07-26,18:30:00,BRAZIL 2,Londrina,Novorizontino,8.0,94.9,RF+Trader,,PENDENTE,
2026-07-26,20:00:00,MEXICO 1,Necaxa,Monterrey,13.0,91.6,RF+Trader,,PENDENTE,
2026-07-26,21:00:00,PERU 1,Deportivo Garcilaso,FC Cajamarca,18.0,94.4,RF+Trader,,PENDENTE,
2026-07-26,16:00:00,BOLIVIA 1,Blooming Santa Cruz,The Strongest,18.0,92.1,RF,,PENDENTE,
2026-07-26,16:00:00,BRAZIL 1,Cruzeiro MG,Botafogo FR,18.0,94.3,RF,,PENDENTE,
2026-07-26,16:00:00,BRAZIL 2,Criciuma,Nautico PE,20.0,94.9,RF,,PENDENTE,
2026-07-26,16:00:00,BRAZIL 3,Ypiranga RS,Barra FC,13.0,94.1,RF,,PENDENTE,
2026-07-26,16:00:00,BRAZIL 3,Brusque FC,Ituano,12.0,92.4,RF,,PENDENTE,
2026-07-26,15:30:00,SERBIA 1,Mladost Lucani,FK Novi Pazar,10.5,89.4,RF,,PENDENTE,
2026-07-26,16:00:00,BRAZIL 2,Sao Bernardo,Ceara SC Fortaleza,10.5,91.0,RF,,PENDENTE,
2026-07-26,15:15:00,SLOVENIA 1,Koper,NK Radomlje,36.0,95.3,RF,,PENDENTE,
2026-07-26,15:15:00,BULGARIA 1,Lokomotiv Plovdiv,Septemvri,18.0,94.4,RF,,PENDENTE,
2026-07-26,15:15:00,ECUADOR 1,Delfin,CD Leones del Norte,12.0,92.1,RF,,PENDENTE,
2026-07-26,16:00:00,COLOMBIA 1,Internacional de Bogotá,America de Cali S.A,9.0,90.5,RF,,PENDENTE,
2026-07-26,15:00:00,URUGUAY 1,Cerro,Racing Club (Uru),6.8,88.1,RF,,PENDENTE,
2026-07-26,15:00:00,PERU 1,UTC Cajamarca,Cesar Vallejo Moquegua,22.0,94.8,RF,,PENDENTE,
2026-07-26,15:00:00,CZECH 1,Hradec Kralove,Pardubice,13.0,91.6,RF,,PENDENTE,
2026-07-26,15:00:00,ARGENTINA 1,Atl Tucuman,Independiente Rivadavia,9.0,89.5,RF,,PENDENTE,
2026-07-26,14:30:00,ROMANIA 1,Csikszereda,FCSB,10.5,88.8,RF,,PENDENTE,
2026-07-26,14:30:00,POLAND 2,Puszcza Niepolomice,Polonia Warszawa,15.0,88.8,RF,,PENDENTE,
2026-07-26,14:15:00,NORWAY 1,Aalesunds,Viking,14.5,87.4,RF,,PENDENTE,
2026-07-26,15:15:00,POLAND 1,Wisla Krakow,GKS Katowice,16.5,93.6,RF,,PENDENTE,
2026-07-26,16:00:00,PARAGUAY 1,Olimpia,Libertad,15.0,93.6,RF,,PENDENTE,
2026-07-26,16:15:00,ICELAND 1,IA Akranes,Stjarnan,32.0,91.1,RF,,PENDENTE,
2026-07-26,20:30:00,BRAZIL 3,Amazonas FC,Paysandu,8.8,89.1,RF,,PENDENTE,
2026-07-26,20:30:00,BOLIVIA 1,Nacional Potosi,Real Tomayapo,42.0,95.9,RF,,PENDENTE,
2026-07-26,20:10:00,COLOMBIA 1,Alianza FC Valledupar,Fortaleza FC,13.0,94.0,RF,,PENDENTE,
2026-07-26,19:30:00,BRAZIL 1,SE Palmeiras,Atletico MG,18.0,94.5,RF,,PENDENTE,
2026-07-26,19:30:00,BRAZIL 1,Remo,EC Vitoria Salvador,11.5,91.1,RF,,PENDENTE,
2026-07-26,18:30:00,PARAGUAY 1,Guarani (Par),Sportivo Luqueno,12.5,92.3,RF,,PENDENTE,
2026-07-26,18:30:00,CHILE 1,Audax Italiano,Universidad de Chile,9.8,89.0,RF,,PENDENTE,
2026-07-26,16:00:00,SERBIA 1,Macva Sabac,Partizan Belgrade,9.0,88.8,RF,,PENDENTE,
2026-07-26,18:30:00,BRAZIL 3,SER Caxias do Sul,Botafogo PB,13.5,93.8,RF,,PENDENTE,
2026-07-26,18:30:00,BRAZIL 1,Red Bull Bragantino,Coritiba,19.5,94.5,RF,,PENDENTE,
2026-07-26,18:30:00,BRAZIL 1,Flamengo,Sao Paulo,26.0,95.4,RF,,PENDENTE,
2026-07-26,18:05:00,COLOMBIA 1,Aguilas Doradas,Santa Fe,9.4,89.4,RF,,PENDENTE,
2026-07-26,17:45:00,ECUADOR 1,Orense Sporting Club,Independiente (Ecu),8.8,86.9,RF,,PENDENTE,
2026-07-26,17:15:00,ARGENTINA 1,Estudiantes,CA Independiente,11.0,91.2,RF,,PENDENTE,
2026-07-26,14:00:00,SLOVAKIA 1,Dukla Banska Bystrica,Slovan Bratislava,11.0,87.6,RF,,PENDENTE,
2026-07-26,14:00:00,SERBIA 1,Crvena Zvezda,Vojvodina,70.0,98.5,RF,,PENDENTE,
2026-07-26,13:00:00,DENMARK 1,AC Horsens,FC Nordsjaelland,11.5,89.1,RF,,PENDENTE,
2026-07-26,09:30:00,CZECH 1,Banik Ostrava B,FC Sellier & Bellot Vlasim,15.5,92.1,RF,,PENDENTE,
2026-07-26,09:00:00,SWEDEN 1,Sirius,IFK Goteborg,42.0,97.0,RF,,PENDENTE,
2026-07-26,09:00:00,FINLAND 1,FC Inter,Gnistan,21.0,94.4,RF,,PENDENTE,
2026-07-26,09:00:00,DENMARK 1,SonderjyskE,Midtjylland,12.5,87.5,RF,,PENDENTE,
2026-07-26,09:00:00,CHINA 1,Zhejiang Greentown,Dalian Yingbo,24.0,92.2,RF,,PENDENTE,
2026-07-26,08:30:00,CHINA 1,Guangxi Hengchen,Jiangxi Dingnan United,38.0,96.3,RF,,PENDENTE,
2026-07-26,08:00:00,SWEDEN 2,Sundsvall,Falkenbergs,11.0,89.0,RF,,PENDENTE,
2026-07-26,08:00:00,CHINA 1,Yunnan Yukun,Shenzhen Peng City,36.0,93.4,RF,,PENDENTE,
2026-07-26,08:00:00,CHINA 1,Dalian Kun City FC,Suzhou Dongwu,16.0,93.4,RF,,PENDENTE,
2026-07-26,05:15:00,CZECH 1,Slavia Praha B,FK Pribram,16.0,92.4,RF,,PENDENTE,
2026-07-26,00:00:00,USA 1,AV Alta FC,Westchester SC,23.0,94.4,RF,,PENDENTE,
2026-07-26,00:00:00,MEXICO 1,Tigres,Atletico San Luis,25.0,95.5,RF,,PENDENTE,
2026-07-26,09:30:00,POLAND 2,Nieciecza,Ruch Chorzow,17.0,91.3,RF,,PENDENTE,
2026-07-26,09:45:00,POLAND 1,Rakow Czestochowa,Wisla Plock,19.5,94.6,RF,,PENDENTE,
2026-07-26,12:30:00,POLAND 1,Widzew Lodz,LKP Motor Lublin,17.0,94.6,RF,,PENDENTE,
2026-07-26,12:30:00,CZECH 1,FK Jablonec,Sigma Olomouc,12.5,88.9,RF,,PENDENTE,
2026-07-26,12:00:00,SWEDEN 2,Norrby IF,Ostersunds FK,12.0,90.0,RF,,PENDENTE,
2026-07-26,12:00:00,SLOVAKIA 1,Zilina,FC Kosice,24.0,92.6,RF,,PENDENTE,
2026-07-26,12:00:00,SLOVAKIA 1,Ruzomberok,Dunajska Streda,11.0,90.4,RF,,PENDENTE,
2026-07-26,12:00:00,POLAND 2,Unia Skierniewice,Stal Mielec,16.5,91.5,RF,,PENDENTE,
2026-07-26,12:00:00,NORWAY 1,Sarpsborg,Ham-Kam,24.0,94.3,RF,,PENDENTE,
2026-07-26,12:00:00,NORWAY 1,Sandefjord,Bodo Glimt,14.5,89.8,RF,,PENDENTE,
2026-07-26,12:00:00,NORWAY 2,Strommen,Odds BK,16.0,89.1,RF,,PENDENTE,
2026-07-26,13:00:00,SLOVENIA 1,NK Bravo,Nafta Lendava,22.0,94.5,RF,,PENDENTE,
2026-07-26,12:00:00,NORWAY 2,Sogndal,Ranheim IL,80.0,91.2,RF,,PENDENTE,
2026-07-26,11:30:00,SWITZERLAND 1,St Gallen,FC Zurich,34.0,94.5,RF,,PENDENTE,
2026-07-26,11:30:00,SWITZERLAND 1,Lugano,FC Vaduz,28.0,94.8,RF,,PENDENTE,
2026-07-26,11:30:00,SWEDEN 1,GAIS,Halmstads,24.0,94.9,RF,,PENDENTE,
2026-07-26,11:30:00,ROMANIA 1,ACS Sepsi OSK,Universitatea Cluj,11.5,91.2,RF,,PENDENTE,
2026-07-26,11:00:00,FINLAND 1,HJK Helsinki,TPS,40.0,95.9,RF,,PENDENTE,
2026-07-26,10:00:00,SWEDEN 2,Ljungskile,Sandvikens IF,19.0,91.9,RF,,PENDENTE,
2026-07-26,12:00:00,NORWAY 2,Sandnes Ulf,Kongsvinger,18.5,89.3,RF,,PENDENTE,
2026-07-26,21:15:00,ECUADOR 1,Barcelona (Ecu),LDU,12.0,91.5,RF,,PENDENTE,
2026-07-27,12:30:00,ROMANIA 1,CFR Cluj,FC Voluntari,21.0,94.7,RF+Trader,,PENDENTE,
2026-07-27,13:00:00,BULGARIA 1,Dunav Ruse,Ludogorets,8.4,89.0,RF+Trader,,PENDENTE,
2026-07-27,14:00:00,NORWAY 2,Stabaek,Hodd,48.0,96.0,RF+Trader,,PENDENTE,
2026-07-27,14:00:00,NORWAY 1,Rosenborg,Fredrikstad,21.0,94.7,RF+Trader,,PENDENTE,
2026-07-27,14:00:00,SWEDEN 1,Hacken,AIK,25.0,94.4,RF+Trader,,PENDENTE,
2026-07-27,14:00:00,SWEDEN 2,Orebro,Oddevold,14.0,91.8,RF+Trader,,PENDENTE,
2026-07-27,15:15:00,BULGARIA 1,CSKA Sofia,Botev Plovdiv,21.0,94.5,RF+Trader,,PENDENTE,
2026-07-27,16:00:00,ECUADOR 1,Mushuc Runa,Libertad FC,32.0,94.4,RF+Trader,,PENDENTE,
2026-07-27,19:30:00,BRAZIL 2,Sport Recife,Cuiaba,11.5,91.9,RF+Trader,,PENDENTE,
2026-07-27,15:30:00,ROMANIA 1,Botosani,Rapid Bucharest,9.0,90.3,RF,,PENDENTE,
2026-07-27,16:00:00,BOLIVIA 1,CD Gualberto Villarroel,Universitario de Vinto,26.0,94.8,RF,,PENDENTE,
2026-07-27,16:15:00,ICELAND 1,KA Akureyri,Thor,34.0,93.5,RF,,PENDENTE,
2026-07-27,18:30:00,ECUADOR 1,Guayaquil City,Univ Catolica (Ecu),8.0,88.2,RF,,PENDENTE,
2026-07-27,19:30:00,BRAZIL 2,CRB,Vila Nova,13.5,91.8,RF,,PENDENTE,
2026-07-27,19:30:00,URUGUAY 1,Torque,Wanderers (Uru),18.0,89.5,RF,,PENDENTE,
2026-07-27,20:00:00,BRAZIL 3,Floresta EC,Maringa,8.8,90.5,RF,,PENDENTE,
2026-07-27,20:00:00,BRAZIL 3,Guarani,Inter Limeira,19.0,94.7,RF,,PENDENTE,
2026-07-27,19:30:00,BRAZIL 2,Atletico GO,Operario PR,12.5,93.3,RF,,PENDENTE,
2026-07-27,14:05:00,SWEDEN 2,Osters,Varbergs BoIS,18.5,90.6,RF,,PENDENTE,
2026-07-27,14:00:00,POLAND 2,Miedz Legnica,Podbeskidzie B-B,21.0,90.6,RF,,PENDENTE,
2026-07-27,14:00:00,POLAND 1,Zaglebie Lubin,Piast Gliwice,9.6,89.5,RF,,PENDENTE,
2026-07-27,14:00:00,DENMARK 1,Randers,Silkeborg,21.0,93.4,RF,,PENDENTE,
2026-07-27,13:00:00,CZECH 1,SFC Opava,MFK Karvina,13.5,90.9,RF,,PENDENTE,
2026-07-27,13:00:00,CZECH 1,SK Artis Brno,Mlada Boleslav,10.5,88.4,RF,,PENDENTE,
2026-07-27,20:00:00,CHILE 1,Union La Calera,Everton De Vina,11.0,88.7,RF,,PENDENTE,
2026-07-27,15:00:00,ICELAND 1,Breidablik,IBV,32.0,94.8,RF,,PENDENTE,
2026-07-27,21:00:00,ECUADOR 1,Deportivo Cuenca,Emelec,10.5,91.5,RF,,PENDENTE,
2026-07-28,14:00:00,SWEDEN 2,Landskrona,Norrkoping,12.0,91.4,RF+Trader,,PENDENTE,
2026-07-28,19:00:00,ARGENTINA 1,San Lorenzo,Gimnasia Mendoza,11.0,93.9,RF+Trader,,PENDENTE,
2026-07-28,19:30:00,BRAZIL 2,Juventude,Avai,18.5,95.4,RF+Trader,,PENDENTE,
2026-07-28,19:30:00,BRAZIL 2,Ponte Preta,Athletic Club,7.0,92.4,RF+Trader,,PENDENTE,
2026-07-28,21:15:00,ARGENTINA 1,Rosario Central,Racing Club,11.0,95.0,RF+Trader,,PENDENTE,
2026-07-28,21:15:00,ARGENTINA 1,Argentinos Juniors,Estudiantes Rio Cuarto,26.0,95.8,RF,,PENDENTE,
2026-07-28,18:30:00,PARAGUAY 1,Club 2 de Mayo de Pedro Juan Cab,Cerro Porteno,7.2,88.9,RF,,PENDENTE,
2026-07-28,16:00:00,PARAGUAY 1,Rubio Nu,Club Sportivo Ameliano,7.6,89.7,RF,,PENDENTE,
2026-07-28,14:00:00,SWEDEN 2,Helsingborgs,United IK Nordic,17.0,91.2,RF,,PENDENTE,
2026-07-28,19:00:00,ARGENTINA 1,Banfield,Sarmiento de Junin,11.5,93.7,RF,,PENDENTE,
2026-07-28,21:35:00,BRAZIL 2,Fortaleza EC,Botafogo SP,14.5,93.5,RF,,PENDENTE,
2026-07-29,14:30:00,ARGENTINA 1,Barracas Central,Aldosivi,8.8,92.8,RF+Trader,,PENDENTE,
2026-07-29,19:30:00,BRAZIL 1,Mirassol,Remo,17.5,94.3,RF+Trader,,PENDENTE,
2026-07-29,21:30:00,BRAZIL 1,Fluminense,Bahia,18.5,94.8,RF+Trader,,PENDENTE,
2026-07-29,21:30:00,ARGENTINA 1,Instituto,CA Platense,11.0,94.4,RF,,PENDENTE,
2026-07-29,20:30:00,USA 1,Louisville FC,Birmingham Legion FC,34.0,95.8,RF,,PENDENTE,
2026-07-29,20:00:00,USA 1,Pittsburgh Riverhounds,Tulsa Roughnecks FC,15.0,93.9,RF,,PENDENTE,
2026-07-29,19:30:00,BRAZIL 1,Internacional,Flamengo,9.0,88.4,RF,,PENDENTE,
2026-07-29,17:00:00,ARGENTINA 1,Defensa y Justicia,Deportivo Riestra,9.0,91.6,RF,,PENDENTE,
2026-07-29,18:30:00,PARAGUAY 1,Nacional (Par),Olimpia,9.8,90.7,RF,,PENDENTE,
2026-07-29,16:00:00,PARAGUAY 1,Sportivo Luqueno,Sportivo Trinidense,9.8,90.7,RF,,PENDENTE,
2026-07-29,21:30:00,BRAZIL 1,EC Vitoria Salvador,SE Palmeiras,7.4,88.6,RF,,PENDENTE,
2026-07-29,19:15:00,ARGENTINA 1,Gimnasia La Plata,River Plate,6.6,88.4,RF,,PENDENTE,
