ID_Evento,Date,Time,League,Home,Away,Odd_H_Back,Odd_D_Back,Odd_A_Back,Odd_H_Lay,Odd_D_Lay,Odd_A_Lay,Odd_Over25_FT_Back,Odd_Under25_FT_Back,Odd_BTTS_Yes_Back,Odd_BTTS_No_Back,captured_at
36038657,2026-09-07,11:00:00,EGYPT 1,Al Ittihad (EGY),Asyut Petroleum,1.79,3.3,6.2,1.83,3.45,6.6,2.96,1.49,2.48,1.61,2026-09-07 19:11:53
36038519,2026-09-07,11:00:00,EGYPT 1,Olympic El Qanal,El Geish,3.75,2.82,2.56,3.85,2.86,2.6,3.2,1.43,2.32,1.65,2026-09-07 19:11:53
36023866,2026-09-07,11:00:00,TURKEY 2,Erokspor A.S,Kayserispor,2.56,3.7,2.82,2.64,3.75,2.9,1.91,2.04,1.76,2.24,2026-09-07 19:11:53
36023876,2026-09-07,11:00:00,TURKEY 2,Istanbulspor,76 Igdir Belediyespor,3.7,3.65,2.1,3.85,3.75,2.16,1.86,2.1,1.74,2.3,2026-09-07 19:11:53
35982974,2026-09-07,11:30:00,ROMANIA 1,FC Voluntari,Arges Pitesti,2.92,3.0,2.98,2.98,3.05,3.05,2.64,1.6,2.1,1.88,2026-09-07 19:11:53
36013750,2026-09-07,12:00:00,GREECE 1,Asteras Tripolis,Iraklis,2.06,3.35,4.2,2.1,3.45,4.4,2.36,1.7,2.06,1.91,2026-09-07 19:11:53
36039888,2026-09-07,12:30:00,SAUDI ARABIA 1,Al-Adalh,Al-Saqer FC,3.3,3.35,2.4,3.4,3.5,2.48,2.06,1.9,1.81,2.1,2026-09-07 19:11:53
36032449,2026-09-07,12:30:00,SAUDI ARABIA 1,Al-Khaleej Saihat,Al Riyadh SC,2.22,3.5,3.6,2.26,3.55,3.75,2.16,1.84,1.87,2.08,2026-09-07 19:11:53
36016325,2026-09-07,13:00:00,CYPRUS 1,Pafos FC,Olympiakos Nicosia FC,1.37,5.5,10.0,1.38,5.7,11.0,1.68,2.38,1.99,1.91,2026-09-07 19:11:53
36017396,2026-09-07,13:00:00,POLAND 1,Wieczysta Krakow,Zaglebie Lubin,1.96,3.85,4.1,1.99,3.9,4.3,1.77,2.24,1.7,2.36,2026-09-07 19:11:53
36038259,2026-09-07,13:00:00,SERBIA 2,Vozdovac,FK Backa Topola,2.8,3.45,2.7,2.88,3.65,2.82,2.14,1.82,1.88,2.06,2026-09-07 19:11:53
36039239,2026-09-07,13:05:00,SAUDI ARABIA 1,Al Jabalain,Al-Wahda (KSA),2.06,3.8,3.7,2.12,4.0,3.85,1.78,2.26,1.68,2.3,2026-09-07 19:11:53
35979407,2026-09-07,13:30:00,ITALY 1,Cagliari,Lecce,2.36,3.1,3.9,2.38,3.15,3.95,2.52,1.64,2.04,1.93,2026-09-07 19:11:53
36019602,2026-09-07,13:45:00,ISRAEL 1,Maccabi Netanya,Hapoel Haifa,1.92,3.7,4.6,1.94,3.85,4.7,1.65,2.5,1.6,2.52,2026-09-07 19:11:53
36018262,2026-09-07,14:00:00,CYPRUS 1,Aris FC Limassol,Omonia,3.75,4.0,2.02,3.9,4.1,2.06,1.83,2.18,1.7,2.28,2026-09-07 19:11:53
36016361,2026-09-07,14:00:00,DENMARK 1,Midtjylland,FC Nordsjaelland,2.04,4.2,3.55,2.06,4.3,3.65,1.47,3.05,1.49,2.94,2026-09-07 19:11:53
36020564,2026-09-07,14:00:00,EGYPT 1,National Bank,Ghazl El Mahallah,1.86,3.3,5.8,1.9,3.4,6.2,2.5,1.64,2.18,1.77,2026-09-07 19:11:53
36017430,2026-09-07,14:00:00,EGYPT 1,Petrojet,Al-Masry,4.2,3.25,2.12,4.4,3.3,2.2,2.24,1.76,1.93,2.0,2026-09-07 19:11:53
36019579,2026-09-07,14:00:00,ISRAEL 1,Hapoel Tel Aviv,Hapoel Ramat Gan,1.38,5.5,9.4,1.39,5.9,10.0,1.61,2.52,1.91,1.95,2026-09-07 19:11:53
36017466,2026-09-07,14:00:00,POLAND 2,Ruch Chorzow,Unia Skierniewice,1.94,4.0,4.1,1.96,4.2,4.3,1.69,2.38,1.65,2.38,2026-09-07 19:11:53
36026863,2026-09-07,14:00:00,PORTUGAL 2,Lusitania Futebol Clube,AVS Futebol SAD,2.14,3.55,3.85,2.16,3.6,3.9,2.1,1.87,1.89,2.04,2026-09-07 19:11:53
35999522,2026-09-07,14:00:00,SPAIN 1,Getafe,Celta Vigo,3.0,2.72,3.3,3.05,2.74,3.35,3.65,1.37,2.6,1.61,2026-09-07 19:11:53
36016193,2026-09-07,14:00:00,SWEDEN 1,Kalmar FF,Djurgardens,5.2,4.2,1.72,5.3,4.4,1.76,1.76,2.26,1.78,2.22,2026-09-07 19:11:53
36016198,2026-09-07,14:00:00,SWEDEN 1,Malmo FF,AIK,1.78,4.3,4.7,1.8,4.4,4.9,1.67,2.44,1.68,2.42,2026-09-07 19:11:53
36016199,2026-09-07,14:00:00,SWEDEN 1,Mjallby,IFK Goteborg,2.52,3.7,2.94,2.54,3.75,2.96,1.79,2.22,1.68,2.42,2026-09-07 19:11:53
36025201,2026-09-07,14:00:00,TURKEY 2,Manisa FK,Bursaspor,5.1,4.2,1.73,5.3,4.3,1.77,1.67,2.42,1.69,2.28,2026-09-07 19:11:53
36025212,2026-09-07,14:00:00,TURKEY 2,Mardin Buyuksehir Beled,Bodrum Belediyesi Bodru,1.77,3.75,5.4,1.79,3.9,5.7,2.12,1.86,1.93,1.83,2026-09-07 19:11:53
36015194,2026-09-07,14:00:00,TURKEY 1,Goztepe,Gaziantep FK,1.94,3.6,4.7,1.97,3.7,4.8,2.06,1.91,1.87,2.1,2026-09-07 19:11:53
36008911,2026-09-07,14:00:00,TURKEY 1,Rizespor,Alanyaspor,1.94,3.55,4.8,1.95,3.6,4.9,2.12,1.86,1.95,2.04,2026-09-07 19:11:53
36021442,2026-09-07,14:05:00,SWEDEN 2,Orebro,Ostersunds FK,2.76,3.45,2.82,2.82,3.5,2.84,1.92,2.06,1.73,2.34,2026-09-07 19:11:53
36019672,2026-09-07,14:15:00,ISRAEL 1,Bnei Sakhnin,Beitar Jerusalem,5.7,4.1,1.68,6.0,4.3,1.72,1.79,2.18,1.8,2.08,2026-09-07 19:11:53
36039431,2026-09-07,14:20:00,SAUDI ARABIA 1,Al-Akhdoud,Al Najma Club,3.2,3.25,2.58,3.3,3.3,2.6,2.1,1.85,1.86,2.08,2026-09-07 19:11:53
35986420,2026-09-07,14:30:00,BULGARIA 1,Dunav Ruse,Slavia Sofia,3.0,3.2,2.76,3.05,3.25,2.78,2.44,1.64,2.02,1.91,2026-09-07 19:11:53
36020344,2026-09-07,14:30:00,ISRAEL 1,Hapoel Be'er Sheva,Maccabi Tel Aviv,2.48,3.75,2.86,2.6,3.9,3.05,1.56,2.68,1.49,2.74,2026-09-07 19:11:53
35978890,2026-09-07,14:30:00,ROMANIA 1,Universitatea Craiova,Universitatea Cluj,1.64,4.4,5.8,1.65,4.5,6.0,1.66,2.46,1.72,2.28,2026-09-07 19:11:53
36015929,2026-09-07,15:00:00,NETHERLANDS 2,Jong FC Utrecht,FC Eindhoven,2.32,4.0,3.05,2.38,4.1,3.1,1.66,2.46,1.58,2.56,2026-09-07 19:11:53
36015955,2026-09-07,15:00:00,NETHERLANDS 2,Jong PSV Eindhoven,Den Bosch,2.24,4.4,2.98,2.28,4.5,3.05,1.31,4.1,1.35,3.75,2026-09-07 19:11:53
36032450,2026-09-07,15:00:00,SAUDI ARABIA 1,Al-Hilal,NEOM Sports Club,1.2,7.6,23.0,1.21,7.8,26.0,1.52,2.88,2.3,1.71,2026-09-07 19:11:53
36015843,2026-09-07,15:00:00,SERBIA 1,OFK Beograd,FK IMT Novi Beograd,2.4,3.15,3.55,2.46,3.3,3.75,2.32,1.72,1.96,1.92,2026-09-07 19:11:53
36029902,2026-09-07,15:00:00,URUGUAY 1,Albion FC,Progreso,2.04,3.7,3.95,2.1,3.75,4.2,2.12,1.84,1.94,2.0,2026-09-07 19:11:53
36017249,2026-09-07,15:30:00,ITALY 2,Palermo,Sampdoria,1.65,4.0,6.4,1.67,4.1,6.6,1.84,2.16,1.88,2.1,2026-09-07 19:11:53
36018076,2026-09-07,15:30:00,POLAND 1,Pogon Szczecin,Wisla Plock,2.32,3.65,3.3,2.34,3.75,3.35,1.86,2.12,1.72,2.34,2026-09-07 19:11:53
36016354,2026-09-07,15:30:00,SPAIN 2,Sabadell,Cordoba,2.36,3.25,3.6,2.38,3.3,3.65,2.34,1.72,1.95,2.02,2026-09-07 19:11:53
36016357,2026-09-07,15:45:00,FRANCE 2,Nantes,Nancy,1.95,3.65,4.5,1.98,3.75,4.6,1.96,2.02,1.81,2.16,2026-09-07 19:11:53
35979408,2026-09-07,15:45:00,ITALY 1,Udinese,Lazio,2.96,3.15,2.86,2.98,3.2,2.88,2.26,1.79,1.89,2.1,2026-09-07 19:11:53
36000149,2026-09-07,16:00:00,ENGLAND 3,Bromley,AFC Wimbledon,2.42,3.55,3.2,2.44,3.65,3.25,2.06,1.92,1.8,2.18,2026-09-07 19:11:53
36031407,2026-09-07,16:00:00,PARAGUAY 1,Guarani (Par),Deportivo Recoleta,1.93,3.65,4.5,1.95,3.8,4.7,1.98,1.98,1.84,2.12,2026-09-07 19:11:53
36018112,2026-09-07,16:15:00,PORTUGAL 1,Estoril Praia,Arouca,2.56,3.5,3.0,2.6,3.55,3.1,1.89,2.08,1.7,2.36,2026-09-07 19:11:53
35999583,2026-09-07,16:30:00,SPAIN 1,Elche,Real Sociedad,3.3,3.55,2.4,3.35,3.6,2.42,1.85,2.16,1.68,2.42,2026-09-07 19:11:53
35961644,2026-09-07,17:00:00,ARGENTINA 2,Nueva Chicago,Quilmes,3.65,3.0,2.44,3.8,3.1,2.54,2.9,1.5,2.22,1.75,2026-09-07 19:11:53
36029184,2026-09-07,18:00:00,BRAZIL 3,Paysandu,Brusque FC,1.76,3.8,5.4,1.8,4.0,5.8,1.98,1.95,1.91,2.0,2026-09-07 19:11:53
36031404,2026-09-07,18:30:00,PARAGUAY 1,Cerro Porteno,Nacional (Par),2.36,3.0,3.7,2.46,3.2,3.95,2.6,1.59,2.08,1.84,2026-09-07 19:11:53
35975880,2026-09-07,19:00:00,ARGENTINA 1,Barracas Central,Argentinos Juniors,4.4,3.0,2.22,4.5,3.1,2.24,3.1,1.45,2.42,1.67,2026-09-07 19:11:53
36031283,2026-09-07,19:00:00,VENEZUELA 1,Carabobo FC,Estudiantes de Merida,1.53,4.3,7.6,1.55,4.5,8.4,1.94,2.02,2.02,1.84,2026-09-07 19:11:53
35982931,2026-09-07,20:00:00,BRAZIL 1,EC Vitoria Salvador,Gremio,2.24,3.35,3.75,2.26,3.45,3.85,2.22,1.8,1.94,2.02,2026-09-07 19:11:53
36019173,2026-09-07,20:00:00,CHILE 1,Deportes Limache,Cobresal,1.58,5.0,5.6,1.6,5.1,5.9,1.46,3.05,1.6,2.6,2026-09-07 19:11:53
36043906,2026-09-07,20:00:00,COLOMBIA 1,Llaneros FC,Deportes Tolima,2.8,3.25,2.86,2.88,3.4,2.92,2.44,1.66,2.02,1.93,2026-09-07 19:11:53
36031297,2026-09-07,20:00:00,VENEZUELA 1,Universidad de Venezuela,Puerto Cabello,3.3,3.3,2.36,3.5,3.45,2.48,2.26,1.75,1.87,2.0,2026-09-07 19:11:53
36032335,2026-09-07,21:00:00,ECUADOR 1,Emelec,Manta FC,1.7,3.8,6.0,1.75,3.95,6.4,2.2,1.79,2.1,1.84,2026-09-07 19:11:53
36029129,2026-09-07,21:00:00,ECUADOR 1,Mushuc Runa,CD Leones del Norte,2.2,3.2,3.9,2.26,3.35,4.1,2.38,1.68,2.02,1.91,2026-09-07 19:11:53
36032345,2026-09-07,21:00:00,ECUADOR 1,Orense Sporting Club,Guayaquil City,2.18,3.3,3.95,2.22,3.45,4.0,2.26,1.76,1.94,1.96,2026-09-07 19:11:53
35975904,2026-09-07,21:15:00,ARGENTINA 1,Union Santa Fe,Instituto,3.15,3.05,2.74,3.2,3.1,2.8,2.72,1.56,2.18,1.83,2026-09-07 19:11:53
