lado,Data,Liga,Jogo,Metodo,motivo,arquivo
live_sem_ref,2026-04-01,SPAIN 2,Andorra CF x Malaga,Lay_CS_0x1_B365,divergencia_de_chave,Apostas_20260401.xlsx
live_sem_ref,2026-04-02,ARGENTINA 1,Talleres x Boca Juniors,Lay_CS_0x1_B365,nao_veio_na_base,Apostas_20260402.xlsx
live_sem_ref,2026-04-02,ARGENTINA 1,Talleres x Boca Juniors,Lay_CS_1x0_B365,nao_veio_na_base,Apostas_20260402.xlsx
live_sem_ref,2026-04-02,ARGENTINA 1,Tigre x Independiente Rivadavia,Lay_CS_0x1_B365,nao_veio_na_base,Apostas_20260402.xlsx
live_sem_ref,2026-04-02,ARGENTINA 1,Tigre x Independiente Rivadavia,Lay_CS_1x0_B365,nao_veio_na_base,Apostas_20260402.xlsx
live_sem_ref,2026-04-02,BRAZIL 1,Chapecoense x Atletico MG,Lay_CS_0x1_B365,nao_veio_na_base,Apostas_20260402.xlsx
live_sem_ref,2026-04-02,BRAZIL 1,Chapecoense x Atletico MG,Lay_CS_1x0_B365,nao_veio_na_base,Apostas_20260402.xlsx
live_sem_ref,2026-04-02,BRAZIL 1,Red Bull Bragantino x Flamengo,Lay_CS_0x1_B365,nao_veio_na_base,Apostas_20260402.xlsx
live_sem_ref,2026-04-02,SAUDI ARABIA 1,Al-Jndal x Jeddah Club,Lay_CS_0x1_B365,nao_veio_na_base,Apostas_20260402.xlsx
live_sem_ref,2026-04-02,SAUDI ARABIA 1,Al-Jndal x Jeddah Club,Lay_CS_1x0_B365,nao_veio_na_base,Apostas_20260402.xlsx
live_sem_ref,2026-04-02,SAUDI ARABIA 1,Al-Zulfi SC x Al-Anwar Club,Lay_CS_0x1_B365,nao_veio_na_base,Apostas_20260402.xlsx
live_sem_ref,2026-04-02,SAUDI ARABIA 1,Al-Zulfi SC x Al-Anwar Club,Lay_CS_1x0_B365,nao_veio_na_base,Apostas_20260402.xlsx
ref_sem_live,2026-04-02,BRAZIL 1,Bragantino vs Flamengo RJ,Lay_CS_0x1_B365,faltou_no_dia,
ref_sem_live,2026-04-02,BRAZIL 1,Chapecoense-SC vs Atletico-MG,Lay_CS_0x1_B365,faltou_no_dia,
live_sem_ref,2026-04-03,NETHERLANDS 2,MVV Maastricht x RKC Waalwijk,Lay_CS_0x1_B365,nao_veio_na_base,Apostas_20260403.xlsx
ref_sem_live,2026-04-03,SWEDEN 2,Helsingborg vs Oster,Lay_CS_0x1_B365,faltou_no_dia,
live_sem_ref,2026-04-04,CZECH 1,Dukla Prague x Pardubice,Lay_CS_0x1_B365,nao_veio_na_base,Apostas_20260404.xlsx
live_sem_ref,2026-04-04,CZECH 1,Dukla Prague x Pardubice,Lay_CS_1x0_B365,nao_veio_na_base,Apostas_20260404.xlsx
live_sem_ref,2026-04-04,FINLAND 1,Jaro x Lahti,Lay_CS_0x1_B365,nao_veio_na_base,Apostas_20260404.xlsx
live_sem_ref,2026-04-04,FRANCE 2,Montpellier x ESTAC Troyes,Lay_CS_0x1_B365,nao_veio_na_base,Apostas_20260404.xlsx
live_sem_ref,2026-04-04,FRANCE 2,Montpellier x ESTAC Troyes,Lay_CS_1x0_B365,nao_veio_na_base,Apostas_20260404.xlsx
live_sem_ref,2026-04-04,GREECE 1,Asteras Tripolis x Athlitiki Enosi Larissa,Lay_CS_0x1_B365,nao_veio_na_base,Apostas_20260404.xlsx
live_sem_ref,2026-04-04,GREECE 1,Asteras Tripolis x Athlitiki Enosi Larissa,Lay_CS_1x0_B365,nao_veio_na_base,Apostas_20260404.xlsx
live_sem_ref,2026-04-04,POLAND 1,Rakow Czestochowa x Widzew Lodz,Lay_CS_0x1_B365,nao_veio_na_base,Apostas_20260404.xlsx
live_sem_ref,2026-04-04,POLAND 1,Rakow Czestochowa x Widzew Lodz,Lay_CS_1x0_B365,nao_veio_na_base,Apostas_20260404.xlsx
live_sem_ref,2026-04-04,PORTUGAL 2,Farense x Feirense,Lay_CS_0x1_B365,nao_veio_na_base,Apostas_20260404.xlsx
live_sem_ref,2026-04-04,PORTUGAL 2,Farense x Feirense,Lay_CS_1x0_B365,nao_veio_na_base,Apostas_20260404.xlsx
live_sem_ref,2026-04-04,ROMANIA 1,Otelul Galati x Hermannstadt,Lay_CS_0x1_B365,nao_veio_na_base,Apostas_20260404.xlsx
live_sem_ref,2026-04-04,ROMANIA 1,Otelul Galati x Hermannstadt,Lay_CS_1x0_B365,nao_veio_na_base,Apostas_20260404.xlsx
live_sem_ref,2026-04-04,SLOVAKIA 1,Tatran Presov x Ruzomberok,Lay_CS_0x1_B365,nao_veio_na_base,Apostas_20260404.xlsx
live_sem_ref,2026-04-04,SLOVAKIA 1,Tatran Presov x Ruzomberok,Lay_CS_1x0_B365,nao_veio_na_base,Apostas_20260404.xlsx
live_sem_ref,2026-04-04,SLOVAKIA 1,Zemplin x Zilina,Lay_CS_0x1_B365,nao_veio_na_base,Apostas_20260404.xlsx
live_sem_ref,2026-04-04,SPAIN 1,Mallorca x Real Madrid,Lay_CS_0x1_B365,nao_veio_na_base,Apostas_20260404.xlsx
live_sem_ref,2026-04-04,SPAIN 2,Albacete x Burgos,Lay_CS_0x1_B365,nao_veio_na_base,Apostas_20260404.xlsx
live_sem_ref,2026-04-04,SPAIN 2,Albacete x Burgos,Lay_CS_1x0_B365,nao_veio_na_base,Apostas_20260404.xlsx
live_sem_ref,2026-04-04,SPAIN 2,Cadiz x Cordoba,Lay_CS_0x1_B365,nao_veio_na_base,Apostas_20260404.xlsx
live_sem_ref,2026-04-04,SPAIN 2,Leonesa x Valladolid,Lay_CS_0x1_B365,nao_veio_na_base,Apostas_20260404.xlsx
live_sem_ref,2026-04-04,SPAIN 2,Leonesa x Valladolid,Lay_CS_1x0_B365,nao_veio_na_base,Apostas_20260404.xlsx
live_sem_ref,2026-04-04,TURKEY 1,Gaziantep FK x Alanyaspor,Lay_CS_0x1_B365,nao_veio_na_base,Apostas_20260404.xlsx
live_sem_ref,2026-04-04,TURKEY 1,Gaziantep FK x Alanyaspor,Lay_CS_1x0_B365,nao_veio_na_base,Apostas_20260404.xlsx
ref_sem_live,2026-04-04,SPAIN 1,Real Sociedad vs Levante,Lay_CS_1x0_B365,faltou_no_dia,
live_sem_ref,2026-04-05,SPAIN 1,Valencia x Celta Vigo,Lay_CS_0x1_B365,divergencia_de_chave,Apostas_20260405.xlsx
live_sem_ref,2026-04-05,CHINA 1,Tianjin Jinmen Tiger FC x Shanghai Shenhua,Lay_CS_0x1_B365,fora_liga,Apostas_20260405.xlsx
live_sem_ref,2026-04-05,BRAZIL 1,Bahia x SE Palmeiras,Lay_CS_0x1_B365,nao_veio_na_base,Apostas_20260405.xlsx
live_sem_ref,2026-04-05,BRAZIL 1,Bahia x SE Palmeiras,Lay_CS_1x0_B365,nao_veio_na_base,Apostas_20260405.xlsx
live_sem_ref,2026-04-05,BRAZIL 1,Chapecoense x EC Vitoria Salvador,Lay_CS_0x1_B365,nao_veio_na_base,Apostas_20260405.xlsx
live_sem_ref,2026-04-05,BRAZIL 1,Chapecoense x EC Vitoria Salvador,Lay_CS_1x0_B365,nao_veio_na_base,Apostas_20260405.xlsx
live_sem_ref,2026-04-05,BRAZIL 1,Corinthians x Internacional,Lay_CS_0x1_B365,nao_veio_na_base,Apostas_20260405.xlsx
live_sem_ref,2026-04-05,BRAZIL 1,Corinthians x Internacional,Lay_CS_1x0_B365,nao_veio_na_base,Apostas_20260405.xlsx
live_sem_ref,2026-04-05,CHILE 1,Deportes Concepcion x Colo Colo,Lay_CS_0x1_B365,nao_veio_na_base,Apostas_20260405.xlsx
live_sem_ref,2026-04-05,CZECH 1,Banik Ostrava x Slavia Prague,Lay_CS_0x1_B365,nao_veio_na_base,Apostas_20260405.xlsx
live_sem_ref,2026-04-05,FRANCE 1,Angers x Lyon,Lay_CS_0x1_B365,nao_veio_na_base,Apostas_20260405.xlsx
live_sem_ref,2026-04-05,FRANCE 1,Le Havre x Auxerre,Lay_CS_0x1_B365,nao_veio_na_base,Apostas_20260405.xlsx
live_sem_ref,2026-04-05,FRANCE 1,Le Havre x Auxerre,Lay_CS_1x0_B365,nao_veio_na_base,Apostas_20260405.xlsx
live_sem_ref,2026-04-05,FRANCE 1,Lorient x Paris FC,Lay_CS_0x1_B365,nao_veio_na_base,Apostas_20260405.xlsx
live_sem_ref,2026-04-05,FRANCE 1,Lorient x Paris FC,Lay_CS_1x0_B365,nao_veio_na_base,Apostas_20260405.xlsx
live_sem_ref,2026-04-05,FRANCE 1,Metz x Nantes,Lay_CS_0x1_B365,nao_veio_na_base,Apostas_20260405.xlsx
live_sem_ref,2026-04-05,FRANCE 1,Metz x Nantes,Lay_CS_1x0_B365,nao_veio_na_base,Apostas_20260405.xlsx
live_sem_ref,2026-04-05,GERMANY 1,Union Berlin x St Pauli,Lay_CS_0x1_B365,nao_veio_na_base,Apostas_20260405.xlsx
live_sem_ref,2026-04-05,GERMANY 1,Union Berlin x St Pauli,Lay_CS_1x0_B365,nao_veio_na_base,Apostas_20260405.xlsx
live_sem_ref,2026-04-05,ISRAEL 1,FC Ashdod x Maccabi Netanya,Lay_CS_0x1_B365,nao_veio_na_base,Apostas_20260405.xlsx
live_sem_ref,2026-04-05,NETHERLANDS 1,FC Volendam x Feyenoord,Lay_CS_0x1_B365,nao_veio_na_base,Apostas_20260405.xlsx
live_sem_ref,2026-04-05,SAUDI ARABIA 1,Al Riyadh SC x Al-Shabab (KSA),Lay_CS_0x1_B365,nao_veio_na_base,Apostas_20260405.xlsx
live_sem_ref,2026-04-05,SAUDI ARABIA 1,Al-Akhdoud x Al-Fateh (KSA),Lay_CS_0x1_B365,nao_veio_na_base,Apostas_20260405.xlsx
live_sem_ref,2026-04-05,SPAIN 1,Alaves x Osasuna,Lay_CS_0x1_B365,nao_veio_na_base,Apostas_20260405.xlsx
live_sem_ref,2026-04-05,SPAIN 1,Alaves x Osasuna,Lay_CS_1x0_B365,nao_veio_na_base,Apostas_20260405.xlsx
live_sem_ref,2026-04-05,SPAIN 1,Oviedo x Sevilla,Lay_CS_0x1_B365,nao_veio_na_base,Apostas_20260405.xlsx
live_sem_ref,2026-04-05,SPAIN 1,Oviedo x Sevilla,Lay_CS_1x0_B365,nao_veio_na_base,Apostas_20260405.xlsx
live_sem_ref,2026-04-05,SWEDEN 2,Norrby IF x IK Brage,Lay_CS_0x1_B365,nao_veio_na_base,Apostas_20260405.xlsx
live_sem_ref,2026-04-05,SWEDEN 2,Norrby IF x IK Brage,Lay_CS_1x0_B365,nao_veio_na_base,Apostas_20260405.xlsx
live_sem_ref,2026-04-05,SWEDEN 2,Sundsvall x United IK Nordic,Lay_CS_0x1_B365,nao_veio_na_base,Apostas_20260405.xlsx
live_sem_ref,2026-04-05,SWEDEN 2,Sundsvall x United IK Nordic,Lay_CS_1x0_B365,nao_veio_na_base,Apostas_20260405.xlsx
live_sem_ref,2026-04-05,TURKEY 1,Fatih Karagumruk Istanbul x Rizespor,Lay_CS_0x1_B365,nao_veio_na_base,Apostas_20260405.xlsx
live_sem_ref,2026-04-05,TURKEY 1,Fatih Karagumruk Istanbul x Rizespor,Lay_CS_1x0_B365,nao_veio_na_base,Apostas_20260405.xlsx
live_sem_ref,2026-04-05,TURKEY 1,Samsunspor x Konyaspor,Lay_CS_0x1_B365,nao_veio_na_base,Apostas_20260405.xlsx
live_sem_ref,2026-04-05,TURKEY 1,Samsunspor x Konyaspor,Lay_CS_1x0_B365,nao_veio_na_base,Apostas_20260405.xlsx
live_sem_ref,2026-04-05,TURKEY 2,Sivasspor x Erokspor A.S,Lay_CS_0x1_B365,nao_veio_na_base,Apostas_20260405.xlsx
ref_sem_live,2026-04-05,AUSTRIA 1,Hartberg vs Salzburg,Lay_CS_0x1_B365,faltou_no_dia,
live_sem_ref,2026-04-06,ARGENTINA 1,Instituto x Defensa y Justicia,Lay_CS_0x1_B365,nao_veio_na_base,Apostas_20260406.xlsx
live_sem_ref,2026-04-06,ARGENTINA 1,Instituto x Defensa y Justicia,Lay_CS_1x0_B365,nao_veio_na_base,Apostas_20260406.xlsx
live_sem_ref,2026-04-06,AUSTRIA 2,WSC Hertha Wels x SV Austria Salzburg,Lay_CS_0x1_B365,nao_veio_na_base,Apostas_20260406.xlsx
live_sem_ref,2026-04-06,BRAZIL 2,Goias x Criciuma,Lay_CS_0x1_B365,nao_veio_na_base,Apostas_20260406.xlsx
live_sem_ref,2026-04-06,BRAZIL 2,Goias x Criciuma,Lay_CS_1x0_B365,nao_veio_na_base,Apostas_20260406.xlsx
live_sem_ref,2026-04-06,CHILE 1,Huachipato x Univ de Concepcion,Lay_CS_0x1_B365,nao_veio_na_base,Apostas_20260406.xlsx
live_sem_ref,2026-04-06,CHILE 1,Huachipato x Univ de Concepcion,Lay_CS_1x0_B365,nao_veio_na_base,Apostas_20260406.xlsx
live_sem_ref,2026-04-06,DENMARK 1,Vejle x Randers,Lay_CS_0x1_B365,nao_veio_na_base,Apostas_20260406.xlsx
live_sem_ref,2026-04-06,DENMARK 1,Vejle x Randers,Lay_CS_1x0_B365,nao_veio_na_base,Apostas_20260406.xlsx
live_sem_ref,2026-04-06,DENMARK 1,Viborg x AGF,Lay_CS_0x1_B365,nao_veio_na_base,Apostas_20260406.xlsx
live_sem_ref,2026-04-06,IRELAND 2,Athlone Town x Longford,Lay_CS_0x1_B365,nao_veio_na_base,Apostas_20260406.xlsx
live_sem_ref,2026-04-06,IRELAND 2,Athlone Town x Longford,Lay_CS_1x0_B365,nao_veio_na_base,Apostas_20260406.xlsx
live_sem_ref,2026-04-06,ISRAEL 1,Hapoel Tel Aviv x Maccabi Haifa,Lay_CS_0x1_B365,nao_veio_na_base,Apostas_20260406.xlsx
live_sem_ref,2026-04-06,ISRAEL 1,Hapoel Tel Aviv x Maccabi Haifa,Lay_CS_1x0_B365,nao_veio_na_base,Apostas_20260406.xlsx
live_sem_ref,2026-04-06,ITALY 2,Reggiana x Pescara,Lay_CS_0x1_B365,nao_veio_na_base,Apostas_20260406.xlsx
live_sem_ref,2026-04-06,ITALY 3,Albinoleffe x Pergolettese,Lay_CS_0x1_B365,nao_veio_na_base,Apostas_20260406.xlsx
live_sem_ref,2026-04-06,ITALY 3,Albinoleffe x Pergolettese,Lay_CS_1x0_B365,nao_veio_na_base,Apostas_20260406.xlsx
live_sem_ref,2026-04-06,ITALY 3,Aurora Pro Patria 1919 x Triestina,Lay_CS_0x1_B365,nao_veio_na_base,Apostas_20260406.xlsx
live_sem_ref,2026-04-06,ITALY 3,Aurora Pro Patria 1919 x Triestina,Lay_CS_1x0_B365,nao_veio_na_base,Apostas_20260406.xlsx
live_sem_ref,2026-04-06,ITALY 3,FC Giugliano x Crotone,Lay_CS_0x1_B365,nao_veio_na_base,Apostas_20260406.xlsx
live_sem_ref,2026-04-06,ITALY 3,FC Giugliano x Crotone,Lay_CS_1x0_B365,nao_veio_na_base,Apostas_20260406.xlsx
live_sem_ref,2026-04-06,ITALY 3,Giana Erminio x SSD Dolomiti Bellunesi,Lay_CS_0x1_B365,nao_veio_na_base,Apostas_20260406.xlsx
live_sem_ref,2026-04-06,ITALY 3,Giana Erminio x SSD Dolomiti Bellunesi,Lay_CS_1x0_B365,nao_veio_na_base,Apostas_20260406.xlsx
live_sem_ref,2026-04-06,ITALY 3,Salernitana x Benevento,Lay_CS_0x1_B365,nao_veio_na_base,Apostas_20260406.xlsx
live_sem_ref,2026-04-06,ITALY 3,Sorrento x Team Altamura,Lay_CS_0x1_B365,nao_veio_na_base,Apostas_20260406.xlsx
live_sem_ref,2026-04-06,ITALY 3,Sorrento x Team Altamura,Lay_CS_1x0_B365,nao_veio_na_base,Apostas_20260406.xlsx
live_sem_ref,2026-04-06,NETHERLANDS 2,Helmond Sport x RKC Waalwijk,Lay_CS_0x1_B365,nao_veio_na_base,Apostas_20260406.xlsx
live_sem_ref,2026-04-06,NORWAY 1,Ham-Kam x Brann,Lay_CS_0x1_B365,nao_veio_na_base,Apostas_20260406.xlsx
live_sem_ref,2026-04-06,NORWAY 2,Asane x Moss,Lay_CS_0x1_B365,nao_veio_na_base,Apostas_20260406.xlsx
live_sem_ref,2026-04-06,NORWAY 2,Asane x Moss,Lay_CS_1x0_B365,nao_veio_na_base,Apostas_20260406.xlsx
live_sem_ref,2026-04-06,POLAND 1,Nieciecza x Piast Gliwice,Lay_CS_0x1_B365,nao_veio_na_base,Apostas_20260406.xlsx
live_sem_ref,2026-04-06,POLAND 1,Nieciecza x Piast Gliwice,Lay_CS_1x0_B365,nao_veio_na_base,Apostas_20260406.xlsx
live_sem_ref,2026-04-06,PORTUGAL 1,Casa Pia x Benfica,Lay_CS_0x1_B365,nao_veio_na_base,Apostas_20260406.xlsx
live_sem_ref,2026-04-06,PORTUGAL 2,Porto B x Chaves,Lay_CS_0x1_B365,nao_veio_na_base,Apostas_20260406.xlsx
live_sem_ref,2026-04-06,PORTUGAL 2,Porto B x Chaves,Lay_CS_1x0_B365,nao_veio_na_base,Apostas_20260406.xlsx
live_sem_ref,2026-04-06,ROMANIA 1,ACS Petrolul 52 x Csikszereda,Lay_CS_0x1_B365,nao_veio_na_base,Apostas_20260406.xlsx
live_sem_ref,2026-04-06,ROMANIA 1,ACS Petrolul 52 x Csikszereda,Lay_CS_1x0_B365,nao_veio_na_base,Apostas_20260406.xlsx
live_sem_ref,2026-04-06,SWEDEN 2,Varbergs BoIS x Ostersunds FK,Lay_CS_0x1_B365,nao_veio_na_base,Apostas_20260406.xlsx
live_sem_ref,2026-04-06,SWEDEN 2,Varbergs BoIS x Ostersunds FK,Lay_CS_1x0_B365,nao_veio_na_base,Apostas_20260406.xlsx
live_sem_ref,2026-04-06,SWITZERLAND 1,Grasshoppers Zurich x Sion,Lay_CS_0x1_B365,nao_veio_na_base,Apostas_20260406.xlsx
live_sem_ref,2026-04-06,SWITZERLAND 2,Stade Nyonnais x Yverdon Sport,Lay_CS_0x1_B365,nao_veio_na_base,Apostas_20260406.xlsx
live_sem_ref,2026-04-06,TURKEY 1,Kocaelispor x Basaksehir,Lay_CS_0x1_B365,nao_veio_na_base,Apostas_20260406.xlsx
live_sem_ref,2026-04-06,TURKEY 1,Kocaelispor x Basaksehir,Lay_CS_1x0_B365,nao_veio_na_base,Apostas_20260406.xlsx
ref_sem_live,2026-04-06,ITALY 2,Catanzaro vs Monza,Lay_CS_0x1_B365,faltou_no_dia,
ref_sem_live,2026-04-06,NORWAY 1,HamKam vs Brann,Lay_CS_0x1_B365,faltou_no_dia,
ref_sem_live,2026-04-06,POLAND 1,Termalica B-B. vs Piast Gliwice,Lay_CS_0x1_B365,faltou_no_dia,
live_sem_ref,2026-04-07,GERMANY 3,Duisburg x VfL Osnabruck,Lay_CS_0x1_B365,fora_liga,Apostas_20260407.xlsx
live_sem_ref,2026-04-07,EUROPA CHAMPIONS LEAGUE,Sporting Lisbon x Arsenal,Lay_CS_0x1_B365,nao_veio_na_base,Apostas_20260407.xlsx
live_sem_ref,2026-04-07,EUROPA CHAMPIONS LEAGUE,Sporting Lisbon x Arsenal,Lay_CS_0x1_B365,nao_veio_na_base,Apostas_20260407.xlsx
live_sem_ref,2026-04-07,GERMANY 3,Schweinfurt x Rot-Weiss Essen,Lay_CS_0x1_B365,nao_veio_na_base,Apostas_20260407.xlsx
live_sem_ref,2026-04-07,POLAND 1,Arka Gdynia x Zaglebie Lubin,Lay_CS_0x1_B365,nao_veio_na_base,Apostas_20260407.xlsx
live_sem_ref,2026-04-07,POLAND 1,Arka Gdynia x Zaglebie Lubin,Lay_CS_1x0_B365,nao_veio_na_base,Apostas_20260407.xlsx
live_sem_ref,2026-04-07,SAUDI ARABIA 1,Al Jubail x Al-Jndal,Lay_CS_0x1_B365,nao_veio_na_base,Apostas_20260407.xlsx
live_sem_ref,2026-04-07,SAUDI ARABIA 1,Al Jubail x Al-Jndal,Lay_CS_1x0_B365,nao_veio_na_base,Apostas_20260407.xlsx
live_sem_ref,2026-04-07,SWEDEN 2,Oddevold x Sandvikens,Lay_CS_0x1_B365,nao_veio_na_base,Apostas_20260407.xlsx
live_sem_ref,2026-04-07,SWEDEN 2,Oddevold x Sandvikens,Lay_CS_1x0_B365,nao_veio_na_base,Apostas_20260407.xlsx
live_sem_ref,2026-04-07,SWITZERLAND 2,FC Wil x Neuchatel Xamax,Lay_CS_0x1_B365,nao_veio_na_base,Apostas_20260407.xlsx
live_sem_ref,2026-04-07,SWITZERLAND 2,FC Wil x Neuchatel Xamax,Lay_CS_1x0_B365,nao_veio_na_base,Apostas_20260407.xlsx
live_sem_ref,2026-04-07,TURKEY 2,Bandirmaspor x Sariyer G.K.,Lay_CS_0x1_B365,nao_veio_na_base,Apostas_20260407.xlsx
live_sem_ref,2026-04-07,TURKEY 2,Bandirmaspor x Sariyer G.K.,Lay_CS_1x0_B365,nao_veio_na_base,Apostas_20260407.xlsx
ref_sem_live,2026-04-07,CROATIA 1,Vukovar 1991 vs Lok. Zagreb,Lay_CS_0x1_B365,faltou_no_dia,
live_sem_ref,2026-04-10,FRANCE 3,Sochaux x Fleury Merogis,Lay_CS_0x1_B365,nao_veio_na_base,Apostas_20260410.xlsx
live_sem_ref,2026-04-10,FRANCE 3,Stade Briochin x Villefranche Beaujolais,Lay_CS_0x1_B365,nao_veio_na_base,Apostas_20260410.xlsx
live_sem_ref,2026-04-10,FRANCE 3,Valenciennes x Versailles 78 FC,Lay_CS_0x1_B365,nao_veio_na_base,Apostas_20260410.xlsx
live_sem_ref,2026-04-10,SLOVENIA 1,NK Primorje x Koper,Lay_CS_0x1_B365,nao_veio_na_base,Apostas_20260410.xlsx
ref_sem_live,2026-04-10,FRANCE 3,Stade Briochin vs Villefranche,Lay_CS_0x1_B365,faltou_no_dia,
ref_sem_live,2026-04-10,SLOVENIA 1,Primorje vs Koper,Lay_CS_0x1_B365,faltou_no_dia,
live_sem_ref,2026-04-12,AUSTRIA 1,Austria Wien x Rapid Vienna,Lay_CS_0x1_B365,nao_veio_na_base,Apostas_20260412.xlsx
live_sem_ref,2026-04-12,DENMARK 1,Brondby x Midtjylland,Lay_CS_0x1_B365,nao_veio_na_base,Apostas_20260412.xlsx
live_sem_ref,2026-04-12,DENMARK 1,Randers x FC Copenhagen,Lay_CS_0x1_B365,nao_veio_na_base,Apostas_20260412.xlsx
live_sem_ref,2026-04-12,ENGLAND 1,Crystal Palace x Newcastle,Lay_CS_0x1_B365,nao_veio_na_base,Apostas_20260412.xlsx
live_sem_ref,2026-04-12,ENGLAND 1,Nottm Forest x Aston Villa,Lay_CS_0x1_B365,nao_veio_na_base,Apostas_20260412.xlsx
live_sem_ref,2026-04-12,ENGLAND 1,Sunderland x Tottenham,Lay_CS_0x1_B365,nao_veio_na_base,Apostas_20260412.xlsx
live_sem_ref,2026-04-12,GERMANY 3,Erzgebirge x Verl,Lay_CS_0x1_B365,nao_veio_na_base,Apostas_20260412.xlsx
live_sem_ref,2026-04-12,NETHERLANDS 2,FC Dordrecht x ADO Den Haag,Lay_CS_0x1_B365,nao_veio_na_base,Apostas_20260412.xlsx
live_sem_ref,2026-04-12,SLOVAKIA 1,KFC Komarno x FC Kosice,Lay_CS_0x1_B365,nao_veio_na_base,Apostas_20260412.xlsx
live_sem_ref,2026-04-12,SPAIN 2,Cadiz x Andorra CF,Lay_CS_0x1_B365,nao_veio_na_base,Apostas_20260412.xlsx
live_sem_ref,2026-04-12,SPAIN 2,Mirandes x CD Castellon,Lay_CS_0x1_B365,nao_veio_na_base,Apostas_20260412.xlsx
ref_sem_live,2026-04-12,ESTONIA 1,Tammeka vs Paide,Lay_CS_0x1_B365,faltou_no_dia,
live_sem_ref,2026-04-13,SPAIN 2,Valladolid x Eibar,Lay_CS_0x1_B365,nao_veio_na_base,Apostas_20260413.xlsx
live_sem_ref,2026-04-13,SPAIN 2,Valladolid x Eibar,Lay_CS_1x0_B365,nao_veio_na_base,Apostas_20260413.xlsx
ref_sem_live,2026-04-13,ROMANIA 1,Metaloglobus Bucharest vs Csikszereda M. Ciuc,Lay_CS_0x1_B365,faltou_no_dia,
