Data,Metodo,Liga,Home,Away,Hora,Odd_Lay,Odd_Fav,status,gols_H,gols_A,placar,resultado,pnl_u,pnl_rs,break_even,liquidado_em,fonte_placar
2026-08-01,Lay 0x3 Top 3,CHILE 1,Everton De Vina,Colo Colo,16:00,26.0,,LIQUIDADO,3,4,3-4,GREEN,0.038,3.8,0.9634,2026-09-11 23:11,betfair:fuzzy0.85
2026-08-01,Lay 0x3 Top 3,USA 2,Miami FC,Detroit City FC,20:00,25.0,,LIQUIDADO,2,2,2-2,GREEN,0.03958,3.96,0.9619,2026-09-11 23:11,betfair:fuzzy0.85
2026-08-01,Lay 0x3 Top 3,MEXICO 1,Queretaro,Tigres,20:00,28.0,,LIQUIDADO,3,2,3-2,GREEN,0.03519,3.52,0.966,2026-09-11 23:11,betfair:fuzzy0.88
2026-08-01,Lay 2x2 Top 3,USA 1,DC Utd,Nashville SC,20:30,17.0,,LIQUIDADO,2,2,2-2,RED,-1.0,-100.0,0.944,2026-09-11 23:11,betfair:fuzzy0.88
2026-08-01,Lay 2x2 Top 3,SOUTH KOREA 1,Jeonbuk Motors,FC Seoul,07:30,16.0,,SEM_PLACAR,,,,,,,0.9404,,
2026-08-01,Lay 2x2 Top 3,POLAND 1,Piast Gliwice,Wisla Krakow,09:45,16.0,,LIQUIDADO,4,3,4-3,GREEN,0.06333,6.33,0.9404,2026-09-11 23:11,b365:fuzzy0.81
2026-08-01,Lay Draw (Fav<=1.40),PERU 1,Alianza Lima,Alianza Atletico,22:30,5.2,1.39,LIQUIDADO,3,1,3-1,GREEN,0.22619,22.62,0.8155,2026-09-11 23:11,b365:fuzzy0.90
2026-08-01,Lay Draw (Fav<=1.40),ROMANIA 2,CS Afumati,CS FC Dinamo Bucuresti,05:00,6.2,1.33,LIQUIDADO,2,1,2-1,GREEN,0.18269,18.27,0.8455,2026-09-11 23:11,b365:fuzzy0.86
2026-08-01,Lay Draw (Fav<=1.40),CHINA 1,Chengdu Rongcheng,Wuhan Three Towns,09:00,5.9,1.4,LIQUIDADO,1,1,1-1,RED,-1.0,-100.0,0.8376,2026-09-11 23:04,
2026-08-01,Lay Draw (Fav<=1.40),SERBIA 2,FK Backa Topola,FK Vrsac,15:00,6.4,1.28,SEM_PLACAR,,,,,,,0.8504,,
2026-08-01,Lay Draw (Fav<=1.40),SERBIA 2,FK Javor Ivanjica,FK Teleoptik Zemun,14:00,5.7,1.4,SEM_PLACAR,,,,,,,0.8319,,
2026-08-01,Lay Draw (Fav<=1.40),CHINA 1,Guangdong GZ-Power FC,Foshan Nanshi FC,08:30,7.2,1.28,LIQUIDADO,1,1,1-1,RED,-1.0,-100.0,0.8671,2026-09-11 23:11,b365:fuzzy0.93
2026-08-01,Lay Draw (Fav<=1.40),SOUTH AFRICA 1,Orlando Pirates (SA),Milford,10:00,7.2,1.24,LIQUIDADO,2,0,2-0,GREEN,0.15323,15.32,0.8671,2026-09-11 23:11,b365:fuzzy0.90
2026-08-01,Lay Draw (Fav<=1.40),BULGARIA 1,PFC Levski Sofia,Septemvri,13:00,7.0,1.25,LIQUIDADO,3,0,3-0,GREEN,0.15833,15.83,0.8633,2026-09-11 23:11,betfair:fuzzy0.83
2026-08-01,Lay Draw (Fav<=1.40),AUSTRIA 1,Red Bull Salzburg,Hartberg,14:30,6.6,1.32,LIQUIDADO,1,0,1-0,GREEN,0.16964,16.96,0.855,2026-09-11 23:11,betfair:fuzzy0.85
2026-08-01,Lay Home/DC X2 (FavVis<=1.65),CZECH 1,Banik Ostrava,Slavia Prague,12:00,6.8,1.62,LIQUIDADO,0,4,0-4,GREEN,0.16379,16.38,0.8593,2026-09-11 23:11,betfair:fuzzy0.87
2026-08-01,Lay Home/DC X2 (FavVis<=1.65),SOUTH KOREA 2,Cheongju FC,Suwon Bluewings,07:30,6.8,1.63,LIQUIDADO,2,2,2-2,GREEN,0.16379,16.38,0.8593,2026-09-11 23:11,betfair:fuzzy0.94
2026-08-01,Lay Home/DC X2 (FavVis<=1.65),SCOTLAND 2,Morton,Partick,11:00,6.8,1.59,LIQUIDADO,0,1,0-1,GREEN,0.16379,16.38,0.8593,2026-09-11 23:11,betfair:fuzzy0.83
2026-08-01,Lay Home/DC X2 (FavVis<=1.65),NORWAY 1,Start,Viking,13:00,6.0,1.6,LIQUIDADO,0,3,0-3,GREEN,0.19,19.0,0.8403,2026-09-11 23:04,
2026-08-01,Lay Over 4.5 (Under Pesado),ARGENTINA 1,Belgrano,Argentinos Juniors,18:00,20.0,1.47,LIQUIDADO,0,1,0-1,GREEN,0.05,5.0,0.9524,2026-09-11 23:11,betfair:fuzzy0.93
2026-08-01,Lay Over 4.5 (Under Pesado),ARGENTINA 1,Estudiantes Rio Cuarto,Banfield,15:30,18.0,1.5,LIQUIDADO,0,0,0-0,GREEN,0.05588,5.59,0.9471,2026-09-11 23:04,
2026-08-01,Lay Over 4.5 (Under Pesado),ARGENTINA 1,Racing Club,Tigre,20:30,18.5,1.49,LIQUIDADO,1,3,1-3,GREEN,0.05429,5.43,0.9485,2026-09-11 23:04,
2026-08-01,Lay Over 4.5 (Under Pesado),SOUTH AFRICA 1,Sekhukhune United,Durban City,12:30,20.0,1.47,LIQUIDADO,1,0,1-0,GREEN,0.05,5.0,0.9524,2026-09-11 23:11,betfair:fuzzy0.88
2026-08-02,Lay 0x3 Top 3,CHILE 1,Deportes Concepcion,Univ Catolica (Chile),13:30,29.0,,SEM_PLACAR,,,,,,,0.9672,,
2026-08-02,Lay 0x3 Top 3,ARGENTINA 1,Newells,Boca Juniors,17:00,25.0,,LIQUIDADO,2,2,2-2,GREEN,0.03958,3.96,0.9619,2026-09-11 23:11,betfair:fuzzy0.83
2026-08-02,Lay 0x3 Top 3,SERBIA 1,Zemun,Radnicki Nis,15:00,29.0,,LIQUIDADO,0,1,0-1,GREEN,0.03393,3.39,0.9672,2026-09-11 23:04,
2026-08-02,Lay 2x2 Top 3,CHINA 1,Liaoning Tieren FC,Shanghai Shenhua,08:35,17.5,,LIQUIDADO,3,1,3-1,GREEN,0.05758,5.76,0.9456,2026-09-11 23:11,b365:fuzzy0.97
2026-08-02,Lay 2x2 Top 3,CHINA 1,Shenzhen Peng City,Chongqing Tonglianglong,09:00,17.0,,LIQUIDADO,2,0,2-0,GREEN,0.05937,5.94,0.944,2026-09-11 23:11,betfair:fuzzy0.86
2026-08-02,Lay 2x2 Top 3,CROATIA 1,Varazdin,Hajduk Split,13:30,16.5,,LIQUIDADO,2,1,2-1,GREEN,0.06129,6.13,0.9422,2026-09-11 23:04,
2026-08-02,Lay Draw (Fav<=1.40),COLOMBIA 1,America de Cali S.A,Boyaca Chico,19:45,6.2,1.3,SEM_PLACAR,,,,,,,0.8455,,
2026-08-02,Lay Draw (Fav<=1.40),BULGARIA 1,CSKA Sofia,Dunav Ruse,15:15,7.0,1.24,LIQUIDADO,2,1,2-1,GREEN,0.15833,15.83,0.8633,2026-09-11 23:04,
2026-08-02,Lay Draw (Fav<=1.40),UKRAINE 1,Chernomorets Odesa,Polissya Zhytomyr,07:00,5.5,1.36,SEM_PLACAR,,,,,,,0.8257,,
2026-08-02,Lay Draw (Fav<=1.40),MEXICO 1,Cruz Azul,Atlante,00:00,6.0,1.36,LIQUIDADO,2,3,2-3,GREEN,0.19,19.0,0.8403,2026-09-11 23:04,
2026-08-02,Lay Draw (Fav<=1.40),ECUADOR 1,Independiente (Ecu),Deportivo Cuenca,15:00,6.2,1.31,SEM_PLACAR,,,,,,,0.8455,,
2026-08-02,Lay Draw (Fav<=1.40),NORWAY 2,Kongsvinger,Strommen,12:00,7.2,1.32,LIQUIDADO,1,3,1-3,GREEN,0.15323,15.32,0.8671,2026-09-11 23:04,
2026-08-02,Lay Draw (Fav<=1.40),BULGARIA 1,Ludogorets,Botev Vratsa,13:00,5.8,1.34,LIQUIDADO,2,1,2-1,GREEN,0.19792,19.79,0.8348,2026-09-11 23:04,
2026-08-02,Lay Draw (Fav<=1.40),DENMARK 1,Midtjylland,AC Horsens,09:00,6.2,1.35,LIQUIDADO,2,1,2-1,GREEN,0.18269,18.27,0.8455,2026-09-11 23:11,b365:fuzzy0.94
2026-08-02,Lay Draw (Fav<=1.40),NORWAY 2,Odds BK,Asane,12:00,6.6,1.35,LIQUIDADO,4,1,4-1,GREEN,0.16964,16.96,0.855,2026-09-11 23:11,betfair:fuzzy0.83
2026-08-02,Lay Draw (Fav<=1.40),ESTONIA 1,Parnu JK Vaprus,FCI Tallinn,13:00,7.4,1.29,SEM_PLACAR,,,,,,,0.8707,,
2026-08-02,Lay Draw (Fav<=1.40),CROATIA 1,Rijeka,Rudes,16:00,8.4,1.21,LIQUIDADO,2,1,2-1,GREEN,0.12838,12.84,0.8862,2026-09-11 23:04,
2026-08-02,Lay Draw (Fav<=1.40),PERU 1,Sporting Cristal,Juan Pablo II College,13:00,6.0,1.33,LIQUIDADO,2,0,2-0,GREEN,0.19,19.0,0.8403,2026-09-11 23:11,betfair:fuzzy0.88
2026-08-02,Lay Home/DC X2 (FavVis<=1.65),ICELAND 1,IA Akranes,Vikingur Reykjavik,11:00,5.3,1.63,LIQUIDADO,2,2,2-2,GREEN,0.22093,22.09,0.819,2026-09-11 23:11,betfair:fuzzy0.94
2026-08-02,Lay Home/DC X2 (FavVis<=1.65),CHINA 1,Liaoning Tieren FC,Shanghai Shenhua,08:35,6.4,1.51,LIQUIDADO,3,1,3-1,RED,-1.0,-100.0,0.8504,2026-09-11 23:11,b365:fuzzy0.97
2026-08-02,Lay Home/DC X2 (FavVis<=1.65),WALES 1,Penybont FC,The New Saints,10:30,6.6,1.62,SEM_PLACAR,,,,,,,0.855,,
2026-08-02,Lay Home/DC X2 (FavVis<=1.65),NORWAY 2,Raufoss,Stabaek,12:00,5.4,1.63,LIQUIDADO,0,2,0-2,GREEN,0.21591,21.59,0.8224,2026-09-11 23:04,
2026-08-02,Lay Home/DC X2 (FavVis<=1.65),DENMARK 1,Silkeborg,FC Copenhagen,13:00,6.4,1.56,LIQUIDADO,1,3,1-3,GREEN,0.17593,17.59,0.8504,2026-09-11 23:04,
2026-08-02,Lay Over 4.5 (Under Pesado),ARGENTINA 1,Lanus,Instituto,21:30,19.0,1.48,LIQUIDADO,0,1,0-1,GREEN,0.05278,5.28,0.9499,2026-09-11 23:04,
2026-08-03,Lay 0x3 Top 3,UKRAINE 1,FC Bukovyna,LNZ-Lebedyn,09:30,22.0,,SEM_PLACAR,,,,,,,0.9567,,
2026-08-03,Lay 0x3 Top 3,ARGENTINA 1,Sarmiento de Junin,Independiente Rivadavia,16:45,32.0,,LIQUIDADO,2,1,2-1,GREEN,0.03065,3.06,0.9703,2026-09-11 23:11,betfair:fuzzy0.82
2026-08-03,Lay 2x2 Top 3,POLAND 1,Cracovia Krakow,Pogon Szczecin,14:00,18.5,,LIQUIDADO,0,2,0-2,GREEN,0.05429,5.43,0.9485,2026-09-11 23:11,betfair:fuzzy0.86
2026-08-03,Lay 2x2 Top 3,SWEDEN 1,Djurgardens,Vasteras SK,14:00,18.5,,LIQUIDADO,6,0,6-0,GREEN,0.05429,5.43,0.9485,2026-09-11 23:11,betfair:fuzzy0.98
2026-08-03,Lay 2x2 Top 3,BULGARIA 1,Spartak Varna,Lokomotiv Plovdiv,15:15,18.0,,LIQUIDADO,1,0,1-0,GREEN,0.05588,5.59,0.9471,2026-09-11 23:11,betfair:fuzzy0.88
2026-08-03,Lay Draw (Fav<=1.40),SCOTLAND 1,Celtic,Dundee,15:30,9.0,1.2,LIQUIDADO,1,0,1-0,GREEN,0.11875,11.88,0.8939,2026-09-11 23:11,betfair:fuzzy0.93
2026-08-03,Lay Draw (Fav<=1.40),SWEDEN 1,Halmstads,Sirius,14:00,5.8,1.39,LIQUIDADO,0,2,0-2,GREEN,0.19792,19.79,0.8348,2026-09-11 23:11,betfair:fuzzy0.97
2026-08-03,Lay Draw (Fav<=1.40),ECUADOR 1,LDU,Delfin,21:00,6.2,1.3,SEM_PLACAR,,,,,,,0.8455,,
2026-08-03,Lay Home/DC X2 (FavVis<=1.65),SWEDEN 1,Halmstads,Sirius,14:00,9.4,1.39,LIQUIDADO,0,2,0-2,GREEN,0.1131,11.31,0.8984,2026-09-11 23:11,betfair:fuzzy0.97
2026-08-03,Lay Over 4.5 (Under Pesado),ARGENTINA 1,CA Huracan,Atl Tucuman,21:15,20.0,1.47,LIQUIDADO,0,0,0-0,GREEN,0.05,5.0,0.9524,2026-09-11 23:11,betfair:fuzzy0.94
2026-08-03,Lay Over 4.5 (Under Pesado),ARGENTINA 1,Central Cordoba (SdE),San Lorenzo,21:15,20.0,1.46,LIQUIDADO,1,0,1-0,GREEN,0.05,5.0,0.9524,2026-09-11 23:11,betfair:fuzzy0.95
2026-08-04,Lay 0x3 Top 3,EUROPA LEAGUE,Larne,FC Iberia 1999,16:00,34.0,,SEM_PLACAR,,,,,,,0.972,,
2026-08-04,Lay 2x2 Top 3,EUROPA CHAMPIONS LEAGUE,Ararat Armenia,NK Celje,13:00,17.0,,SEM_PLACAR,,,,,,,0.944,,
2026-08-04,Lay 2x2 Top 3,ROMANIA 2,Politehnica Timisoara,Chindia Targoviste,12:00,20.0,,LIQUIDADO,1,0,1-0,GREEN,0.05,5.0,0.9524,2026-09-11 23:04,
2026-08-04,Lay 2x2 Top 3,EUROPA LEAGUE,Shamrock Rovers,Egnatia Rrogozhine,16:00,18.0,,SEM_PLACAR,,,,,,,0.9471,,
2026-08-04,Lay Draw (Fav<=1.40),VENEZUELA 1,Carabobo FC,Trujillanos,18:00,5.2,1.39,LIQUIDADO,2,0,2-0,GREEN,0.22619,22.62,0.8155,2026-09-11 23:11,betfair:fuzzy0.94
2026-08-04,Lay Draw (Fav<=1.40),EUROPA CHAMPIONS LEAGUE,Dinamo Zagreb,FK Kauno Zalgiris,15:00,9.8,1.16,SEM_PLACAR,,,,,,,0.9026,,
2026-08-05,Lay 2x2 Top 3,COLOMBIA 1,Once Caldas,America de Cali S.A,22:30,19.0,,LIQUIDADO,0,1,0-1,GREEN,0.05278,5.28,0.9499,2026-09-11 23:11,betfair:fuzzy0.96
2026-08-05,Lay Draw (Fav<=1.40),EUROPA CHAMPIONS LEAGUE,Fenerbahce,Sturm Graz,15:00,6.6,1.32,LIQUIDADO,2,0,2-0,GREEN,0.16964,16.96,0.855,2026-09-11 23:11,b365:fuzzy0.86
2026-08-05,Lay Draw (Fav<=1.40),EUROPA CONFERENCE LEAGUE,Panathinaikos,CSKA 1948 Sofia,15:30,7.2,1.24,LIQUIDADO,1,1,1-1,RED,-1.0,-100.0,0.8671,2026-09-11 23:11,b365:fuzzy0.90
2026-08-06,Lay 0x3 Top 3,MEXICO 2,Dorados,Mineros de Zacatecas,22:00,32.0,,SEM_PLACAR,,,,,,,0.9703,,
2026-08-06,Lay 0x3 Top 3,EUROPA LEAGUE,Hradec Kralove,Besiktas,14:00,22.0,,LIQUIDADO,0,1,0-1,GREEN,0.04524,4.52,0.9567,2026-09-11 23:11,b365:fuzzy0.87
2026-08-06,Lay 0x3 Top 3,EUROPA LEAGUE,KuPS,Universitatea Craiova,12:00,28.0,,SEM_PLACAR,,,,,,,0.966,,
2026-08-06,Lay 2x2 Top 3,PERU 1,Alianza Atletico,Cienciano,17:00,16.5,,LIQUIDADO,1,0,1-0,GREEN,0.06129,6.13,0.9422,2026-09-11 23:11,b365:fuzzy0.90
2026-08-06,Lay 2x2 Top 3,EUROPA CONFERENCE LEAGUE,FC Noah,Sion,13:00,16.5,,SEM_PLACAR,,,,,,,0.9422,,
2026-08-06,Lay 2x2 Top 3,EUROPA LEAGUE,Jagiellonia Bialystock,Rangers,13:00,16.5,,SEM_PLACAR,,,,,,,0.9422,,
2026-08-06,Lay Draw (Fav<=1.40),ENGLAND CUP,Bristol City,Walsall,15:45,5.9,1.37,LIQUIDADO,0,1,0-1,GREEN,0.19388,19.39,0.8376,2026-09-11 23:04,
2026-08-06,Lay Draw (Fav<=1.40),EUROPA CONFERENCE LEAGUE,FC Twente,Dunajska Streda,15:00,8.8,1.22,SEM_PLACAR,,,,,,,0.8914,,
2026-08-06,Lay Draw (Fav<=1.40),EUROPA CONFERENCE LEAGUE,Paide Linnameeskond,Rapid Vienna,13:00,7.8,1.22,SEM_PLACAR,,,,,,,0.8774,,
2026-08-06,Lay Draw (Fav<=1.40),EUROPA CONFERENCE LEAGUE,Partizan Belgrade,Tobol Kostanay,16:00,6.2,1.34,SEM_PLACAR,,,,,,,0.8455,,
2026-08-06,Lay Draw (Fav<=1.40),EUROPA CONFERENCE LEAGUE,Rijeka,Ilves,15:45,7.4,1.26,SEM_PLACAR,,,,,,,0.8707,,
2026-08-06,Lay Draw (Fav<=1.40),EUROPA CONFERENCE LEAGUE,SP Tre Fiori,KF Drita,16:00,5.7,1.35,SEM_PLACAR,,,,,,,0.8319,,
2026-08-06,Lay Draw (Fav<=1.40),EUROPA CONFERENCE LEAGUE,Valur,FC Nordsjaelland,15:30,8.2,1.24,LIQUIDADO,0,2,0-2,GREEN,0.13194,13.19,0.8834,2026-09-11 23:11,b365:fuzzy0.80
2026-08-06,Lay Home/DC X2 (FavVis<=1.65),EUROPA CONFERENCE LEAGUE,Bohemians,Midtjylland,15:45,8.8,1.43,LIQUIDADO,0,2,0-2,GREEN,0.12179,12.18,0.8914,2026-09-11 23:11,b365:fuzzy0.87
2026-08-06,Lay Home/DC X2 (FavVis<=1.65),EUROPA CONFERENCE LEAGUE,Debreceni VSC,FC Copenhagen,14:00,6.4,1.62,SEM_PLACAR,,,,,,,0.8504,,
2026-08-06,Lay Home/DC X2 (FavVis<=1.65),EUROPA LEAGUE,Lincoln Red Imps,Omonia,14:00,6.4,1.62,LIQUIDADO,1,1,1-1,GREEN,0.17593,17.59,0.8504,2026-09-11 23:11,b365:fuzzy0.85
2026-08-07,Lay 0x3 Top 3,JAPAN 1,Yokohama FM,Kashima,07:25,34.0,,SEM_PLACAR,,,,,,,0.972,,
2026-08-07,Lay 0x3 Top 3,SOUTH KOREA 2,Yongin FC,Busan IPark,07:30,30.0,,SEM_PLACAR,,,,,,,0.9683,,
2026-08-07,Lay 2x2 Top 3,CZECH 1,FC Zbrojovka Brno,Slovan Liberec,14:00,17.5,,SEM_PLACAR,,,,,,,0.9456,,
2026-08-07,Lay 2x2 Top 3,JAPAN 1,G-Osaka,Urawa,07:30,17.5,,SEM_PLACAR,,,,,,,0.9456,,
2026-08-07,Lay 2x2 Top 3,ROMANIA 1,UTA Arad,Rapid Bucharest,15:00,17.5,,LIQUIDADO,0,0,0-0,GREEN,0.05758,5.76,0.9456,2026-09-11 23:11,betfair:fuzzy0.90
2026-08-07,Lay Draw (Fav<=1.40),WALES 1,Ammanford AFC,Colwyn Bay,15:45,6.2,1.29,LIQUIDADO,2,2,2-2,RED,-1.0,-100.0,0.8455,2026-09-11 23:11,b365:fuzzy0.93
2026-08-07,Lay Draw (Fav<=1.40),FRANCE 3,Bourg-en-Bresse,Villefranche Beaujolais,15:45,5.7,1.01,LIQUIDADO,3,2,3-2,GREEN,0.20213,20.21,0.8319,2026-09-11 23:11,betfair:fuzzy0.85
2026-08-07,Lay Draw (Fav<=1.40),IRELAND 2,Bray Wanderers,Finn Harps,15:45,7.4,1.29,SEM_PLACAR,,,,,,,0.8707,,
2026-08-07,Lay Draw (Fav<=1.40),BELGIUM 1,Club Brugge,Kortrijk,15:45,8.0,1.24,LIQUIDADO,3,0,3-0,GREEN,0.13571,13.57,0.8805,2026-09-11 23:11,betfair:fuzzy0.95
2026-08-07,Lay Draw (Fav<=1.40),IRELAND 2,Cobh Ramblers,Treaty United,16:15,5.1,1.38,LIQUIDADO,2,0,2-0,GREEN,0.23171,23.17,0.8119,2026-09-11 23:04,
2026-08-07,Lay Draw (Fav<=1.40),ENGLAND CUP,Middlesbrough,Wrexham,16:00,9.2,1.13,LIQUIDADO,1,0,1-0,GREEN,0.11585,11.59,0.8962,2026-09-11 23:04,
2026-08-07,Lay Draw (Fav<=1.40),BULGARIA 1,PFC Levski Sofia,Lokomotiv Plovdiv,15:15,5.1,1.4,LIQUIDADO,2,0,2-0,GREEN,0.23171,23.17,0.8119,2026-09-11 23:11,betfair:fuzzy0.82
2026-08-07,Lay Draw (Fav<=1.40),IRELAND 1,Shamrock Rovers,Dundalk,16:00,8.0,1.16,LIQUIDADO,3,2,3-2,GREEN,0.13571,13.57,0.8805,2026-09-11 23:04,
2026-08-07,Lay Draw (Fav<=1.40),SOUTH KOREA 2,Suwon Bluewings,Gimhae City,07:30,6.4,1.31,LIQUIDADO,1,0,1-0,GREEN,0.17593,17.59,0.8504,2026-09-11 23:11,b365:fuzzy0.88
2026-08-07,Lay Draw (Fav<=1.40),WALES 1,The New Saints,Haverfordwest County,15:45,7.2,1.26,SEM_PLACAR,,,,,,,0.8671,,
2026-08-07,Lay Draw (Fav<=1.40),CHILE 1,Univ Catolica (Chile),Cobresal,21:30,5.9,1.37,LIQUIDADO,2,0,2-0,GREEN,0.19388,19.39,0.8376,2026-09-11 23:11,betfair:fuzzy0.85
2026-08-07,Lay Draw (Fav<=1.40),ENGLAND CUP,Wolves,Port Vale,15:45,7.6,1.24,LIQUIDADO,3,0,3-0,GREEN,0.14394,14.39,0.8742,2026-09-11 23:04,
2026-08-07,Lay Home/DC X2 (FavVis<=1.65),TURKEY 2,Boluspor,Manisa FK,15:30,7.0,1.57,LIQUIDADO,1,2,1-2,GREEN,0.15833,15.83,0.8633,2026-09-11 23:04,
2026-08-07,Lay Home/DC X2 (FavVis<=1.65),NETHERLANDS 2,FC Oss,NAC Breda,15:00,5.6,1.63,LIQUIDADO,1,2,1-2,GREEN,0.20652,20.65,0.8288,2026-09-11 23:11,betfair:fuzzy0.88
2026-08-08,Lay 0x3 Top 3,FRANCE 2,Clermont,Reims,15:45,23.0,,LIQUIDADO,0,0,0-0,GREEN,0.04318,4.32,0.9586,2026-09-11 23:04,
2026-08-08,Lay 0x3 Top 3,FINLAND 1,Jaro,VPS,13:00,22.0,,LIQUIDADO,1,3,1-3,GREEN,0.04524,4.52,0.9567,2026-09-11 23:04,
2026-08-08,Lay 0x3 Top 3,CZECH 1,Teplice,Plzen,12:00,23.0,,LIQUIDADO,5,5,5-5,GREEN,0.04318,4.32,0.9586,2026-09-11 23:04,
2026-08-08,Lay 2x2 Top 3,ENGLAND CUP,Fleetwood Town,Chesterfield,11:00,16.5,,LIQUIDADO,1,0,1-0,GREEN,0.06129,6.13,0.9422,2026-09-11 23:11,b365:fuzzy0.91
2026-08-08,Lay 2x2 Top 3,FRANCE 2,Pau,Annecy,15:45,17.0,,LIQUIDADO,0,1,0-1,GREEN,0.05937,5.94,0.944,2026-09-11 23:11,b365:fuzzy0.88
2026-08-08,Lay 2x2 Top 3,BELGIUM 1,Standard,Cercle Brugge,13:15,17.0,,SEM_PLACAR,,,,,,,0.944,,
2026-08-08,Lay Draw (Fav<=1.40),ROMANIA 2,ASA Targu Mures,ACSM Cetatea 1932 Suceava,05:00,7.0,1.36,SEM_PLACAR,,,,,,,0.8633,,
2026-08-08,Lay Draw (Fav<=1.40),ROMANIA 2,CSM Slatina,CS FC Dinamo Bucuresti,05:00,8.4,1.24,LIQUIDADO,5,1,5-1,GREEN,0.12838,12.84,0.8862,2026-09-11 23:11,b365:fuzzy0.92
2026-08-08,Lay Draw (Fav<=1.40),ENGLAND CUP,Cardiff,Swindon,11:00,6.4,1.33,LIQUIDADO,3,2,3-2,GREEN,0.17593,17.59,0.8504,2026-09-11 23:04,
2026-08-08,Lay Draw (Fav<=1.40),PORTUGAL 1,Club Football Estrela,Sporting Lisbon,16:30,6.8,1.28,SEM_PLACAR,,,,,,,0.8593,,
2026-08-08,Lay Draw (Fav<=1.40),ENGLAND CUP,Colchester,Southampton,13:30,6.4,1.33,LIQUIDADO,0,2,0-2,GREEN,0.17593,17.59,0.8504,2026-09-11 23:04,
2026-08-08,Lay Draw (Fav<=1.40),SERBIA 1,FK Radnicki 1923,Zemun,15:00,6.0,1.34,LIQUIDADO,3,0,3-0,GREEN,0.19,19.0,0.8403,2026-09-11 23:11,betfair:fuzzy0.96
2026-08-08,Lay Draw (Fav<=1.40),ENGLAND CUP,Leicester,Northampton,11:00,6.6,1.3,LIQUIDADO,1,0,1-0,GREEN,0.16964,16.96,0.855,2026-09-11 23:04,
2026-08-08,Lay Draw (Fav<=1.40),NETHERLANDS 1,PSV,Fortuna Sittard,15:00,9.6,1.19,LIQUIDADO,2,2,2-2,RED,-1.0,-100.0,0.9005,2026-09-11 23:11,betfair:fuzzy0.83
2026-08-08,Lay Draw (Fav<=1.40),SCOTLAND 3,Ross Co,Montrose,11:00,7.0,1.28,LIQUIDADO,2,1,2-1,GREEN,0.15833,15.83,0.8633,2026-09-11 23:11,b365:fuzzy0.88
2026-08-08,Lay Draw (Fav<=1.40),SLOVAKIA 1,Spartak Trnava,Dukla Banska Bystrica,15:30,6.4,1.29,SEM_PLACAR,,,,,,,0.8504,,
2026-08-08,Lay Draw (Fav<=1.40),BOLIVIA 1,The Strongest,Club Independiente Petrolero,18:15,8.6,1.29,LIQUIDADO,1,2,1-2,GREEN,0.125,12.5,0.8889,2026-09-11 23:11,betfair:fuzzy0.83
2026-08-08,Lay Draw (Fav<=1.40),ENGLAND CUP,Watford,Crawley Town,11:00,6.4,1.32,LIQUIDADO,1,0,1-0,GREEN,0.17593,17.59,0.8504,2026-09-11 23:11,b365:fuzzy0.89
2026-08-08,Lay Home/DC X2 (FavVis<=1.65),NORTHERN IRELAND 1,Dungannon,Coleraine,11:00,8.8,1.46,LIQUIDADO,1,3,1-3,GREEN,0.12179,12.18,0.8914,2026-09-11 23:04,
2026-08-08,Lay Home/DC X2 (FavVis<=1.65),ENGLAND CUP,Rotherham,West Brom,13:30,7.4,1.53,LIQUIDADO,1,4,1-4,GREEN,0.14844,14.84,0.8707,2026-09-11 23:04,
2026-08-08,Lay Home/DC X2 (FavVis<=1.65),NORWAY 1,Valerenga,Bodo Glimt,09:00,6.8,1.51,LIQUIDADO,1,2,1-2,GREEN,0.16379,16.38,0.8593,2026-09-11 23:04,
2026-08-09,Lay 0x3 Top 3,TURKEY 2,Bodrum Belediyesi Bodrumspor,Bursaspor,15:30,22.0,,SEM_PLACAR,,,,,,,0.9567,,
2026-08-09,Lay 0x3 Top 3,ENGLAND CUP,Mansfield,Sheff Utd,12:00,24.0,,LIQUIDADO,0,3,0-3,RED,-1.0,-100.0,0.9603,2026-09-11 23:11,b365:fuzzy0.90
2026-08-09,Lay 0x3 Top 3,IRELAND 1,Shelbourne,St Patricks,13:00,26.0,,LIQUIDADO,1,2,1-2,GREEN,0.038,3.8,0.9634,2026-09-11 23:04,
2026-08-09,Lay 2x2 Top 3,BRAZIL 1,Bahia,Vasco da Gama,16:00,17.0,,LIQUIDADO,0,0,0-0,GREEN,0.05937,5.94,0.944,2026-09-11 23:11,betfair:fuzzy0.81
2026-08-09,Lay 2x2 Top 3,CHILE 2,Deportes Copiapo,San Luis,13:30,17.5,,LIQUIDADO,1,1,1-1,GREEN,0.05758,5.76,0.9456,2026-09-11 23:11,b365:fuzzy0.82
2026-08-09,Lay 2x2 Top 3,POLAND 1,Jagiellonia Bialystock,Widzew Lodz,15:15,17.0,,LIQUIDADO,0,2,0-2,GREEN,0.05937,5.94,0.944,2026-09-11 23:11,betfair:fuzzy0.84
2026-08-09,Lay Draw (Fav<=1.40),UKRAINE 1,FC Epicentr Dunaivtsi,Shakhtar,09:30,5.9,1.37,SEM_PLACAR,,,,,,,0.8376,,
2026-08-09,Lay Draw (Fav<=1.40),ESTONIA 1,FCI Tallinn,Nomme Utd,13:00,9.4,1.22,SEM_PLACAR,,,,,,,0.8984,,
2026-08-09,Lay Draw (Fav<=1.40),BRAZIL 1,Flamengo,EC Vitoria Salvador,19:30,6.4,1.28,SEM_PLACAR,,,,,,,0.8504,,
2026-08-09,Lay Draw (Fav<=1.40),NORWAY 2,Haugesund,Raufoss,12:00,7.4,1.35,LIQUIDADO,7,2,7-2,GREEN,0.14844,14.84,0.8707,2026-09-11 23:04,
2026-08-09,Lay Draw (Fav<=1.40),FINLAND 1,Ilves,IFK Mariehamn,12:00,6.6,1.34,LIQUIDADO,2,0,2-0,GREEN,0.16964,16.96,0.855,2026-09-11 23:11,betfair:fuzzy0.93
2026-08-09,Lay Draw (Fav<=1.40),PERU 1,Melgar,FC Cajamarca,17:30,6.0,1.32,LIQUIDADO,2,4,2-4,GREEN,0.19,19.0,0.8403,2026-09-11 23:11,b365:fuzzy0.90
2026-08-09,Lay Draw (Fav<=1.40),PORTUGAL 1,Porto,Alverca,14:00,7.4,1.23,LIQUIDADO,2,0,2-0,GREEN,0.14844,14.84,0.8707,2026-09-11 23:11,betfair:fuzzy0.92
2026-08-09,Lay Draw (Fav<=1.40),CZECH 1,Slavia Prague,Pardubice,10:00,8.0,1.23,LIQUIDADO,2,1,2-1,GREEN,0.13571,13.57,0.8805,2026-09-11 23:11,betfair:fuzzy0.95
2026-08-09,Lay Draw (Fav<=1.40),UKRAINE 1,Veres Rivne,Dynamo Kiev,12:00,5.6,1.33,LIQUIDADO,1,2,1-2,GREEN,0.20652,20.65,0.8288,2026-09-11 23:11,betfair:fuzzy0.85
2026-08-09,Lay Draw (Fav<=1.40),ICELAND 1,Vikingur Reykjavik,IBV,15:00,6.2,1.36,SEM_PLACAR,,,,,,,0.8455,,
2026-08-09,Lay Draw (Fav<=1.40),SERBIA 1,Vojvodina,Radnik Surdulica,15:00,5.6,1.35,SEM_PLACAR,,,,,,,0.8288,,
2026-08-09,Lay Draw (Fav<=1.40),BOSNIA 1,Zrinjski,Celik Zenica,16:15,6.4,1.3,LIQUIDADO,2,1,2-1,GREEN,0.17593,17.59,0.8504,2026-09-11 23:04,
2026-08-09,Lay Home/DC X2 (FavVis<=1.65),DENMARK 1,AC Horsens,Brondby,13:00,6.2,1.65,LIQUIDADO,0,2,0-2,GREEN,0.18269,18.27,0.8455,2026-09-11 23:11,b365:fuzzy0.94
2026-08-09,Lay Home/DC X2 (FavVis<=1.65),NORWAY 2,Asane,Kongsvinger,12:00,6.0,1.52,LIQUIDADO,1,2,1-2,GREEN,0.19,19.0,0.8403,2026-09-11 23:04,
2026-08-09,Lay Home/DC X2 (FavVis<=1.65),SCOTLAND 1,Kilmarnock,Celtic,09:30,8.8,1.42,LIQUIDADO,1,5,1-5,GREEN,0.12179,12.18,0.8914,2026-09-11 23:04,
2026-08-09,Lay Home/DC X2 (FavVis<=1.65),PORTUGAL 1,Moreirense,Braga,16:30,7.2,1.59,LIQUIDADO,2,2,2-2,GREEN,0.15323,15.32,0.8671,2026-09-11 23:04,
2026-08-09,Lay Home/DC X2 (FavVis<=1.65),NETHERLANDS 1,PEC Zwolle,Ajax,09:30,7.4,1.5,LIQUIDADO,0,2,0-2,GREEN,0.14844,14.84,0.8707,2026-09-11 23:11,betfair:fuzzy0.90
2026-08-09,Lay Home/DC X2 (FavVis<=1.65),BULGARIA 1,Septemvri,CSKA Sofia,15:15,10.0,1.44,LIQUIDADO,0,3,0-3,GREEN,0.10556,10.56,0.9045,2026-09-11 23:11,betfair:fuzzy0.89
2026-08-09,Lay Home/DC X2 (FavVis<=1.65),ICELAND 2,Volsungur,HK Kopavogur,13:00,5.0,1.63,LIQUIDADO,3,2,3-2,RED,-1.0,-100.0,0.8081,2026-09-11 23:11,betfair:fuzzy0.95
2026-08-09,Lay Over 4.5 (Under Pesado),BRAZIL 2,Cuiaba,Fortaleza EC,18:00,20.0,1.47,LIQUIDADO,1,1,1-1,GREEN,0.05,5.0,0.9524,2026-09-11 23:11,b365:fuzzy0.95
2026-08-09,Lay Over 4.5 (Under Pesado),ARGENTINA 1,Gimnasia La Plata,Barracas Central,17:45,19.0,1.49,LIQUIDADO,2,0,2-0,GREEN,0.05278,5.28,0.9499,2026-09-11 23:11,betfair:fuzzy0.90
2026-08-10,Lay 0x3 Top 3,ROMANIA 1,ACS Sepsi OSK,FCSB,15:30,22.0,,SEM_PLACAR,,,,,,,0.9567,,
2026-08-10,Lay 0x3 Top 3,ECUADOR 1,Libertad FC,Univ Catolica (Ecu),18:30,23.0,,LIQUIDADO,2,1,2-1,GREEN,0.04318,4.32,0.9586,2026-09-11 23:11,betfair:fuzzy0.82
2026-08-10,Lay 0x3 Top 3,POLAND 2,Unia Skierniewice,Arka Gdynia,14:00,25.0,,LIQUIDADO,2,0,2-0,GREEN,0.03958,3.96,0.9619,2026-09-11 23:11,b365:fuzzy0.93
2026-08-10,Lay 2x2 Top 3,ECUADOR 1,Libertad FC,Univ Catolica (Ecu),18:30,18.5,,LIQUIDADO,2,1,2-1,GREEN,0.05429,5.43,0.9485,2026-09-11 23:11,betfair:fuzzy0.82
2026-08-10,Lay 2x2 Top 3,PORTUGAL 2,Lusitania Futebol Clube,Porto B,14:00,18.0,,SEM_PLACAR,,,,,,,0.9471,,
2026-08-10,Lay 2x2 Top 3,VENEZUELA 1,Rayo Zuliano,Estudiantes de Merida,16:30,19.0,,LIQUIDADO,3,0,3-0,GREEN,0.05278,5.28,0.9499,2026-09-11 23:11,betfair:fuzzy0.97
2026-08-10,Lay Draw (Fav<=1.40),SWEDEN 1,Sirius,Brommapojkarna,14:00,5.8,1.4,LIQUIDADO,2,2,2-2,RED,-1.0,-100.0,0.8348,2026-09-11 23:04,
2026-08-11,Lay 0x3 Top 3,COLOMBIA 2,Boca Juniors de Cali,Union Magdalena,21:45,32.0,,SEM_PLACAR,,,,,,,0.9703,,
2026-08-11,Lay 2x2 Top 3,BRAZIL 2,Avai,CRB,19:30,19.5,,LIQUIDADO,0,1,0-1,GREEN,0.05135,5.14,0.9512,2026-09-11 23:04,
2026-08-11,Lay 2x2 Top 3,COLOMBIA 1,Ind Medellin,Millonarios,20:00,19.5,,SEM_PLACAR,,,,,,,0.9512,,
2026-08-11,Lay 2x2 Top 3,COLOMBIA 2,Real Santander,Barranquilla,17:30,20.0,,SEM_PLACAR,,,,,,,0.9524,,
2026-08-11,Lay Draw (Fav<=1.40),COPA SUDAMERICANA,Boca Juniors,Deportivo Recoleta,19:00,7.2,1.24,SEM_PLACAR,,,,,,,0.8671,,
2026-08-11,Lay Draw (Fav<=1.40),EUROPA CHAMPIONS LEAGUE,Crvena Zvezda,Hapoel Beer Sheva,15:00,6.8,1.3,LIQUIDADO,0,2,0-2,GREEN,0.16379,16.38,0.8593,2026-09-11 23:11,b365:fuzzy0.80
2026-08-11,Lay Draw (Fav<=1.40),COLOMBIA 1,Junior FC Barranquilla,Deportivo Pereira,22:05,5.7,1.36,SEM_PLACAR,,,,,,,0.8319,,
2026-08-11,Lay Draw (Fav<=1.40),EUROPA CHAMPIONS LEAGUE,Lyon,Sparta Prague,16:00,6.0,1.4,LIQUIDADO,3,0,3-0,GREEN,0.19,19.0,0.8403,2026-09-11 23:11,b365:fuzzy0.81
2026-08-11,Lay Home/DC X2 (FavVis<=1.65),EUROPA CHAMPIONS LEAGUE,FK Kauno Zalgiris,Dinamo Zagreb,14:00,8.8,1.45,SEM_PLACAR,,,,,,,0.8914,,
2026-08-11,Lay Home/DC X2 (FavVis<=1.65),PARAGUAY CUP,Independiente FBC,Club Sportivo Ameliano,16:30,8.2,1.51,SEM_PLACAR,,,,,,,0.8834,,
2026-08-11,Lay Home/DC X2 (FavVis<=1.65),SOUTH AFRICA 1,TS Galaxy FC,Mamelodi Sundowns,14:30,8.6,1.52,LIQUIDADO,2,3,2-3,GREEN,0.125,12.5,0.8889,2026-09-11 23:11,betfair:fuzzy0.94
2026-08-12,Lay 0x3 Top 3,ARGENTINA CUP,Atl Tucuman,CA Independiente,19:15,27.0,,SEM_PLACAR,,,,,,,0.9647,,
2026-08-12,Lay 2x2 Top 3,CHILE 2,Deportes Recoleta,CSD Rangers,19:00,19.0,,SEM_PLACAR,,,,,,,0.9499,,
2026-08-12,Lay 2x2 Top 3,EUROPA CONFERENCE LEAGUE,GKS Katowice,Hapoel Tel Aviv,13:00,19.0,,LIQUIDADO,2,1,2-1,GREEN,0.05278,5.28,0.9499,2026-09-11 23:11,b365:fuzzy0.89
2026-08-12,Lay Draw (Fav<=1.40),EUROPA CONFERENCE LEAGUE,FC Copenhagen,Debreceni VSC,13:00,6.2,1.33,SEM_PLACAR,,,,,,,0.8455,,
2026-08-12,Lay Draw (Fav<=1.40),COPA LIBERTADORES,SE Palmeiras,Cerro Porteno,19:00,5.5,1.32,LIQUIDADO,1,1,1-1,RED,-1.0,-100.0,0.8257,2026-09-11 23:11,b365:fuzzy0.84
2026-08-12,Lay Draw (Fav<=1.40),PARAGUAY CUP,Sportivo Iteno,Guarani (Par),16:30,5.9,1.35,SEM_PLACAR,,,,,,,0.8376,,
2026-08-12,Lay Home/DC X2 (FavVis<=1.65),PARAGUAY CUP,29 de Setiembre,Sportivo San Lorenzo,14:00,9.2,1.5,SEM_PLACAR,,,,,,,0.8962,,
2026-08-12,Lay Home/DC X2 (FavVis<=1.65),SOUTH AFRICA 1,AmaZulu,Orlando Pirates (SA),14:30,9.2,1.57,LIQUIDADO,1,1,1-1,GREEN,0.11585,11.59,0.8962,2026-09-11 23:11,betfair:fuzzy0.97
2026-08-12,Lay Over 4.5 (Under Pesado),SOUTH AFRICA 1,Durban City,Golden Arrows,14:30,20.0,1.49,LIQUIDADO,0,0,0-0,GREEN,0.05,5.0,0.9524,2026-09-11 23:04,
2026-08-13,Lay 0x3 Top 3,EUROPA CONFERENCE LEAGUE,Ilves,Rijeka,13:00,24.0,,SEM_PLACAR,,,,,,,0.9603,,
2026-08-13,Lay 2x2 Top 3,EUROPA LEAGUE,CSKA Sofia,Maccabi Tel Aviv,15:00,17.0,,LIQUIDADO,1,3,1-3,GREEN,0.05937,5.94,0.944,2026-09-11 23:11,b365:fuzzy0.88
2026-08-13,Lay 2x2 Top 3,EUROPA CONFERENCE LEAGUE,ML Vitebsk,Borac Banja Luka,14:00,17.5,,LIQUIDADO,2,1,2-1,GREEN,0.05758,5.76,0.9456,2026-09-11 23:11,b365:fuzzy0.88
2026-08-13,Lay 2x2 Top 3,CHILE 2,San Luis,Deportes Temuco,19:00,18.0,,LIQUIDADO,1,1,1-1,GREEN,0.05588,5.59,0.9471,2026-09-11 23:04,
2026-08-13,Lay Draw (Fav<=1.40),EUROPA LEAGUE,Besiktas,Hradec Kralove,14:00,6.4,1.31,LIQUIDADO,1,0,1-0,GREEN,0.17593,17.59,0.8504,2026-09-11 23:11,b365:fuzzy0.87
2026-08-13,Lay Draw (Fav<=1.40),PARAGUAY CUP,Fernando De La Mora,Club Atletico Tembetary,16:30,7.6,1.37,SEM_PLACAR,,,,,,,0.8742,,
2026-08-13,Lay Draw (Fav<=1.40),EUROPA CONFERENCE LEAGUE,Hajduk Split,VMFD Zalgiris,16:00,6.2,1.36,SEM_PLACAR,,,,,,,0.8455,,
2026-08-13,Lay Draw (Fav<=1.40),EUROPA CONFERENCE LEAGUE,Midtjylland,Bohemians,14:00,7.8,1.22,LIQUIDADO,3,2,3-2,GREEN,0.13971,13.97,0.8774,2026-09-11 23:11,b365:fuzzy0.87
2026-08-13,Lay Draw (Fav<=1.40),EUROPA LEAGUE,Omonia,Lincoln Red Imps,14:00,9.2,1.19,LIQUIDADO,1,0,1-0,GREEN,0.11585,11.59,0.8962,2026-09-11 23:11,b365:fuzzy0.85
2026-08-13,Lay Draw (Fav<=1.40),EUROPA CONFERENCE LEAGUE,Shelbourne,Ajax,15:45,7.6,1.25,SEM_PLACAR,,,,,,,0.8742,,
2026-08-13,Lay Draw (Fav<=1.40),EUROPA CONFERENCE LEAGUE,St Gallen,Sheriff Tiraspol,15:00,6.8,1.33,LIQUIDADO,5,1,5-1,GREEN,0.16379,16.38,0.8593,2026-09-11 23:11,b365:fuzzy0.88
2026-08-13,Lay Home/DC X2 (FavVis<=1.65),SAUDI ARABIA 1,Al-Shabab (KSA),Al-Quadisiya (KSA),15:00,5.6,1.62,SEM_PLACAR,,,,,,,0.8288,,
2026-08-13,Lay Home/DC X2 (FavVis<=1.65),ICELAND 2,Grindavik,Throttur,15:00,5.9,1.6,LIQUIDADO,2,1,2-1,RED,-1.0,-100.0,0.8376,2026-09-11 23:04,
2026-08-13,Lay Home/DC X2 (FavVis<=1.65),EUROPA LEAGUE,Hearts,Benfica,15:45,6.8,1.52,LIQUIDADO,1,1,1-1,GREEN,0.16379,16.38,0.8593,2026-09-11 23:11,b365:fuzzy0.81
2026-08-13,Lay Home/DC X2 (FavVis<=1.65),EUROPA CONFERENCE LEAGUE,NSI Runavik,Lugano,14:30,7.8,1.45,LIQUIDADO,2,2,2-2,GREEN,0.13971,13.97,0.8774,2026-09-11 23:11,b365:fuzzy0.83
2026-08-14,Lay 0x3 Top 3,FRANCE 2,Laval,Nantes,15:45,24.0,,LIQUIDADO,2,1,2-1,GREEN,0.0413,4.13,0.9603,2026-09-11 23:04,
2026-08-14,Lay 0x3 Top 3,BRAZIL 2,Ponte Preta,Nautico PE,19:30,26.0,,LIQUIDADO,1,1,1-1,GREEN,0.038,3.8,0.9634,2026-09-11 23:11,b365:fuzzy0.94
2026-08-14,Lay 0x3 Top 3,JAPAN 1,Tokyo-V,Kashiwa,07:00,25.0,,SEM_PLACAR,,,,,,,0.9619,,
2026-08-14,Lay 2x2 Top 3,FRANCE 2,Annecy,Rodez,15:45,16.5,,LIQUIDADO,2,0,2-0,GREEN,0.06129,6.13,0.9422,2026-09-11 23:04,
2026-08-14,Lay 2x2 Top 3,SWEDEN 2,Landskrona,Oddevold,14:00,17.5,,LIQUIDADO,1,1,1-1,GREEN,0.05758,5.76,0.9456,2026-09-11 23:04,
2026-08-14,Lay 2x2 Top 3,CHILE 1,Univ de Concepcion,La Serena,20:00,17.5,,LIQUIDADO,0,2,0-2,GREEN,0.05758,5.76,0.9456,2026-09-11 23:11,betfair:fuzzy0.95
2026-08-14,Lay Draw (Fav<=1.40),BOLIVIA 1,Bolivar,San Antonio Bulo Bulo,21:00,9.4,1.23,LIQUIDADO,4,1,4-1,GREEN,0.1131,11.31,0.8984,2026-09-11 23:11,betfair:fuzzy0.86
2026-08-14,Lay Draw (Fav<=1.40),WALES 1,Connahs Quay,Trefelin,15:45,7.6,1.26,LIQUIDADO,6,0,6-0,GREEN,0.14394,14.39,0.8742,2026-09-11 23:11,betfair:fuzzy0.92
2026-08-14,Lay Draw (Fav<=1.40),PERU 1,Cusco FC,Juan Pablo II College,20:00,6.6,1.34,SEM_PLACAR,,,,,,,0.855,,
2026-08-14,Lay Draw (Fav<=1.40),SERBIA 2,FK Spartak,FK Teleoptik Zemun,15:00,6.4,1.31,SEM_PLACAR,,,,,,,0.8504,,
2026-08-14,Lay Draw (Fav<=1.40),TURKEY 1,Galatasaray,Corum Belediyespor,15:30,5.9,1.34,SEM_PLACAR,,,,,,,0.8376,,
2026-08-14,Lay Draw (Fav<=1.40),ECUADOR 1,Independiente (Ecu),Delfin,21:00,8.2,1.23,SEM_PLACAR,,,,,,,0.8834,,
2026-08-14,Lay Draw (Fav<=1.40),WALES 1,Llandudno FC,Holywell Town,15:45,6.2,1.38,LIQUIDADO,3,1,3-1,GREEN,0.18269,18.27,0.8455,2026-09-11 23:11,b365:fuzzy0.85
2026-08-14,Lay Draw (Fav<=1.40),PORTUGAL 1,Sporting Lisbon,Guimaraes,16:15,6.0,1.36,SEM_PLACAR,,,,,,,0.8403,,
2026-08-14,Lay Draw (Fav<=1.40),WALES 1,The New Saints,Briton Ferry Llansawel,15:45,9.6,1.21,SEM_PLACAR,,,,,,,0.9005,,
2026-08-14,Lay Home/DC X2 (FavVis<=1.65),EUROPA LEAGUE,Klaksvikar Itrottarfelag,Lech Poznan,15:00,6.6,1.61,SEM_PLACAR,,,,,,,0.855,,
2026-08-14,Lay Over 4.5 (Under Pesado),SERBIA 2,FK Loznica,FK Borac Cacak,15:00,18.0,1.48,SEM_PLACAR,,,,,,,0.9471,,
2026-08-15,Lay 0x3 Top 3,TURKEY 1,Kasimpasa,Trabzonspor,13:00,24.0,,LIQUIDADO,1,1,1-1,GREEN,0.0413,4.13,0.9603,2026-09-11 23:04,
2026-08-15,Lay 0x3 Top 3,ENGLAND 3,Notts Co,Leicester,08:30,25.0,,LIQUIDADO,1,1,1-1,GREEN,0.03958,3.96,0.9619,2026-09-11 23:11,b365:fuzzy0.89
2026-08-15,Lay 0x3 Top 3,JAPAN 1,Urawa,Hiroshima,07:00,25.0,,SEM_PLACAR,,,,,,,0.9619,,
2026-08-15,Lay 2x2 Top 3,ENGLAND 2,Bristol City,Millwall,11:00,16.5,,LIQUIDADO,0,2,0-2,GREEN,0.06129,6.13,0.9422,2026-09-11 23:04,
2026-08-15,Lay 2x2 Top 3,SOUTH KOREA 1,FC Seoul,Daejeon Citizen,07:30,17.0,,SEM_PLACAR,,,,,,,0.944,,
2026-08-15,Lay 2x2 Top 3,POLAND 1,Zaglebie Lubin,Slask Wroclaw,09:45,16.0,,LIQUIDADO,2,1,2-1,GREEN,0.06333,6.33,0.9404,2026-09-11 23:11,betfair:fuzzy0.88
2026-08-15,Lay Draw (Fav<=1.40),PERU 1,Alianza Lima,UTC Cajamarca,21:30,7.0,1.26,LIQUIDADO,1,0,1-0,GREEN,0.15833,15.83,0.8633,2026-09-11 23:11,betfair:fuzzy0.93
2026-08-15,Lay Draw (Fav<=1.40),ROMANIA 2,CSM Scolar Resita,CSL Stefanestii de Jos,05:00,7.0,1.31,SEM_PLACAR,,,,,,,0.8633,,
2026-08-15,Lay Draw (Fav<=1.40),CZECH 1,Plzen,Zlin,15:00,6.4,1.3,LIQUIDADO,3,2,3-2,GREEN,0.17593,17.59,0.8504,2026-09-11 23:04,
2026-08-15,Lay Draw (Fav<=1.40),VENEZUELA 1,Puerto Cabello,Rayo Zuliano,20:30,5.7,1.35,LIQUIDADO,2,0,2-0,GREEN,0.20213,20.21,0.8319,2026-09-11 23:04,
2026-08-15,Lay Draw (Fav<=1.40),PORTUGAL 1,Rio Ave,Porto,16:30,5.2,1.4,LIQUIDADO,0,2,0-2,GREEN,0.22619,22.62,0.8155,2026-09-11 23:11,betfair:fuzzy0.92
2026-08-15,Lay Draw (Fav<=1.40),GERMANY 3,Rot-Weiss Essen,TSV Havelse,09:00,7.4,1.3,LIQUIDADO,1,0,1-0,GREEN,0.14844,14.84,0.8707,2026-09-11 23:11,betfair:fuzzy0.85
2026-08-15,Lay Draw (Fav<=1.40),SLOVAKIA 1,Slovan Bratislava,Ruzomberok,13:00,6.6,1.34,LIQUIDADO,5,0,5-0,GREEN,0.16964,16.96,0.855,2026-09-11 23:04,
2026-08-15,Lay Home/DC X2 (FavVis<=1.65),MEXICO 1,Atlante,Toluca,20:00,6.2,1.6,LIQUIDADO,0,0,0-0,GREEN,0.18269,18.27,0.8455,2026-09-11 23:04,
2026-08-15,Lay Home/DC X2 (FavVis<=1.65),NETHERLANDS 1,Excelsior,PSV,15:00,7.6,1.46,LIQUIDADO,1,2,1-2,GREEN,0.14394,14.39,0.8742,2026-09-11 23:04,
2026-08-15,Lay Home/DC X2 (FavVis<=1.65),FINLAND 1,IFK Mariehamn,SJK,13:00,5.4,1.65,LIQUIDADO,2,0,2-0,RED,-1.0,-100.0,0.8224,2026-09-11 23:11,betfair:fuzzy0.93
2026-08-15,Lay Home/DC X2 (FavVis<=1.65),BELGIUM 1,Oud-Heverlee Leuven,Club Brugge,15:45,7.2,1.53,SEM_PLACAR,,,,,,,0.8671,,
2026-08-15,Lay Home/DC X2 (FavVis<=1.65),NETHERLANDS 1,Willem II,NEC Nijmegen,11:30,5.5,1.64,LIQUIDADO,1,4,1-4,GREEN,0.21111,21.11,0.8257,2026-09-11 23:11,betfair:fuzzy0.92
2026-08-15,Lay Over 4.5 (Under Pesado),SOUTH AFRICA 1,Amazulu,Siwelele FC,10:00,18.5,1.48,LIQUIDADO,2,0,2-0,GREEN,0.05429,5.43,0.9485,2026-09-11 23:11,betfair:fuzzy0.94
2026-08-15,Lay Over 4.5 (Under Pesado),ARGENTINA 1,Estudiantes,Gimnasia La Plata,16:45,19.5,1.5,LIQUIDADO,4,0,4-0,GREEN,0.05135,5.14,0.9512,2026-09-11 23:11,betfair:fuzzy0.86
2026-08-15,Lay Over 4.5 (Under Pesado),SOUTH AFRICA 1,Milford,Kruger United FC,15:00,20.0,1.47,LIQUIDADO,2,1,2-1,GREEN,0.05,5.0,0.9524,2026-09-11 23:11,b365:fuzzy0.90
2026-08-16,Lay 0x3 Top 3,BRAZIL 1,Mirassol,Flamengo,18:30,22.0,,LIQUIDADO,1,5,1-5,GREEN,0.04524,4.52,0.9567,2026-09-11 23:11,betfair:fuzzy0.94
2026-08-16,Lay 0x3 Top 3,ROMANIA 1,Otelul Galati,Universitatea Craiova,12:30,22.0,,SEM_PLACAR,,,,,,,0.9567,,
2026-08-16,Lay 0x3 Top 3,PARAGUAY 1,Sportivo Luqueno,Libertad,16:00,24.0,,SEM_PLACAR,,,,,,,0.9603,,
2026-08-16,Lay 2x2 Top 3,NETHERLANDS 1,Ajax,Heerenveen,11:45,17.0,,LIQUIDADO,2,2,2-2,RED,-1.0,-100.0,0.944,2026-09-11 23:04,
2026-08-16,Lay 2x2 Top 3,PORTUGAL 1,CD Nacional Funchal,Estoril Praia,11:30,16.0,,SEM_PLACAR,,,,,,,0.9404,,
2026-08-16,Lay 2x2 Top 3,SOUTH KOREA 1,Ulsan Hyundai Horang-i,Gangwon,07:30,17.0,,SEM_PLACAR,,,,,,,0.944,,
2026-08-16,Lay Draw (Fav<=1.40),BOLIVIA 1,Always Ready,Real Potosi,16:00,6.8,1.35,LIQUIDADO,1,1,1-1,RED,-1.0,-100.0,0.8593,2026-09-11 23:04,
2026-08-16,Lay Draw (Fav<=1.40),BULGARIA 1,CSKA Sofia,Botev Vratsa,13:00,5.6,1.33,LIQUIDADO,5,0,5-0,GREEN,0.20652,20.65,0.8288,2026-09-11 23:04,
2026-08-16,Lay Draw (Fav<=1.40),NETHERLANDS 1,FC Twente,PEC Zwolle,09:30,7.4,1.29,LIQUIDADO,3,1,3-1,GREEN,0.14844,14.84,0.8707,2026-09-11 23:11,betfair:fuzzy0.83
2026-08-16,Lay Draw (Fav<=1.40),NETHERLANDS 1,Feyenoord,Go Ahead Eagles,09:30,7.4,1.29,LIQUIDADO,2,2,2-2,RED,-1.0,-100.0,0.8707,2026-09-11 23:11,betfair:fuzzy0.88
2026-08-16,Lay Draw (Fav<=1.40),ESTONIA 1,Harju JK Laagri,FCI Tallinn,13:00,7.6,1.27,SEM_PLACAR,,,,,,,0.8742,,
2026-08-16,Lay Draw (Fav<=1.40),SOUTH KOREA 2,Seoul E-Land FC,Ansan Greeners FC,07:30,5.9,1.35,LIQUIDADO,3,1,3-1,GREEN,0.19388,19.39,0.8376,2026-09-11 23:11,betfair:fuzzy0.92
2026-08-16,Lay Draw (Fav<=1.40),ESTONIA 1,Tallinna FC Flora,Kuressaare,13:00,6.2,1.37,SEM_PLACAR,,,,,,,0.8455,,
2026-08-16,Lay Draw (Fav<=1.40),AUSTRIA 1,WSG Wattens,Red Bull Salzburg,12:00,6.4,1.36,SEM_PLACAR,,,,,,,0.8504,,
2026-08-16,Lay Home/DC X2 (FavVis<=1.65),MEXICO 1,Santos Laguna,Guadalajara,22:10,5.8,1.61,LIQUIDADO,0,1,0-1,GREEN,0.19792,19.79,0.8348,2026-09-11 23:11,betfair:fuzzy0.89
2026-08-16,Lay Home/DC X2 (FavVis<=1.65),BOSNIA 1,Sloga Doboj,Borac Banja Luka,14:00,7.8,1.61,SEM_PLACAR,,,,,,,0.8774,,
2026-08-16,Lay Home/DC X2 (FavVis<=1.65),AUSTRIA 1,WSG Wattens,Red Bull Salzburg,12:00,9.8,1.36,SEM_PLACAR,,,,,,,0.9026,,
2026-08-16,Lay Over 4.5 (Under Pesado),CZECH 1,Bohemians 1905,FK Jablonec,12:00,12.5,1.32,SEM_PLACAR,,,,,,,0.9237,,
2026-08-17,Lay 0x3 Top 3,ECUADOR 1,Macara,Univ Catolica (Ecu),21:00,34.0,,LIQUIDADO,1,1,1-1,GREEN,0.02879,2.88,0.972,2026-09-11 23:11,betfair:fuzzy0.88
2026-08-17,Lay 0x3 Top 3,MEXICO 1,Tijuana,Cruz Azul,00:00,32.0,,LIQUIDADO,2,1,2-1,GREEN,0.03065,3.06,0.9703,2026-09-11 23:11,betfair:fuzzy0.89
2026-08-17,Lay 2x2 Top 3,CHILE 2,Club Deportes Santa Cruz,San Luis,19:00,18.5,,LIQUIDADO,0,2,0-2,GREEN,0.05429,5.43,0.9485,2026-09-11 23:11,b365:fuzzy0.84
2026-08-17,Lay 2x2 Top 3,MEXICO 1,Necaxa,Leon,22:00,17.0,,LIQUIDADO,1,2,1-2,GREEN,0.05937,5.94,0.944,2026-09-11 23:11,betfair:fuzzy0.83
2026-08-17,Lay 2x2 Top 3,BULGARIA 1,Spartak Varna,Septemvri,13:00,19.5,,LIQUIDADO,0,1,0-1,GREEN,0.05135,5.14,0.9512,2026-09-11 23:11,betfair:fuzzy0.89
2026-08-17,Lay Draw (Fav<=1.40),PORTUGAL 1,Casa Pia,Benfica,16:15,7.4,1.24,LIQUIDADO,0,7,0-7,GREEN,0.14844,14.84,0.8707,2026-09-11 23:04,
2026-08-17,Lay Draw (Fav<=1.40),SWEDEN 1,Hacken,Halmstads,14:00,6.4,1.37,LIQUIDADO,1,0,1-0,GREEN,0.17593,17.59,0.8504,2026-09-11 23:11,betfair:fuzzy0.97
2026-08-17,Lay Over 4.5 (Under Pesado),ARGENTINA 1,Gimnasia Mendoza,Talleres,21:30,20.0,1.49,LIQUIDADO,3,1,3-1,GREEN,0.05,5.0,0.9524,2026-09-11 23:11,betfair:fuzzy0.85
2026-08-17,Lay Over 4.5 (Under Pesado),ARGENTINA 1,Lanus,CA Independiente,17:00,20.0,1.47,LIQUIDADO,1,3,1-3,GREEN,0.05,5.0,0.9524,2026-09-11 23:11,betfair:fuzzy0.96
2026-08-18,Lay 2x2 Top 3,EUROPA CHAMPIONS LEAGUE,PFC Levski Sofia,AEK Athens,16:00,19.5,,LIQUIDADO,0,0,0-0,GREEN,0.05135,5.14,0.9512,2026-09-11 23:11,b365:fuzzy0.82
2026-08-18,Lay Over 4.5 (Under Pesado),BRAZIL 2,Goias,Juventude,21:35,18.0,1.5,LIQUIDADO,0,1,0-1,GREEN,0.05588,5.59,0.9471,2026-09-11 23:04,
2026-08-18,Lay Over 4.5 (Under Pesado),COPA LIBERTADORES,Independiente Rivadavia,Fluminense,19:00,19.0,1.5,SEM_PLACAR,,,,,,,0.9499,,
2026-08-19,Lay 0x3 Top 3,COPA LIBERTADORES,Cerro Porteno,SE Palmeiras,19:00,21.0,,LIQUIDADO,0,1,0-1,GREEN,0.0475,4.75,0.9547,2026-09-11 23:11,b365:fuzzy0.84
2026-08-19,Lay 0x3 Top 3,SERBIA 2,FK Bor 1919,Vozdovac,14:00,34.0,,LIQUIDADO,2,2,2-2,GREEN,0.02879,2.88,0.972,2026-09-11 23:11,b365:fuzzy0.94
2026-08-19,Lay 0x3 Top 3,SERBIA 2,FK Teleoptik Zemun,FK Napredak,14:00,34.0,,LIQUIDADO,1,1,1-1,GREEN,0.02879,2.88,0.972,2026-09-11 23:11,b365:fuzzy0.80
2026-08-19,Lay 2x2 Top 3,BRAZIL 2,Avai,Sport Recife,19:30,20.0,,LIQUIDADO,2,1,2-1,GREEN,0.05,5.0,0.9524,2026-09-11 23:04,
2026-08-19,Lay 2x2 Top 3,CHINA 1,Shanghai Port FC,Dalian Yingbo,08:35,19.5,,LIQUIDADO,1,1,1-1,GREEN,0.05135,5.14,0.9512,2026-09-11 23:11,betfair:fuzzy0.96
2026-08-19,Lay Draw (Fav<=1.40),SPAIN 1,Atletico Madrid,Malaga,16:00,5.5,1.39,LIQUIDADO,2,0,2-0,GREEN,0.21111,21.11,0.8257,2026-09-11 23:11,betfair:fuzzy0.89
2026-08-19,Lay Draw (Fav<=1.40),SOUTH AFRICA 1,Mamelodi Sundowns,Marumo Gallants FC,14:30,6.6,1.27,LIQUIDADO,2,0,2-0,GREEN,0.16964,16.96,0.855,2026-09-11 23:11,betfair:fuzzy0.97
2026-08-19,Lay Draw (Fav<=1.40),BRAZIL 2,Vila Nova,Ponte Preta,20:30,5.1,1.4,LIQUIDADO,6,0,6-0,GREEN,0.23171,23.17,0.8119,2026-09-11 23:11,betfair:fuzzy0.94
2026-08-19,Lay Home/DC X2 (FavVis<=1.65),PARAGUAY CUP,Paraguari AC,Sportivo Luqueno,16:30,7.6,1.54,SEM_PLACAR,,,,,,,0.8742,,
2026-08-19,Lay Over 4.5 (Under Pesado),COPA LIBERTADORES,Coquimbo Unido,CA Platense,19:00,20.0,1.48,SEM_PLACAR,,,,,,,0.9524,,
2026-08-20,Lay 0x3 Top 3,EUROPA CONFERENCE LEAGUE,Dinamo Tirana,Pafos FC,16:00,25.0,,SEM_PLACAR,,,,,,,0.9619,,
2026-08-20,Lay 0x3 Top 3,EUROPA CONFERENCE LEAGUE,Gornik Zabrze,Monaco,15:00,26.0,,LIQUIDADO,2,3,2-3,GREEN,0.038,3.8,0.9634,2026-09-11 23:11,b365:fuzzy0.84
2026-08-20,Lay 0x3 Top 3,EUROPA LEAGUE,Kairat Almaty,Anderlecht,12:00,29.0,,LIQUIDADO,0,3,0-3,RED,-1.0,-100.0,0.9672,2026-09-11 23:11,b365:fuzzy0.88
2026-08-20,Lay 2x2 Top 3,COLOMBIA 2,Real Santander,Barranquilla,17:30,18.0,,LIQUIDADO,2,2,2-2,RED,-1.0,-100.0,0.9471,2026-09-11 23:04,
2026-08-20,Lay 2x2 Top 3,ENGLAND 3,Sheff Wed,Bradford,16:00,17.0,,LIQUIDADO,0,1,0-1,GREEN,0.05937,5.94,0.944,2026-09-11 23:11,b365:fuzzy0.80
2026-08-20,Lay 2x2 Top 3,DENMARK 2,Vendsyssel FF,Hillerod Fodbold,14:00,18.5,,LIQUIDADO,1,0,1-0,GREEN,0.05429,5.43,0.9485,2026-09-11 23:11,betfair:fuzzy0.80
2026-08-20,Lay Draw (Fav<=1.40),SAUDI ARABIA 1,Al-Feiha,Al-Hilal,15:00,7.4,1.25,LIQUIDADO,0,3,0-3,GREEN,0.14844,14.84,0.8707,2026-09-11 23:11,b365:fuzzy0.86
2026-08-20,Lay Draw (Fav<=1.40),EUROPA CONFERENCE LEAGUE,Atalanta,Hapoel Tel Aviv,15:30,8.2,1.2,LIQUIDADO,0,0,0-0,RED,-1.0,-100.0,0.8834,2026-09-11 23:11,b365:fuzzy0.87
2026-08-20,Lay Draw (Fav<=1.40),EUROPA LEAGUE,Benfica,AGF,16:00,9.6,1.17,SEM_PLACAR,,,,,,,0.9005,,
2026-08-20,Lay Draw (Fav<=1.40),EUROPA LEAGUE,Jagiellonia Bialystock,FC Iberia 1999,13:00,5.3,1.4,SEM_PLACAR,,,,,,,0.819,,
2026-08-20,Lay Draw (Fav<=1.40),PARAGUAY CUP,Tacuary,Libertad,16:30,10.0,1.18,SEM_PLACAR,,,,,,,0.9045,,
2026-08-20,Lay Home/DC X2 (FavVis<=1.65),EUROPA CONFERENCE LEAGUE,FC Inter Turku,FC Copenhagen,13:00,6.6,1.58,LIQUIDADO,0,0,0-0,GREEN,0.16964,16.96,0.855,2026-09-11 23:11,b365:fuzzy0.84
2026-08-20,Lay Home/DC X2 (FavVis<=1.65),EUROPA CONFERENCE LEAGUE,Tromso,Brighton,14:00,7.0,1.55,LIQUIDADO,0,0,0-0,GREEN,0.15833,15.83,0.8633,2026-09-11 23:11,b365:fuzzy0.82
2026-08-20,Lay Over 4.5 (Under Pesado),MEXICO 2,Club Atletico Morelia,Correcaminos UAT,22:00,11.0,1.01,SEM_PLACAR,,,,,,,0.9132,,
2026-08-21,Lay 0x3 Top 3,ROMANIA 1,ACS Petrolul 52,Rapid Bucharest,14:30,30.0,,SEM_PLACAR,,,,,,,0.9683,,
2026-08-21,Lay 0x3 Top 3,EGYPT 1,Abo Qair Semads,National Bank,14:00,30.0,,LIQUIDADO,1,0,1-0,GREEN,0.03276,3.28,0.9683,2026-09-11 23:11,b365:fuzzy0.83
2026-08-21,Lay 0x3 Top 3,VENEZUELA 1,Caracas,Carabobo FC,20:00,23.0,,LIQUIDADO,1,1,1-1,GREEN,0.04318,4.32,0.9586,2026-09-11 23:11,betfair:fuzzy0.94
2026-08-21,Lay 2x2 Top 3,CHILE 1,Audax Italiano,Union La Calera,21:30,18.0,,LIQUIDADO,0,0,0-0,GREEN,0.05588,5.59,0.9471,2026-09-11 23:11,betfair:fuzzy0.91
2026-08-21,Lay 2x2 Top 3,POLAND 2,Chrobry Glogow,Warta Poznan,13:00,18.0,,LIQUIDADO,0,1,0-1,GREEN,0.05588,5.59,0.9471,2026-09-11 23:04,
2026-08-21,Lay 2x2 Top 3,ITALY 3,Potenza,S.S.D. Casarano Calcio,16:00,17.0,,LIQUIDADO,4,1,4-1,GREEN,0.05937,5.94,0.944,2026-09-11 23:11,betfair:fuzzy0.82
2026-08-21,Lay Draw (Fav<=1.40),ICELAND 2,Aegir,Afturelding,15:00,8.0,1.27,LIQUIDADO,0,7,0-7,GREEN,0.13571,13.57,0.8805,2026-09-11 23:04,
2026-08-21,Lay Draw (Fav<=1.40),SAUDI ARABIA 1,Al Riyadh SC,Al Nassr,13:00,7.4,1.28,LIQUIDADO,0,4,0-4,GREEN,0.14844,14.84,0.8707,2026-09-11 23:11,betfair:fuzzy0.94
2026-08-21,Lay Draw (Fav<=1.40),ENGLAND 1,Arsenal,Coventry,16:00,7.8,1.22,LIQUIDADO,3,0,3-0,GREEN,0.13971,13.97,0.8774,2026-09-11 23:04,
2026-08-21,Lay Draw (Fav<=1.40),WALES 1,Cardiff Metropolitan,The New Saints,15:45,5.8,1.37,SEM_PLACAR,,,,,,,0.8348,,
2026-08-21,Lay Draw (Fav<=1.40),CZECH 1,MFK Karvina,Zizkov,13:00,6.2,1.38,LIQUIDADO,3,0,3-0,GREEN,0.18269,18.27,0.8455,2026-09-11 23:11,b365:fuzzy0.91
2026-08-21,Lay Draw (Fav<=1.40),BOSNIA 1,Sarajevo,FK BSK Banja Luka,15:00,6.2,1.32,LIQUIDADO,1,0,1-0,GREEN,0.18269,18.27,0.8455,2026-09-11 23:11,b365:fuzzy0.91
2026-08-21,Lay Draw (Fav<=1.40),BOLIVIA 1,The Strongest,Universitario de Vinto,19:30,6.0,1.4,LIQUIDADO,4,3,4-3,GREEN,0.19,19.0,0.8403,2026-09-11 23:04,
2026-08-21,Lay Draw (Fav<=1.40),ITALY 3,Union Brescia,Carpi,16:00,5.5,1.36,LIQUIDADO,3,1,3-1,GREEN,0.21111,21.11,0.8257,2026-09-11 23:11,betfair:fuzzy0.87
2026-08-21,Lay Home/DC X2 (FavVis<=1.65),TURKEY 1,Erzurum BB,Galatasaray,15:30,7.4,1.56,LIQUIDADO,0,4,0-4,GREEN,0.14844,14.84,0.8707,2026-09-11 23:11,b365:fuzzy0.85
2026-08-21,Lay Home/DC X2 (FavVis<=1.65),CROATIA 1,Rudes,Lokomotiva,15:00,6.8,1.61,SEM_PLACAR,,,,,,,0.8593,,
2026-08-21,Lay Home/DC X2 (FavVis<=1.65),IRELAND 2,Treaty United,Cork City,15:45,8.0,1.53,LIQUIDADO,2,2,2-2,GREEN,0.13571,13.57,0.8805,2026-09-11 23:04,
2026-08-22,Lay 0x3 Top 3,SOUTH KOREA 1,FC Anyang,FC Seoul,07:30,22.0,,LIQUIDADO,0,7,0-7,GREEN,0.04524,4.52,0.9567,2026-09-11 23:11,betfair:fuzzy0.85
2026-08-22,Lay 0x3 Top 3,ITALY 1,Udinese,Como,13:30,19.5,,LIQUIDADO,1,1,1-1,GREEN,0.05135,5.14,0.9512,2026-09-11 23:04,
2026-08-22,Lay 0x3 Top 3,JAPAN 2,Yamagata,Yokohama FC,07:00,23.0,,LIQUIDADO,2,0,2-0,GREEN,0.04318,4.32,0.9586,2026-09-11 23:11,b365:fuzzy0.83
2026-08-22,Lay 2x2 Top 3,CHINA 1,Beijing Guoan,Yunnan Yukun,09:00,16.5,,LIQUIDADO,3,3,3-3,GREEN,0.06129,6.13,0.9422,2026-09-11 23:04,
2026-08-22,Lay 2x2 Top 3,ITALY 2,Benevento,Modena,16:00,16.5,,LIQUIDADO,1,2,1-2,GREEN,0.06129,6.13,0.9422,2026-09-11 23:04,
2026-08-22,Lay 2x2 Top 3,FRANCE 1,Toulouse,Lyon,15:45,16.0,,LIQUIDADO,0,2,0-2,GREEN,0.06333,6.33,0.9404,2026-09-11 23:04,
2026-08-22,Lay Draw (Fav<=1.40),GREECE 1,AEK Athens,Iraklis,14:00,7.2,1.23,LIQUIDADO,4,0,4-0,GREEN,0.15323,15.32,0.8671,2026-09-11 23:11,b365:fuzzy0.89
2026-08-22,Lay Draw (Fav<=1.40),SAUDI ARABIA 1,Al Ahli,Abha,15:00,7.8,1.22,LIQUIDADO,4,0,4-0,GREEN,0.13971,13.97,0.8774,2026-09-11 23:11,betfair:fuzzy0.93
2026-08-22,Lay Draw (Fav<=1.40),TURKEY 1,Fenerbahce,Konyaspor,15:30,6.6,1.27,LIQUIDADO,4,2,4-2,GREEN,0.16964,16.96,0.855,2026-09-11 23:04,
2026-08-22,Lay Draw (Fav<=1.40),ENGLAND 1,Hull,Man Utd,08:30,5.7,1.38,LIQUIDADO,2,0,2-0,GREEN,0.20213,20.21,0.8319,2026-09-11 23:11,betfair:fuzzy0.82
2026-08-22,Lay Draw (Fav<=1.40),COLOMBIA 1,Ind Medellin,Cucuta Deportivo,22:15,6.8,1.27,SEM_PLACAR,,,,,,,0.8593,,
2026-08-22,Lay Draw (Fav<=1.40),ITALY 1,Inter,AC Monza,13:30,8.8,1.2,LIQUIDADO,4,1,4-1,GREEN,0.12179,12.18,0.8914,2026-09-11 23:11,betfair:fuzzy0.92
2026-08-22,Lay Draw (Fav<=1.40),USA 1,Inter Miami CF,Toronto FC,20:30,6.6,1.38,LIQUIDADO,1,2,1-2,GREEN,0.16964,16.96,0.855,2026-09-11 23:11,betfair:fuzzy0.95
2026-08-22,Lay Draw (Fav<=1.40),BULGARIA 1,Ludogorets,Slavia Sofia,13:00,5.5,1.36,LIQUIDADO,1,1,1-1,RED,-1.0,-100.0,0.8257,2026-09-11 23:04,
2026-08-22,Lay Draw (Fav<=1.40),NETHERLANDS 2,NAC Breda,Jong Ajax Amsterdam,11:30,7.2,1.29,LIQUIDADO,3,2,3-2,GREEN,0.15323,15.32,0.8671,2026-09-11 23:11,betfair:fuzzy0.82
2026-08-22,Lay Draw (Fav<=1.40),GREECE 1,Olympiakos,Atromitos,15:30,7.0,1.23,LIQUIDADO,1,0,1-0,GREEN,0.15833,15.83,0.8633,2026-09-11 23:11,betfair:fuzzy0.83
2026-08-22,Lay Draw (Fav<=1.40),BULGARIA 1,PFC Levski Sofia,Spartak Varna,15:15,6.2,1.31,LIQUIDADO,6,0,6-0,GREEN,0.18269,18.27,0.8455,2026-09-11 23:11,betfair:fuzzy0.94
2026-08-22,Lay Draw (Fav<=1.40),CZECH 1,SK Artis Brno,Sparta Prague,12:00,5.8,1.4,LIQUIDADO,0,4,0-4,GREEN,0.19792,19.79,0.8348,2026-09-11 23:11,b365:fuzzy0.95
2026-08-22,Lay Draw (Fav<=1.40),CZECH 1,Slavia Prague,Bohemians 1905,15:00,6.4,1.34,LIQUIDADO,2,2,2-2,RED,-1.0,-100.0,0.8504,2026-09-11 23:11,betfair:fuzzy0.91
2026-08-22,Lay Draw (Fav<=1.40),PERU 1,Sport Huancayo,Cesar Vallejo Moquegua,13:00,5.7,1.38,SEM_PLACAR,,,,,,,0.8319,,
2026-08-22,Lay Draw (Fav<=1.40),PORTUGAL 1,Sporting Lisbon,Alverca,16:30,8.2,1.23,LIQUIDADO,3,1,3-1,GREEN,0.13194,13.19,0.8834,2026-09-11 23:11,betfair:fuzzy0.83
2026-08-22,Lay Draw (Fav<=1.40),FRANCE 2,St Etienne,Grenoble,15:00,5.4,1.38,LIQUIDADO,4,0,4-0,GREEN,0.21591,21.59,0.8224,2026-09-11 23:04,
2026-08-22,Lay Draw (Fav<=1.40),ECUADOR 1,Univ Catolica (Ecu),Manta FC,16:00,6.2,1.3,SEM_PLACAR,,,,,,,0.8455,,
2026-08-22,Lay Draw (Fav<=1.40),USA 1,Vancouver Whitecaps,FC Dallas,22:30,5.8,1.4,LIQUIDADO,5,0,5-0,GREEN,0.19792,19.79,0.8348,2026-09-11 23:04,
2026-08-22,Lay Home/DC X2 (FavVis<=1.65),SOUTH KOREA 2,Cheonan City,Suwon Bluewings,07:30,6.4,1.57,LIQUIDADO,0,1,0-1,GREEN,0.17593,17.59,0.8504,2026-09-11 23:04,
2026-08-22,Lay Home/DC X2 (FavVis<=1.65),SPAIN 1,Espanyol,Real Madrid,16:30,8.6,1.44,LIQUIDADO,1,2,1-2,GREEN,0.125,12.5,0.8889,2026-09-11 23:04,
2026-08-22,Lay Home/DC X2 (FavVis<=1.65),NETHERLANDS 1,Fortuna Sittard,AZ Alkmaar,11:30,5.7,1.64,LIQUIDADO,0,2,0-2,GREEN,0.20213,20.21,0.8319,2026-09-11 23:11,betfair:fuzzy0.83
2026-08-22,Lay Home/DC X2 (FavVis<=1.65),ESTONIA 1,Harju JK Laagri,Nomme Kalju,13:00,5.6,1.65,LIQUIDADO,1,0,1-0,RED,-1.0,-100.0,0.8288,2026-09-11 23:11,betfair:fuzzy0.83
2026-08-22,Lay Home/DC X2 (FavVis<=1.65),CHINA 1,Meizhou Hakka,Guangdong GZ-Power FC,08:30,8.2,1.47,LIQUIDADO,1,5,1-5,GREEN,0.13194,13.19,0.8834,2026-09-11 23:11,b365:fuzzy0.97
2026-08-22,Lay Home/DC X2 (FavVis<=1.65),VENEZUELA 1,Rayo Zuliano,Deportivo La Guaira,16:30,7.0,1.64,LIQUIDADO,1,4,1-4,GREEN,0.15833,15.83,0.8633,2026-09-11 23:11,betfair:fuzzy0.82
2026-08-22,Lay Home/DC X2 (FavVis<=1.65),CZECH 1,SK Artis Brno,Sparta Prague,12:00,9.4,1.4,LIQUIDADO,0,4,0-4,GREEN,0.1131,11.31,0.8984,2026-09-11 23:11,b365:fuzzy0.95
2026-08-22,Lay Over 4.5 (Under Pesado),EGYPT 1,Al-Masry,Smouha,14:00,19.0,1.5,LIQUIDADO,1,0,1-0,GREEN,0.05278,5.28,0.9499,2026-09-11 23:04,
2026-08-22,Lay Over 4.5 (Under Pesado),ITALY 3,FC Guidonia Montecelio 1937,Gubbio,13:00,18.0,1.49,SEM_PLACAR,,,,,,,0.9471,,
2026-08-23,Lay 0x3 Top 3,FRANCE 1,Angers,Lille,10:00,19.0,,LIQUIDADO,0,2,0-2,GREEN,0.05278,5.28,0.9499,2026-09-11 23:04,
2026-08-23,Lay 0x3 Top 3,SOUTH KOREA 1,Gwangju FC,Incheon Utd,07:30,21.0,,LIQUIDADO,0,1,0-1,GREEN,0.0475,4.75,0.9547,2026-09-11 23:11,b365:fuzzy0.91
2026-08-23,Lay 0x3 Top 3,ITALY 1,Torino,AC Milan,15:45,21.0,,LIQUIDADO,1,2,1-2,GREEN,0.0475,4.75,0.9547,2026-09-11 23:04,
2026-08-23,Lay 2x2 Top 3,ENGLAND 1,Brighton,Aston Villa,10:00,17.0,,LIQUIDADO,4,0,4-0,GREEN,0.05937,5.94,0.944,2026-09-11 23:04,
2026-08-23,Lay 2x2 Top 3,ROMANIA 2,CSC 1599 Selimbar,CS Afumati,05:00,17.5,,SEM_PLACAR,,,,,,,0.9456,,
2026-08-23,Lay 2x2 Top 3,POLAND 1,Radomiak Radom,Zaglebie Lubin,09:45,17.0,,LIQUIDADO,0,0,0-0,GREEN,0.05937,5.94,0.944,2026-09-11 23:11,betfair:fuzzy0.88
2026-08-23,Lay Draw (Fav<=1.40),BOSNIA 1,Borac Banja Luka,Celik Zenica,13:30,7.6,1.22,LIQUIDADO,2,0,2-0,GREEN,0.14394,14.39,0.8742,2026-09-11 23:04,
2026-08-23,Lay Draw (Fav<=1.40),NETHERLANDS 1,Cambuur Leeuwarden,Feyenoord,11:45,7.4,1.25,SEM_PLACAR,,,,,,,0.8707,,
2026-08-23,Lay Draw (Fav<=1.40),BELGIUM 1,Club Brugge,Cercle Brugge,13:30,7.0,1.32,LIQUIDADO,1,0,1-0,GREEN,0.15833,15.83,0.8633,2026-09-11 23:11,betfair:fuzzy0.90
2026-08-23,Lay Draw (Fav<=1.40),SERBIA 1,Crvena Zvezda,Cukaricki,14:00,8.8,1.2,LIQUIDADO,4,0,4-0,GREEN,0.12179,12.18,0.8914,2026-09-11 23:04,
2026-08-23,Lay Draw (Fav<=1.40),SPAIN 1,Elche,Barcelona,16:30,6.2,1.37,LIQUIDADO,0,5,0-5,GREEN,0.18269,18.27,0.8455,2026-09-11 23:04,
2026-08-23,Lay Draw (Fav<=1.40),FINLAND 1,KuPS,IFK Mariehamn,09:00,6.0,1.37,LIQUIDADO,2,4,2-4,GREEN,0.19,19.0,0.8403,2026-09-11 23:11,betfair:fuzzy0.93
2026-08-23,Lay Draw (Fav<=1.40),NETHERLANDS 1,PSV,FC Groningen,09:30,7.0,1.31,LIQUIDADO,5,1,5-1,GREEN,0.15833,15.83,0.8633,2026-09-11 23:11,betfair:fuzzy0.95
2026-08-23,Lay Draw (Fav<=1.40),PORTUGAL 1,Porto,Arouca,16:30,6.6,1.3,LIQUIDADO,2,0,2-0,GREEN,0.16964,16.96,0.855,2026-09-11 23:11,betfair:fuzzy0.92
2026-08-23,Lay Draw (Fav<=1.40),CHINA 1,Shanghai Port FC,Qingdao Hainiu,08:35,6.6,1.35,LIQUIDADO,2,1,2-1,GREEN,0.16964,16.96,0.855,2026-09-11 23:11,betfair:fuzzy0.96
2026-08-23,Lay Draw (Fav<=1.40),PERU 1,Universitario de Deportes,CD Los Chankas,20:30,6.8,1.27,SEM_PLACAR,,,,,,,0.8593,,
2026-08-23,Lay Draw (Fav<=1.40),ICELAND 1,Vikingur Reykjavik,Valur,16:15,6.8,1.36,LIQUIDADO,2,0,2-0,GREEN,0.16379,16.38,0.8593,2026-09-11 23:04,
2026-08-23,Lay Draw (Fav<=1.40),SWITZERLAND 1,Young Boys,FC Vaduz,09:00,6.8,1.33,LIQUIDADO,4,2,4-2,GREEN,0.16379,16.38,0.8593,2026-09-11 23:11,b365:fuzzy0.92
2026-08-23,Lay Draw (Fav<=1.40),BOSNIA 1,Zrinjski,Zeljeznicar,16:00,8.0,1.2,LIQUIDADO,2,0,2-0,GREEN,0.13571,13.57,0.8805,2026-09-11 23:04,
2026-08-23,Lay Home/DC X2 (FavVis<=1.65),TURKEY 2,Boluspor,Mardin Buyuksehir Belediyespor,13:00,7.2,1.61,SEM_PLACAR,,,,,,,0.8671,,
2026-08-23,Lay Home/DC X2 (FavVis<=1.65),BOLIVIA 1,CDT Real Oruro,Bolivar,16:00,8.0,1.44,LIQUIDADO,2,4,2-4,GREEN,0.13571,13.57,0.8805,2026-09-11 23:11,betfair:fuzzy0.93
2026-08-23,Lay Home/DC X2 (FavVis<=1.65),SPAIN 1,Elche,Barcelona,16:30,9.6,1.37,LIQUIDADO,0,5,0-5,GREEN,0.11047,11.05,0.9005,2026-09-11 23:04,
2026-08-23,Lay Home/DC X2 (FavVis<=1.65),ITALY 1,Frosinone,Juventus,13:30,8.4,1.48,LIQUIDADO,0,1,0-1,GREEN,0.12838,12.84,0.8862,2026-09-11 23:04,
2026-08-23,Lay Home/DC X2 (FavVis<=1.65),ISRAEL 1,Hapoel Jerusalem,Maccabi Tel Aviv,14:15,8.6,1.5,LIQUIDADO,2,5,2-5,GREEN,0.125,12.5,0.8889,2026-09-11 23:04,
2026-08-23,Lay Home/DC X2 (FavVis<=1.65),ESTONIA 1,Parnu JK Vaprus,Tallinna FC Flora,13:00,5.7,1.59,SEM_PLACAR,,,,,,,0.8319,,
2026-08-23,Lay Home/DC X2 (FavVis<=1.65),BOLIVIA 1,Real Tomayapo,Always Ready,20:30,6.4,1.61,LIQUIDADO,1,1,1-1,GREEN,0.17593,17.59,0.8504,2026-09-11 23:11,betfair:fuzzy0.90
2026-08-23,Lay Home/DC X2 (FavVis<=1.65),FRANCE 1,Rennes,Paris St-G,15:45,7.0,1.5,SEM_PLACAR,,,,,,,0.8633,,
2026-08-23,Lay Home/DC X2 (FavVis<=1.65),BULGARIA 1,Septemvri,CSKA 1948 Sofia,13:00,7.0,1.61,LIQUIDADO,1,0,1-0,RED,-1.0,-100.0,0.8633,2026-09-11 23:11,betfair:fuzzy0.89
2026-08-23,Lay Over 4.5 (Under Pesado),COLOMBIA 2,Quindio,Envigado,20:00,18.0,1.5,LIQUIDADO,1,0,1-0,GREEN,0.05588,5.59,0.9471,2026-09-11 23:04,
2026-08-24,Lay 0x3 Top 3,BULGARIA 1,Botev Vratsa,Botev Plovdiv,13:00,23.0,,LIQUIDADO,1,0,1-0,GREEN,0.04318,4.32,0.9586,2026-09-11 23:04,
2026-08-24,Lay 0x3 Top 3,ENGLAND 1,Fulham,Chelsea,16:00,25.0,,LIQUIDADO,2,3,2-3,GREEN,0.03958,3.96,0.9619,2026-09-11 23:04,
2026-08-24,Lay 0x3 Top 3,COLOMBIA 2,Leones FC,Real Cartagena,19:00,24.0,,LIQUIDADO,1,6,1-6,GREEN,0.0413,4.13,0.9603,2026-09-11 23:11,b365:fuzzy0.84
2026-08-24,Lay 2x2 Top 3,BRAZIL 1,Botafogo FR,Athletico-PR,20:00,15.5,,LIQUIDADO,2,3,2-3,GREEN,0.06552,6.55,0.9385,2026-09-11 23:11,betfair:fuzzy0.95
2026-08-24,Lay 2x2 Top 3,SPAIN 2,Celta Vigo B,FC Andorra,14:00,17.5,,LIQUIDADO,4,2,4-2,GREEN,0.05758,5.76,0.9456,2026-09-11 23:11,b365:fuzzy0.94
2026-08-24,Lay 2x2 Top 3,ITALY 3,Crotone,Foggia,16:00,18.5,,LIQUIDADO,0,1,0-1,GREEN,0.05429,5.43,0.9485,2026-09-11 23:04,
2026-08-24,Lay Draw (Fav<=1.40),COLOMBIA 2,Boyaca Patriotas,Atletico FC Cali,19:30,5.4,1.39,SEM_PLACAR,,,,,,,0.8224,,
2026-08-24,Lay Draw (Fav<=1.40),PARAGUAY 1,Libertad,Sportivo San Lorenzo,18:30,5.4,1.37,SEM_PLACAR,,,,,,,0.8224,,
2026-08-24,Lay Home/DC X2 (FavVis<=1.65),NETHERLANDS 2,Jong FC Utrecht,Heracles,15:00,6.8,1.52,LIQUIDADO,1,6,1-6,GREEN,0.16379,16.38,0.8593,2026-09-11 23:11,betfair:fuzzy0.96
2026-08-24,Lay Home/DC X2 (FavVis<=1.65),SAUDI ARABIA 1,NEOM Sports Club,Al-Quadisiya (KSA),13:40,7.0,1.51,SEM_PLACAR,,,,,,,0.8633,,
2026-08-25,Lay 0x3 Top 3,ENGLAND CUP,Cambridge Utd,Millwall,15:45,29.0,,LIQUIDADO,0,1,0-1,GREEN,0.03393,3.39,0.9672,2026-09-11 23:04,
2026-08-25,Lay 0x3 Top 3,SOUTH KOREA 1,Gimcheon Sangmu,Jeonbuk Motors,07:30,30.0,,LIQUIDADO,0,0,0-0,GREEN,0.03276,3.28,0.9683,2026-09-11 23:11,betfair:fuzzy0.85
2026-08-25,Lay 0x3 Top 3,PARAGUAY CUP,Sol de America,Sportivo Trinidense,18:30,32.0,,SEM_PLACAR,,,,,,,0.9703,,
2026-08-25,Lay 2x2 Top 3,EUROPA CHAMPIONS LEAGUE,Bodo Glimt,NEC Nijmegen,16:00,17.0,,SEM_PLACAR,,,,,,,0.944,,
2026-08-25,Lay 2x2 Top 3,ENGLAND CUP,Cambridge Utd,Millwall,15:45,17.5,,LIQUIDADO,0,1,0-1,GREEN,0.05758,5.76,0.9456,2026-09-11 23:04,
2026-08-25,Lay 2x2 Top 3,ENGLAND CUP,Walsall,Leyton Orient,15:45,17.5,,LIQUIDADO,0,0,0-0,GREEN,0.05758,5.76,0.9456,2026-09-11 23:04,
2026-08-25,Lay Draw (Fav<=1.40),ICELAND 2,Afturelding,Grotta,16:15,9.0,1.26,LIQUIDADO,2,0,2-0,GREEN,0.11875,11.88,0.8939,2026-09-11 23:04,
2026-08-25,Lay Draw (Fav<=1.40),SAUDI ARABIA 1,Al-Ettifaq,Al Nassr,15:00,7.6,1.29,LIQUIDADO,2,3,2-3,GREEN,0.14394,14.39,0.8742,2026-09-11 23:04,
2026-08-25,Lay Draw (Fav<=1.40),SOUTH AFRICA 1,Orlando Pirates (SA),Sekhukhune United,14:30,5.4,1.36,LIQUIDADO,2,0,2-0,GREEN,0.21591,21.59,0.8224,2026-09-11 23:11,betfair:fuzzy0.85
2026-08-25,Lay Home/DC X2 (FavVis<=1.65),ENGLAND CUP,Doncaster,Middlesbrough,15:30,6.2,1.62,LIQUIDADO,1,3,1-3,GREEN,0.18269,18.27,0.8455,2026-09-11 23:04,
2026-08-25,Lay Home/DC X2 (FavVis<=1.65),ENGLAND CUP,Sheff Wed,Wolves,15:45,6.6,1.61,LIQUIDADO,0,2,0-2,GREEN,0.16964,16.96,0.855,2026-09-11 23:11,b365:fuzzy0.90
2026-08-25,Lay Over 4.5 (Under Pesado),ARGENTINA 2,Deportivo Madryn,Godoy Cruz,19:00,18.5,1.5,LIQUIDADO,2,0,2-0,GREEN,0.05429,5.43,0.9485,2026-09-11 23:04,
2026-08-25,Lay Over 4.5 (Under Pesado),COLOMBIA 1,Santa Fe,Jaguares de Cordoba,22:05,10.5,1.44,SEM_PLACAR,,,,,,,0.9091,,
2026-08-26,Lay 0x3 Top 3,SAUDI ARABIA 1,Al-Zulfi SC,Al-Wahda (KSA),13:05,29.0,,SEM_PLACAR,,,,,,,0.9672,,
2026-08-26,Lay 0x3 Top 3,ENGLAND CUP,Bradford,Burnley,15:45,29.0,,LIQUIDADO,0,0,0-0,GREEN,0.03393,3.39,0.9672,2026-09-11 23:11,b365:fuzzy0.90
2026-08-26,Lay 0x3 Top 3,SOUTH AFRICA 1,Richards Bay FC,Kaizer Chiefs,14:30,30.0,,LIQUIDADO,2,2,2-2,GREEN,0.03276,3.28,0.9683,2026-09-11 23:11,betfair:fuzzy0.96
2026-08-26,Lay 2x2 Top 3,ENGLAND CUP,Bradford,Burnley,15:45,18.0,,LIQUIDADO,0,0,0-0,GREEN,0.05588,5.59,0.9471,2026-09-11 23:11,b365:fuzzy0.90
2026-08-26,Lay 2x2 Top 3,EUROPA CHAMPIONS LEAGUE,NK Celje,Slovan Bratislava,16:00,17.5,,SEM_PLACAR,,,,,,,0.9456,,
2026-08-26,Lay 2x2 Top 3,NORWAY 2,Stabaek,Ranheim IL,14:00,18.5,,LIQUIDADO,4,2,4-2,GREEN,0.05429,5.43,0.9485,2026-09-11 23:11,betfair:fuzzy0.94
2026-08-26,Lay Draw (Fav<=1.40),BOLIVIA 1,Blooming Santa Cruz,CDT Real Oruro,21:30,7.2,1.36,SEM_PLACAR,,,,,,,0.8671,,
2026-08-26,Lay Draw (Fav<=1.40),ARGENTINA 2,CA Colegiales,FC Midland,20:00,6.6,1.09,SEM_PLACAR,,,,,,,0.855,,
2026-08-26,Lay Draw (Fav<=1.40),SOUTH AFRICA 1,Mamelodi Sundowns,AmaZulu,14:30,6.4,1.28,LIQUIDADO,5,2,5-2,GREEN,0.17593,17.59,0.8504,2026-09-11 23:04,
2026-08-26,Lay Draw (Fav<=1.40),ENGLAND CUP,Newcastle,West Brom,15:45,6.0,1.38,LIQUIDADO,3,2,3-2,GREEN,0.19,19.0,0.8403,2026-09-11 23:04,
2026-08-26,Lay Draw (Fav<=1.40),SPAIN 1,Real Madrid,Real Sociedad,16:00,6.8,1.3,LIQUIDADO,4,1,4-1,GREEN,0.16379,16.38,0.8593,2026-09-11 23:04,
2026-08-26,Lay Draw (Fav<=1.40),BOLIVIA 1,Real Potosi,Real Tomayapo,19:30,5.9,1.34,LIQUIDADO,0,1,0-1,GREEN,0.19388,19.39,0.8376,2026-09-11 23:11,betfair:fuzzy0.90
2026-08-26,Lay Draw (Fav<=1.40),COPA SUDAMERICANA,River Plate,Santa Fe,21:30,5.2,1.36,LIQUIDADO,1,1,1-1,RED,-1.0,-100.0,0.8155,2026-09-11 23:11,b365:fuzzy0.85
2026-08-26,Lay Draw (Fav<=1.40),NORWAY 2,Stromsgodset,Hodd,14:00,8.2,1.27,LIQUIDADO,3,1,3-1,GREEN,0.13194,13.19,0.8834,2026-09-11 23:04,
2026-08-26,Lay Draw (Fav<=1.40),ENGLAND CUP,Tottenham,Charlton,15:45,7.0,1.27,LIQUIDADO,5,1,5-1,GREEN,0.15833,15.83,0.8633,2026-09-11 23:04,
2026-08-26,Lay Home/DC X2 (FavVis<=1.65),ENGLAND CUP,Preston,Everton,16:00,7.2,1.55,LIQUIDADO,0,4,0-4,GREEN,0.15323,15.32,0.8671,2026-09-11 23:04,
2026-08-26,Lay Over 4.5 (Under Pesado),ARGENTINA 2,Patronato,CA Atlanta,15:30,19.5,1.46,LIQUIDADO,2,0,2-0,GREEN,0.05135,5.14,0.9512,2026-09-11 23:11,betfair:fuzzy0.83
2026-08-27,Lay 0x3 Top 3,EUROPA LEAGUE,Ararat Armenia,Universitatea Craiova,13:00,25.0,,SEM_PLACAR,,,,,,,0.9619,,
2026-08-27,Lay 0x3 Top 3,EUROPA CONFERENCE LEAGUE,Austria Wien,Braga,15:30,25.0,,SEM_PLACAR,,,,,,,0.9619,,
2026-08-27,Lay 0x3 Top 3,EUROPA CONFERENCE LEAGUE,Partizan Belgrade,Getafe,16:00,29.0,,SEM_PLACAR,,,,,,,0.9672,,
2026-08-27,Lay 2x2 Top 3,SAUDI ARABIA 1,Al-Jndal,Al-Saqer FC,14:50,18.5,,LIQUIDADO,1,1,1-1,GREEN,0.05429,5.43,0.9485,2026-09-11 23:11,b365:fuzzy0.90
2026-08-27,Lay 2x2 Top 3,EUROPA CONFERENCE LEAGUE,Hradec Kralove,Panathinaikos,14:00,18.0,,LIQUIDADO,1,2,1-2,GREEN,0.05588,5.59,0.9471,2026-09-11 23:11,b365:fuzzy0.90
2026-08-27,Lay 2x2 Top 3,EUROPA CONFERENCE LEAGUE,KuPS,Shamrock Rovers,12:00,18.0,,LIQUIDADO,1,0,1-0,GREEN,0.05588,5.59,0.9471,2026-09-11 23:11,b365:fuzzy0.82
2026-08-27,Lay Draw (Fav<=1.40),EUROPA CONFERENCE LEAGUE,Ajax,Sion,15:00,6.6,1.36,SEM_PLACAR,,,,,,,0.855,,
2026-08-27,Lay Draw (Fav<=1.40),BOLIVIA 1,Always Ready,Aurora,16:00,7.2,1.28,LIQUIDADO,2,2,2-2,RED,-1.0,-100.0,0.8671,2026-09-11 23:04,
2026-08-27,Lay Draw (Fav<=1.40),EUROPA LEAGUE,Anderlecht,Kairat Almaty,15:30,5.6,1.39,LIQUIDADO,3,0,3-0,GREEN,0.20652,20.65,0.8288,2026-09-11 23:11,b365:fuzzy0.88
2026-08-27,Lay Draw (Fav<=1.40),SPAIN 1,Barcelona,Athletic Bilbao,16:00,7.8,1.25,LIQUIDADO,2,0,2-0,GREEN,0.13971,13.97,0.8774,2026-09-11 23:11,betfair:fuzzy0.89
2026-08-27,Lay Draw (Fav<=1.40),EUROPA CONFERENCE LEAGUE,Brighton,Tromso,15:30,7.6,1.23,LIQUIDADO,4,0,4-0,GREEN,0.14394,14.39,0.8742,2026-09-11 23:11,b365:fuzzy0.82
2026-08-27,Lay Draw (Fav<=1.40),ENGLAND CUP,Chelsea,Luton,15:30,10.0,1.17,LIQUIDADO,2,0,2-0,GREEN,0.10556,10.56,0.9045,2026-09-11 23:04,
2026-08-27,Lay Draw (Fav<=1.40),EUROPA CONFERENCE LEAGUE,FC Copenhagen,FC Inter Turku,14:00,6.4,1.31,LIQUIDADO,4,1,4-1,GREEN,0.17593,17.59,0.8504,2026-09-11 23:11,b365:fuzzy0.84
2026-08-27,Lay Draw (Fav<=1.40),EUROPA LEAGUE,FK Kauno Zalgiris,Besiktas,14:00,5.4,1.4,LIQUIDADO,1,0,1-0,GREEN,0.21591,21.59,0.8224,2026-09-11 23:11,b365:fuzzy0.84
2026-08-27,Lay Draw (Fav<=1.40),EUROPA CONFERENCE LEAGUE,Freiburg,Motherwell,13:45,9.2,1.2,LIQUIDADO,4,1,4-1,GREEN,0.11585,11.59,0.8962,2026-09-11 23:11,b365:fuzzy0.86
2026-08-27,Lay Draw (Fav<=1.40),ENGLAND CUP,Fulham,AFC Wimbledon,16:00,7.8,1.24,LIQUIDADO,3,0,3-0,GREEN,0.13971,13.97,0.8774,2026-09-11 23:04,
2026-08-27,Lay Draw (Fav<=1.40),EUROPA CONFERENCE LEAGUE,Pafos FC,Dinamo Tirana,14:00,6.2,1.32,SEM_PLACAR,,,,,,,0.8455,,
2026-08-27,Lay Draw (Fav<=1.40),EUROPA LEAGUE,Red Bull Salzburg,Mjallby,14:00,7.6,1.25,SEM_PLACAR,,,,,,,0.8742,,
2026-08-27,Lay Home/DC X2 (FavVis<=1.65),EUROPA LEAGUE,AGF,Benfica,15:00,8.0,1.44,SEM_PLACAR,,,,,,,0.8805,,
2026-08-27,Lay Home/DC X2 (FavVis<=1.65),EUROPA LEAGUE,FK Kauno Zalgiris,Besiktas,14:00,10.0,1.4,LIQUIDADO,1,0,1-0,RED,-1.0,-100.0,0.9045,2026-09-11 23:11,b365:fuzzy0.84
2026-08-27,Lay Home/DC X2 (FavVis<=1.65),EUROPA CONFERENCE LEAGUE,Hapoel Tel Aviv,Atalanta,15:00,7.6,1.51,LIQUIDADO,0,1,0-1,GREEN,0.14394,14.39,0.8742,2026-09-11 23:11,b365:fuzzy0.87
2026-08-27,Lay Home/DC X2 (FavVis<=1.65),PARAGUAY CUP,Resistencia SC,Cerro Porteno,18:30,10.0,1.42,SEM_PLACAR,,,,,,,0.9045,,
2026-08-27,Lay Over 4.5 (Under Pesado),ARGENTINA CUP,CA Platense,Instituto,21:15,18.0,1.5,SEM_PLACAR,,,,,,,0.9471,,
2026-08-28,Lay 0x3 Top 3,EGYPT 1,Al Ittihad (EGY),Ceramica Cleopatra,14:00,27.0,,LIQUIDADO,1,3,1-3,GREEN,0.03654,3.65,0.9647,2026-09-11 23:11,betfair:fuzzy0.93
2026-08-28,Lay 0x3 Top 3,PARAGUAY 1,Sportivo San Lorenzo,Nacional (Par),18:30,22.0,,SEM_PLACAR,,,,,,,0.9567,,
2026-08-28,Lay 2x2 Top 3,WALES 1,Trefelin,Ammanford AFC,15:45,18.0,,LIQUIDADO,1,1,1-1,GREEN,0.05588,5.59,0.9471,2026-09-11 23:11,b365:fuzzy0.93
2026-08-28,Lay 2x2 Top 3,ITALY 2,US Cremonese,Modena,15:30,17.0,,LIQUIDADO,0,3,0-3,GREEN,0.05937,5.94,0.944,2026-09-11 23:11,betfair:fuzzy0.95
2026-08-28,Lay 2x2 Top 3,POLAND 1,Wisla Plock,Korona Kielce,13:00,17.5,,LIQUIDADO,0,2,0-2,GREEN,0.05758,5.76,0.9456,2026-09-11 23:04,
2026-08-28,Lay Draw (Fav<=1.40),SAUDI ARABIA 1,Al Nassr,Al-Taawoun Buraidah,15:00,6.8,1.29,LIQUIDADO,2,1,2-1,GREEN,0.16379,16.38,0.8593,2026-09-11 23:11,betfair:fuzzy0.82
2026-08-28,Lay Draw (Fav<=1.40),SAUDI ARABIA 1,Al-Khaleej Saihat,Al-Hilal,15:00,6.6,1.3,LIQUIDADO,1,5,1-5,GREEN,0.16964,16.96,0.855,2026-09-11 23:11,betfair:fuzzy0.88
2026-08-28,Lay Draw (Fav<=1.40),GERMANY 1,Bayern Munich,Stuttgart,15:30,8.4,1.25,LIQUIDADO,5,1,5-1,GREEN,0.12838,12.84,0.8862,2026-09-11 23:04,
2026-08-28,Lay Draw (Fav<=1.40),IRELAND 1,Bohemians,Sligo Rovers,15:45,6.8,1.28,LIQUIDADO,3,0,3-0,GREEN,0.16379,16.38,0.8593,2026-09-11 23:04,
2026-08-28,Lay Draw (Fav<=1.40),IRELAND 2,Cork City,Wexford F.C,15:45,6.6,1.33,LIQUIDADO,2,0,2-0,GREEN,0.16964,16.96,0.855,2026-09-11 23:11,betfair:fuzzy0.94
2026-08-28,Lay Draw (Fav<=1.40),ICELAND 2,Fylkir,Grotta,16:15,6.8,1.38,LIQUIDADO,3,1,3-1,GREEN,0.16379,16.38,0.8593,2026-09-11 23:04,
2026-08-28,Lay Draw (Fav<=1.40),WALES 1,Holywell Town,Caernarfon Town,15:45,8.6,1.24,LIQUIDADO,3,5,3-5,GREEN,0.125,12.5,0.8889,2026-09-11 23:11,b365:fuzzy0.82
2026-08-28,Lay Draw (Fav<=1.40),PORTUGAL 1,Rio Ave,Sporting Lisbon,16:15,5.8,1.36,LIQUIDADO,0,4,0-4,GREEN,0.19792,19.79,0.8348,2026-09-11 23:11,betfair:fuzzy0.83
2026-08-28,Lay Draw (Fav<=1.40),IRELAND 1,St Patricks,Waterford,15:45,5.7,1.4,LIQUIDADO,0,2,0-2,GREEN,0.20213,20.21,0.8319,2026-09-11 23:04,
2026-08-28,Lay Draw (Fav<=1.40),WALES 1,The New Saints,Colwyn Bay,15:45,7.0,1.28,SEM_PLACAR,,,,,,,0.8633,,
2026-08-28,Lay Draw (Fav<=1.40),IRELAND 2,UCD,Finn Harps,15:45,8.0,1.25,SEM_PLACAR,,,,,,,0.8805,,
2026-08-28,Lay Home/DC X2 (FavVis<=1.65),SAUDI ARABIA 1,Al-Anwar Club,Al-Ula FC,12:55,6.8,1.59,LIQUIDADO,0,1,0-1,GREEN,0.16379,16.38,0.8593,2026-09-11 23:11,b365:fuzzy0.81
2026-08-28,Lay Home/DC X2 (FavVis<=1.65),SOUTH KOREA 2,Ansan Greeners FC,Daegu Fc,07:30,8.2,1.43,LIQUIDADO,1,2,1-2,GREEN,0.13194,13.19,0.8834,2026-09-11 23:11,b365:fuzzy0.88
2026-08-28,Lay Over 4.5 (Under Pesado),EGYPT 1,Al Ittihad (EGY),Ceramica Cleopatra,14:00,20.0,1.46,LIQUIDADO,1,3,1-3,GREEN,0.05,5.0,0.9524,2026-09-11 23:11,betfair:fuzzy0.93
2026-08-29,Lay 0x3 Top 3,JAPAN 1,Mito,FC Machida,06:00,23.0,,LIQUIDADO,1,1,1-1,GREEN,0.04318,4.32,0.9586,2026-09-11 23:11,b365:fuzzy0.94
2026-08-29,Lay 0x3 Top 3,JAPAN 1,Shimizu,Kashiwa,06:30,20.0,,SEM_PLACAR,,,,,,,0.9524,,
2026-08-29,Lay 0x3 Top 3,ENGLAND 4,Shrewsbury,Salford City,11:00,23.0,,LIQUIDADO,1,0,1-0,GREEN,0.04318,4.32,0.9586,2026-09-11 23:11,betfair:fuzzy0.89
2026-08-29,Lay 2x2 Top 3,ENGLAND 3,Cambridge Utd,Huddersfield,11:00,16.5,,LIQUIDADO,1,2,1-2,GREEN,0.06129,6.13,0.9422,2026-09-11 23:06,betfair
2026-08-29,Lay 2x2 Top 3,ROMANIA 2,FC Metaloglobus Bucuresti,Concordia Chiajna,05:00,16.5,,SEM_PLACAR,,,,,,,0.9422,,
2026-08-29,Lay 2x2 Top 3,JAPAN 1,Nagoya,Okayama,07:00,16.0,,LIQUIDADO,2,1,2-1,GREEN,0.06333,6.33,0.9404,2026-09-11 23:11,b365:fuzzy0.82
2026-08-29,Lay Draw (Fav<=1.40),NETHERLANDS 1,AZ Alkmaar,Go Ahead Eagles,13:45,6.0,1.4,LIQUIDADO,5,2,5-2,GREEN,0.19,19.0,0.8403,2026-09-11 23:11,betfair:fuzzy0.88
2026-08-29,Lay Draw (Fav<=1.40),PORTUGAL 1,Academico de Viseu,Porto,14:00,6.4,1.3,LIQUIDADO,0,3,0-3,GREEN,0.17593,17.59,0.8504,2026-09-11 23:11,b365:fuzzy0.88
2026-08-29,Lay Draw (Fav<=1.40),ICELAND 2,Afturelding,IF Vestri,11:00,9.8,1.2,LIQUIDADO,2,0,2-0,GREEN,0.10795,10.8,0.9026,2026-09-11 23:11,b365:fuzzy0.93
2026-08-29,Lay Draw (Fav<=1.40),PERU 1,Alianza Lima,Deportivo Garcilaso,21:30,5.5,1.34,LIQUIDADO,0,1,0-1,GREEN,0.21111,21.11,0.8257,2026-09-11 23:06,betfair
2026-08-29,Lay Draw (Fav<=1.40),ROMANIA 2,Bihor Oradea,CSL Stefanestii de Jos,05:00,7.0,1.26,SEM_PLACAR,,,,,,,0.8633,,
2026-08-29,Lay Draw (Fav<=1.40),SCOTLAND 1,Celtic,Falkirk,11:00,7.0,1.27,LIQUIDADO,2,1,2-1,GREEN,0.15833,15.83,0.8633,2026-09-11 23:06,betfair
2026-08-29,Lay Draw (Fav<=1.40),CHINA 1,Chengdu Rongcheng,Liaoning Tieren FC,08:35,6.2,1.39,LIQUIDADO,2,1,2-1,GREEN,0.18269,18.27,0.8455,2026-09-11 23:11,b365:fuzzy0.97
2026-08-29,Lay Draw (Fav<=1.40),TURKEY 1,Galatasaray,Goztepe,15:30,6.4,1.33,LIQUIDADO,3,2,3-2,GREEN,0.17593,17.59,0.8504,2026-09-11 23:06,betfair
2026-08-29,Lay Draw (Fav<=1.40),ITALY 1,Juventus,Parma,15:45,6.8,1.26,LIQUIDADO,2,0,2-0,GREEN,0.16379,16.38,0.8593,2026-09-11 23:06,betfair
2026-08-29,Lay Draw (Fav<=1.40),SCOTLAND 2,Partick,Queens Park,11:00,5.9,1.33,LIQUIDADO,0,0,0-0,RED,-1.0,-100.0,0.8376,2026-09-11 23:11,betfair:fuzzy0.83
2026-08-29,Lay Draw (Fav<=1.40),COLOMBIA 2,Real Cartagena,Tigres FC Zipaquira,19:30,6.8,1.27,SEM_PLACAR,,,,,,,0.8593,,
2026-08-29,Lay Draw (Fav<=1.40),CROATIA 1,Varazdin,Rudes,16:00,6.8,1.3,LIQUIDADO,2,0,2-0,GREEN,0.16379,16.38,0.8593,2026-09-11 23:06,betfair
2026-08-29,Lay Home/DC X2 (FavVis<=1.65),SAUDI ARABIA 1,Al-Kholood Club,Al Ahli,13:05,9.0,1.44,LIQUIDADO,3,1,3-1,RED,-1.0,-100.0,0.8939,2026-09-11 23:11,betfair:fuzzy0.84
2026-08-29,Lay Home/DC X2 (FavVis<=1.65),GERMANY 1,Elversberg,Leverkusen,10:30,5.8,1.63,LIQUIDADO,3,2,3-2,RED,-1.0,-100.0,0.8348,2026-09-11 23:11,betfair:fuzzy0.90
2026-08-29,Lay Home/DC X2 (FavVis<=1.65),ISRAEL 1,Hapoel Ramat Gan,Hapoel Be'er Sheva,14:00,8.4,1.48,LIQUIDADO,1,2,1-2,GREEN,0.12838,12.84,0.8862,2026-09-11 23:11,b365:fuzzy0.84
2026-08-29,Lay Home/DC X2 (FavVis<=1.65),USA 1,Kansas City,Vancouver Whitecaps,21:30,7.6,1.46,LIQUIDADO,0,3,0-3,GREEN,0.14394,14.39,0.8742,2026-09-11 23:11,betfair:fuzzy0.86
2026-08-29,Lay Home/DC X2 (FavVis<=1.65),CROATIA 1,NK Istra,Dinamo Zagreb,13:30,8.0,1.45,SEM_PLACAR,,,,,,,0.8805,,
2026-08-29,Lay Home/DC X2 (FavVis<=1.65),JAPAN 1,Nagasaki,FC Tokyo,06:30,6.2,1.62,LIQUIDADO,0,3,0-3,GREEN,0.18269,18.27,0.8455,2026-09-11 23:11,b365:fuzzy0.86
2026-08-29,Lay Over 4.5 (Under Pesado),CZECH 1,Arsenal CL,FC Sellier,11:00,10.5,1.26,SEM_PLACAR,,,,,,,0.9091,,
2026-08-29,Lay Over 4.5 (Under Pesado),ARGENTINA 1,Atl Tucuman,Belgrano,21:30,18.5,1.48,LIQUIDADO,0,0,0-0,GREEN,0.05429,5.43,0.9485,2026-09-11 23:06,betfair
2026-08-29,Lay Over 4.5 (Under Pesado),JAPAN 2,Tokushima,Oita,07:00,18.0,1.5,SEM_PLACAR,,,,,,,0.9471,,
2026-08-30,Lay 0x3 Top 3,CHINA 1,Dalian Kun City FC,Nantong Zhiyun F.C,08:00,27.0,,LIQUIDADO,3,2,3-2,GREEN,0.03654,3.65,0.9647,2026-09-11 23:11,b365:fuzzy0.93
2026-08-30,Lay 0x3 Top 3,SCOTLAND 1,Dundee,Hibernian,11:00,26.0,,LIQUIDADO,1,2,1-2,GREEN,0.038,3.8,0.9634,2026-09-11 23:11,betfair:fuzzy0.93
2026-08-30,Lay 0x3 Top 3,SOUTH KOREA 1,Jeju Utd,Daejeon Citizen,07:30,27.0,,SEM_PLACAR,,,,,,,0.9647,,
2026-08-30,Lay 2x2 Top 3,NETHERLANDS 1,FC Utrecht,PSV,07:15,15.5,,LIQUIDADO,1,6,1-6,GREEN,0.06552,6.55,0.9385,2026-09-11 23:11,betfair:fuzzy0.94
2026-08-30,Lay 2x2 Top 3,NORWAY 2,Hodd,Stabaek,12:00,16.0,,LIQUIDADO,2,1,2-1,GREEN,0.06333,6.33,0.9404,2026-09-11 23:06,betfair
2026-08-30,Lay 2x2 Top 3,NETHERLANDS 1,SC Telstar,Ajax,11:45,17.0,,LIQUIDADO,0,4,0-4,GREEN,0.05937,5.94,0.944,2026-09-11 23:11,betfair:fuzzy0.94
2026-08-30,Lay Draw (Fav<=1.40),SAUDI ARABIA 1,Al-Quadisiya (KSA),Al Faisaly ( KSA ),15:00,9.8,1.2,SEM_PLACAR,,,,,,,0.9026,,
2026-08-30,Lay Draw (Fav<=1.40),BRAZIL 2,America MG,Ponte Preta,16:00,9.2,1.16,LIQUIDADO,2,0,2-0,GREEN,0.11585,11.59,0.8962,2026-09-11 23:06,betfair
2026-08-30,Lay Draw (Fav<=1.40),NORWAY 1,Bodo Glimt,Rosenborg,09:30,6.8,1.34,LIQUIDADO,4,2,4-2,GREEN,0.16379,16.38,0.8593,2026-09-11 23:06,betfair
2026-08-30,Lay Draw (Fav<=1.40),NETHERLANDS 1,Cambuur Leeuwarden,FC Twente,15:00,6.6,1.32,SEM_PLACAR,,,,,,,0.855,,
2026-08-30,Lay Draw (Fav<=1.40),VENEZUELA 1,Carabobo FC,Zamora FC,20:00,5.6,1.4,LIQUIDADO,0,0,0-0,RED,-1.0,-100.0,0.8288,2026-09-11 23:11,betfair:fuzzy0.87
2026-08-30,Lay Draw (Fav<=1.40),NETHERLANDS 1,Feyenoord,ADO Den Haag,09:30,9.2,1.2,LIQUIDADO,2,2,2-2,RED,-1.0,-100.0,0.8962,2026-09-11 23:11,betfair:fuzzy0.91
2026-08-30,Lay Draw (Fav<=1.40),BRAZIL 1,Flamengo,Botafogo FR,16:00,5.8,1.36,LIQUIDADO,3,0,3-0,GREEN,0.19792,19.79,0.8348,2026-09-11 23:11,betfair:fuzzy0.89
2026-08-30,Lay Draw (Fav<=1.40),CHINA 1,Guangdong GZ-Power FC,Changchun Yatai,08:30,6.0,1.4,LIQUIDADO,3,0,3-0,GREEN,0.19,19.0,0.8403,2026-09-11 23:11,b365:fuzzy0.97
2026-08-30,Lay Draw (Fav<=1.40),CYPRUS 1,Karmiotissa Polemidion,Pafos FC,14:00,6.6,1.28,SEM_PLACAR,,,,,,,0.855,,
2026-08-30,Lay Draw (Fav<=1.40),GREECE 1,Kifisia,AEK Athens,15:00,5.7,1.34,LIQUIDADO,1,1,1-1,RED,-1.0,-100.0,0.8319,2026-09-11 23:06,b365
2026-08-30,Lay Draw (Fav<=1.40),ENGLAND 1,Man Utd,Ipswich,12:30,5.8,1.39,LIQUIDADO,5,2,5-2,GREEN,0.19792,19.79,0.8348,2026-09-11 23:11,betfair:fuzzy0.82
2026-08-30,Lay Draw (Fav<=1.40),CZECH 1,Plzen,Slovacko,12:00,6.0,1.33,LIQUIDADO,1,1,1-1,RED,-1.0,-100.0,0.8403,2026-09-11 23:06,betfair
2026-08-30,Lay Draw (Fav<=1.40),BOSNIA 1,Radnik Bijeljina,Borac Banja Luka,16:00,6.4,1.29,LIQUIDADO,2,2,2-2,RED,-1.0,-100.0,0.8504,2026-09-11 23:06,betfair
2026-08-30,Lay Draw (Fav<=1.40),AUSTRIA 1,Red Bull Salzburg,Austria Wien,14:00,5.9,1.4,SEM_PLACAR,,,,,,,0.8376,,
2026-08-30,Lay Draw (Fav<=1.40),SLOVAKIA 1,Slovan Bratislava,Zemplin,12:00,7.0,1.31,SEM_PLACAR,,,,,,,0.8633,,
2026-08-30,Lay Draw (Fav<=1.40),MEXICO 1,Toluca,FC Juarez,21:00,6.6,1.32,LIQUIDADO,4,0,4-0,GREEN,0.16964,16.96,0.855,2026-09-11 23:11,betfair:fuzzy0.93
2026-08-30,Lay Draw (Fav<=1.40),NORWAY 1,Viking,Aalesunds,12:00,6.8,1.33,LIQUIDADO,2,1,2-1,GREEN,0.16379,16.38,0.8593,2026-09-11 23:11,b365:fuzzy0.97
2026-08-30,Lay Home/DC X2 (FavVis<=1.65),SWEDEN 1,AIK,Hammarby,09:00,6.8,1.53,LIQUIDADO,3,2,3-2,RED,-1.0,-100.0,0.8593,2026-09-11 23:06,betfair
2026-08-30,Lay Home/DC X2 (FavVis<=1.65),GREECE 1,Asteras Tripolis,Olympiakos,15:00,9.4,1.5,LIQUIDADO,0,1,0-1,GREEN,0.1131,11.31,0.8984,2026-09-11 23:11,betfair:fuzzy0.83
2026-08-30,Lay Home/DC X2 (FavVis<=1.65),GREECE 1,Atromitos,PAOK,14:15,6.2,1.65,LIQUIDADO,1,2,1-2,GREEN,0.18269,18.27,0.8455,2026-09-11 23:06,betfair
2026-08-30,Lay Home/DC X2 (FavVis<=1.65),ARGENTINA 1,Banfield,River Plate,15:00,7.6,1.62,LIQUIDADO,2,3,2-3,GREEN,0.14394,14.39,0.8742,2026-09-11 23:06,betfair
2026-08-30,Lay Home/DC X2 (FavVis<=1.65),BULGARIA 1,Botev Plovdiv,PFC Levski Sofia,13:00,6.8,1.61,LIQUIDADO,1,3,1-3,GREEN,0.16379,16.38,0.8593,2026-09-11 23:11,betfair:fuzzy0.94
2026-08-30,Lay Home/DC X2 (FavVis<=1.65),ITALY 1,Cagliari,Inter,15:45,9.6,1.44,LIQUIDADO,0,1,0-1,GREEN,0.11047,11.05,0.9005,2026-09-11 23:06,betfair
2026-08-30,Lay Home/DC X2 (FavVis<=1.65),NETHERLANDS 1,FC Utrecht,PSV,07:15,5.8,1.6,LIQUIDADO,1,6,1-6,GREEN,0.19792,19.79,0.8348,2026-09-11 23:11,betfair:fuzzy0.94
2026-08-30,Lay Home/DC X2 (FavVis<=1.65),SOUTH KOREA 1,Gwangju FC,FC Seoul,07:30,8.0,1.51,LIQUIDADO,2,5,2-5,GREEN,0.13571,13.57,0.8805,2026-09-11 23:11,betfair:fuzzy0.92
2026-08-30,Lay Home/DC X2 (FavVis<=1.65),NORWAY 2,Hodd,Stabaek,12:00,5.7,1.58,LIQUIDADO,2,1,2-1,RED,-1.0,-100.0,0.8319,2026-09-11 23:06,betfair
2026-08-30,Lay Home/DC X2 (FavVis<=1.65),SLOVENIA 1,Nafta Lendava,NK Maribor,15:15,8.0,1.47,SEM_PLACAR,,,,,,,0.8805,,
2026-08-30,Lay Home/DC X2 (FavVis<=1.65),ESTONIA 1,Nomme Kalju,Fci Tallinn,08:30,7.4,1.56,SEM_PLACAR,,,,,,,0.8707,,
2026-08-30,Lay Home/DC X2 (FavVis<=1.65),NETHERLANDS 1,SC Telstar,Ajax,11:45,6.4,1.55,LIQUIDADO,0,4,0-4,GREEN,0.17593,17.59,0.8504,2026-09-11 23:11,betfair:fuzzy0.94
2026-08-30,Lay Home/DC X2 (FavVis<=1.65),TURKEY 1,Samsunspor,Fenerbahce,15:30,6.6,1.62,LIQUIDADO,0,2,0-2,GREEN,0.16964,16.96,0.855,2026-09-11 23:06,betfair
2026-08-30,Lay Home/DC X2 (FavVis<=1.65),DENMARK 1,Silkeborg,Midtjylland,09:00,6.8,1.52,LIQUIDADO,1,1,1-1,GREEN,0.16379,16.38,0.8593,2026-09-11 23:06,betfair
2026-08-30,Lay Home/DC X2 (FavVis<=1.65),NORWAY 2,Sogndal,Stromsgodset,12:00,5.2,1.58,LIQUIDADO,2,3,2-3,GREEN,0.22619,22.62,0.8155,2026-09-11 23:06,betfair
2026-08-30,Lay Home/DC X2 (FavVis<=1.65),BULGARIA 1,Spartak Varna,Ludogorets,13:00,7.0,1.6,LIQUIDADO,1,1,1-1,GREEN,0.15833,15.83,0.8633,2026-09-11 23:06,betfair
2026-08-31,Lay 0x3 Top 3,EGYPT 1,Al-Masry,Pyramids,14:00,30.0,,LIQUIDADO,0,1,0-1,GREEN,0.03276,3.28,0.9683,2026-09-11 23:06,betfair
2026-08-31,Lay 0x3 Top 3,SAUDI ARABIA 1,Al-Saqer FC,Al-Akhdoud,13:05,26.0,,LIQUIDADO,0,0,0-0,GREEN,0.038,3.8,0.9634,2026-09-11 23:11,b365:fuzzy0.83
2026-08-31,Lay 0x3 Top 3,ROMANIA 1,Rapid Bucharest,Universitatea Craiova,14:30,29.0,,SEM_PLACAR,,,,,,,0.9672,,
2026-08-31,Lay 2x2 Top 3,BULGARIA 1,Dunav Ruse,Lokomotiv Sofia,13:00,17.0,,LIQUIDADO,2,2,2-2,RED,-1.0,-100.0,0.944,2026-09-11 23:11,betfair:fuzzy0.86
2026-08-31,Lay 2x2 Top 3,ROMANIA 1,Rapid Bucharest,Universitatea Craiova,14:30,18.5,,SEM_PLACAR,,,,,,,0.9485,,
2026-08-31,Lay 2x2 Top 3,ENGLAND 5,Woking,Southend,11:00,16.5,,LIQUIDADO,1,1,1-1,GREEN,0.06129,6.13,0.9422,2026-09-11 23:06,betfair
2026-08-31,Lay Draw (Fav<=1.40),DENMARK 1,FC Copenhagen,SonderjyskE,14:00,6.0,1.36,LIQUIDADO,3,1,3-1,GREEN,0.19,19.0,0.8403,2026-09-11 23:06,betfair
2026-08-31,Lay Draw (Fav<=1.40),CYPRUS 1,Omonia,Omonia FC Aradippou,14:00,9.0,1.2,LIQUIDADO,0,0,0-0,RED,-1.0,-100.0,0.8939,2026-09-11 23:11,betfair:fuzzy0.97
2026-08-31,Lay Draw (Fav<=1.40),VENEZUELA 1,Puerto Cabello,Academia Anzoategui FC,20:30,5.5,1.4,LIQUIDADO,3,0,3-0,GREEN,0.21111,21.11,0.8257,2026-09-11 23:11,betfair:fuzzy0.88
2026-08-31,Lay Home/DC X2 (FavVis<=1.65),ENGLAND 1,Aston Villa,Arsenal,16:00,7.2,1.54,LIQUIDADO,0,1,0-1,GREEN,0.15323,15.32,0.8671,2026-09-11 23:06,betfair
2026-08-31,Lay Home/DC X2 (FavVis<=1.65),EGYPT 1,Asyut Petroleum,National Bank,11:00,7.8,1.62,LIQUIDADO,0,1,0-1,GREEN,0.13971,13.97,0.8774,2026-09-11 23:11,betfair:fuzzy0.91
2026-08-31,Lay Home/DC X2 (FavVis<=1.65),WALES 1,Flint Town United,Connahs Quay,10:30,6.0,1.64,SEM_PLACAR,,,,,,,0.8403,,
2026-08-31,Lay Home/DC X2 (FavVis<=1.65),ITALY 1,Lecce,Roma,13:30,8.4,1.5,LIQUIDADO,0,4,0-4,GREEN,0.12838,12.84,0.8862,2026-09-11 23:11,betfair:fuzzy0.90
2026-08-31,Lay Home/DC X2 (FavVis<=1.65),GREECE 1,Levadiakos,Panathinaikos,13:30,6.6,1.65,LIQUIDADO,0,2,0-2,GREEN,0.16964,16.96,0.855,2026-09-11 23:06,betfair
2026-08-31,Lay Home/DC X2 (FavVis<=1.65),ENGLAND 5,Worthing,Boreham Wood,11:00,7.0,1.47,LIQUIDADO,2,3,2-3,GREEN,0.15833,15.83,0.8633,2026-09-11 23:06,betfair
2026-08-31,Lay Over 4.5 (Under Pesado),ARGENTINA 2,Los Andes,Acassuso,19:00,18.5,1.5,LIQUIDADO,0,0,0-0,GREEN,0.05429,5.43,0.9485,2026-09-11 23:06,betfair
2026-09-01,Lay 0x3 Top 3,ENGLAND 4,Accrington,Grimsby,15:45,26.0,,LIQUIDADO,2,2,2-2,GREEN,0.038,3.8,0.9634,2026-09-11 23:06,betfair
2026-09-01,Lay 0x3 Top 3,ENGLAND 2,Stoke,Norwich,16:00,27.0,,LIQUIDADO,1,0,1-0,GREEN,0.03654,3.65,0.9647,2026-09-11 23:06,betfair
2026-09-01,Lay 0x3 Top 3,ENGLAND 4,Swindon,Port Vale,15:45,30.0,,LIQUIDADO,3,1,3-1,GREEN,0.03276,3.28,0.9683,2026-09-11 23:06,betfair
2026-09-01,Lay 2x2 Top 3,ENGLAND 3,Bromley,Leyton Orient,15:45,16.5,,LIQUIDADO,0,5,0-5,GREEN,0.06129,6.13,0.9422,2026-09-11 23:06,betfair
2026-09-01,Lay 2x2 Top 3,ENGLAND 3,Doncaster,Notts Co,15:45,16.5,,LIQUIDADO,1,1,1-1,GREEN,0.06129,6.13,0.9422,2026-09-11 23:11,b365:fuzzy0.89
2026-09-01,Lay 2x2 Top 3,ENGLAND 2,Lincoln,Blackburn,15:45,16.5,,LIQUIDADO,0,0,0-0,GREEN,0.06129,6.13,0.9422,2026-09-11 23:06,b365
2026-09-01,Lay Draw (Fav<=1.40),SOUTH AFRICA 1,Kruger United FC,Orlando Pirates (SA),14:30,5.2,1.38,LIQUIDADO,0,4,0-4,GREEN,0.22619,22.62,0.8155,2026-09-11 23:11,b365:fuzzy0.93
2026-09-01,Lay Draw (Fav<=1.40),BOSNIA 1,Zrinjski,FK BSK Banja Luka,15:45,8.8,1.18,LIQUIDADO,3,1,3-1,GREEN,0.12179,12.18,0.8914,2026-09-11 23:11,b365:fuzzy0.96
2026-09-01,Lay Home/DC X2 (FavVis<=1.65),TURKEY 2,Boluspor,Keciorengucu,14:00,7.4,1.53,LIQUIDADO,0,2,0-2,GREEN,0.14844,14.84,0.8707,2026-09-11 23:06,betfair
2026-09-01,Lay Home/DC X2 (FavVis<=1.65),SWITZERLAND 1,FC Zurich,Young Boys,15:30,5.3,1.63,LIQUIDADO,2,4,2-4,GREEN,0.22093,22.09,0.819,2026-09-11 23:11,betfair:fuzzy0.93
2026-09-01,Lay Home/DC X2 (FavVis<=1.65),AUSTRIA 1,RZ Pellets WAC,Lask Linz,14:30,7.4,1.45,SEM_PLACAR,,,,,,,0.8707,,
2026-09-02,Lay 0x3 Top 3,JAPAN 1,Jef Utd Chiba,Okayama,07:00,23.0,,LIQUIDADO,1,2,1-2,GREEN,0.04318,4.32,0.9586,2026-09-11 23:11,b365:fuzzy0.81
2026-09-02,Lay 0x3 Top 3,JAPAN 1,Mito,Kashima,07:00,23.0,,LIQUIDADO,4,2,4-2,GREEN,0.04318,4.32,0.9586,2026-09-11 23:11,b365:fuzzy0.83
2026-09-02,Lay 0x3 Top 3,TURKEY 2,Van Buyuksehir Belediyespor,Batman Petrolspor,11:00,25.0,,SEM_PLACAR,,,,,,,0.9619,,
2026-09-02,Lay 2x2 Top 3,CZECH 1,Bohemians 1905,FK Jablonec,15:00,18.0,,LIQUIDADO,1,1,1-1,GREEN,0.05588,5.59,0.9471,2026-09-11 23:11,betfair:fuzzy0.85
2026-09-02,Lay 2x2 Top 3,ENGLAND 2,Millwall,Wrexham,15:45,17.0,,LIQUIDADO,0,3,0-3,GREEN,0.05937,5.94,0.944,2026-09-11 23:06,betfair
2026-09-02,Lay 2x2 Top 3,JAPAN 1,Yokohama FM,Kyoto,07:00,18.0,,LIQUIDADO,1,1,1-1,GREEN,0.05588,5.59,0.9471,2026-09-11 23:11,b365:fuzzy0.88
2026-09-02,Lay Draw (Fav<=1.40),BOSNIA 1,Borac Banja Luka,Zeljeznicar,15:30,6.4,1.31,LIQUIDADO,2,0,2-0,GREEN,0.17593,17.59,0.8504,2026-09-11 23:06,betfair
2026-09-02,Lay Draw (Fav<=1.40),SCOTLAND 1,Celtic,Aberdeen,15:45,7.2,1.26,LIQUIDADO,3,0,3-0,GREEN,0.15323,15.32,0.8671,2026-09-11 23:06,betfair
2026-09-02,Lay Draw (Fav<=1.40),BRAZIL 1,Flamengo,Mirassol,19:30,7.6,1.23,LIQUIDADO,2,0,2-0,GREEN,0.14394,14.39,0.8742,2026-09-11 23:11,betfair:fuzzy0.94
2026-09-02,Lay Draw (Fav<=1.40),SOUTH AFRICA 1,Mamelodi Sundowns,Milford,14:30,7.2,1.24,LIQUIDADO,2,0,2-0,GREEN,0.15323,15.32,0.8671,2026-09-11 23:11,b365:fuzzy0.94
2026-09-02,Lay Home/DC X2 (FavVis<=1.65),SLOVENIA 1,NK Aluminij,NK Celje,15:00,5.9,1.64,LIQUIDADO,0,2,0-2,GREEN,0.19388,19.39,0.8376,2026-09-11 23:11,betfair:fuzzy0.86
2026-09-02,Lay Home/DC X2 (FavVis<=1.65),BULGARIA 1,Slavia Sofia,PFC Levski Sofia,14:00,10.0,1.44,LIQUIDADO,1,2,1-2,GREEN,0.10556,10.56,0.9045,2026-09-11 23:11,betfair:fuzzy0.94
2026-09-03,Lay 0x3 Top 3,SAUDI ARABIA 1,Al-Feiha,Al-Kholood Club,12:55,34.0,,SEM_PLACAR,,,,,,,0.972,,
2026-09-03,Lay 0x3 Top 3,PARAGUAY 1,Deportivo Recoleta,Cerro Porteno,18:30,24.0,,LIQUIDADO,1,3,1-3,GREEN,0.0413,4.13,0.9603,2026-09-11 23:11,betfair:fuzzy0.82
2026-09-03,Lay 0x3 Top 3,FRANCE 1,Toulouse,Lille,15:45,23.0,,LIQUIDADO,0,1,0-1,GREEN,0.04318,4.32,0.9586,2026-09-11 23:06,betfair
2026-09-03,Lay 2x2 Top 3,VENEZUELA 1,Academia Anzoategui FC,Monagas,17:00,18.0,,LIQUIDADO,1,3,1-3,GREEN,0.05588,5.59,0.9471,2026-09-11 23:11,betfair:fuzzy0.88
2026-09-03,Lay 2x2 Top 3,VENEZUELA 1,Estudiantes de Merida,Universidad de Venezuela,19:00,17.5,,LIQUIDADO,1,1,1-1,GREEN,0.05758,5.76,0.9456,2026-09-11 23:11,betfair:fuzzy0.82
2026-09-03,Lay 2x2 Top 3,FRANCE 1,Toulouse,Lille,15:45,17.5,,LIQUIDADO,0,1,0-1,GREEN,0.05758,5.76,0.9456,2026-09-11 23:06,betfair
2026-09-03,Lay Draw (Fav<=1.40),COLOMBIA 1,America de Cali S.A,Alianza FC Valledupar,18:00,5.6,1.35,SEM_PLACAR,,,,,,,0.8288,,
2026-09-03,Lay Draw (Fav<=1.40),TURKEY 2,Bursaspor,Istanbulspor,14:00,5.9,1.4,LIQUIDADO,4,0,4-0,GREEN,0.19388,19.39,0.8376,2026-09-11 23:11,betfair:fuzzy0.96
2026-09-03,Lay Home/DC X2 (FavVis<=1.65),SAUDI ARABIA 1,Al Draih,Al-Quadisiya (KSA),15:00,7.0,1.49,SEM_PLACAR,,,,,,,0.8633,,
2026-09-04,Lay 0x3 Top 3,UKRAINE 1,Chernomorets Odesa,Livyi Bereg Kyiv,07:00,34.0,,PENDENTE,,,,,,,0.972,,
2026-09-04,Lay 0x3 Top 3,SERBIA 1,FK Novi Pazar,Zeleznicar Pancevo,14:00,32.0,,LIQUIDADO,2,0,2-0,GREEN,0.03065,3.06,0.9703,2026-09-11 23:11,betfair:fuzzy0.95
2026-09-04,Lay 2x2 Top 3,NETHERLANDS 2,Heracles,De Graafschap,15:00,16.5,,LIQUIDADO,5,0,5-0,GREEN,0.06129,6.13,0.9422,2026-09-11 23:06,betfair
2026-09-04,Lay 2x2 Top 3,ENGLAND 1,Ipswich,Liverpool,16:00,16.5,,LIQUIDADO,0,2,0-2,GREEN,0.06129,6.13,0.9422,2026-09-11 23:06,betfair
2026-09-04,Lay 2x2 Top 3,GERMANY 1,Stuttgart,FC Koln,15:30,17.5,,LIQUIDADO,4,1,4-1,GREEN,0.05758,5.76,0.9456,2026-09-11 23:06,betfair
2026-09-04,Lay Draw (Fav<=1.40),SAUDI ARABIA 1,Al Ahli,Al Riyadh SC,15:00,6.6,1.31,LIQUIDADO,5,0,5-0,GREEN,0.16964,16.96,0.855,2026-09-11 23:11,betfair:fuzzy0.87
2026-09-04,Lay Draw (Fav<=1.40),SAUDI ARABIA 1,Al-Shabab (KSA),Al-Hilal,15:00,7.0,1.32,LIQUIDADO,0,2,0-2,GREEN,0.15833,15.83,0.8633,2026-09-11 23:11,betfair:fuzzy0.92
2026-09-04,Lay Draw (Fav<=1.40),NORWAY 1,Fredrikstad,Bodo Glimt,14:00,6.6,1.33,LIQUIDADO,1,2,1-2,GREEN,0.16964,16.96,0.855,2026-09-11 23:06,betfair
2026-09-04,Lay Draw (Fav<=1.40),BELGIUM 1,Lommel,Club Brugge,15:45,7.0,1.32,LIQUIDADO,0,1,0-1,GREEN,0.15833,15.83,0.8633,2026-09-11 23:11,b365:fuzzy0.88
2026-09-04,Lay Draw (Fav<=1.40),CZECH 1,MFK Karvina,SK Kladno,13:00,6.2,1.38,LIQUIDADO,2,0,2-0,GREEN,0.18269,18.27,0.8455,2026-09-11 23:11,b365:fuzzy0.91
2026-09-04,Lay Draw (Fav<=1.40),FRANCE 1,Paris St-G,Monaco,16:05,6.4,1.38,PENDENTE,,,,,,,0.8504,,
2026-09-04,Lay Draw (Fav<=1.40),UKRAINE 1,Polissya Zhytomyr,FK Kudrivka,12:00,7.4,1.24,LIQUIDADO,5,1,5-1,GREEN,0.14844,14.84,0.8707,2026-09-11 23:11,b365:fuzzy0.94
2026-09-04,Lay Draw (Fav<=1.40),PORTUGAL 1,Porto,Moreirense,16:15,9.6,1.16,LIQUIDADO,2,1,2-1,GREEN,0.11047,11.05,0.9005,2026-09-11 23:11,betfair:fuzzy0.92
2026-09-04,Lay Draw (Fav<=1.40),DENMARK 2,Vejle,Vendsyssel FF,13:00,5.7,1.4,LIQUIDADO,4,1,4-1,GREEN,0.20213,20.21,0.8319,2026-09-11 23:11,betfair:fuzzy0.95
2026-09-04,Lay Home/DC X2 (FavVis<=1.65),SPAIN 1,Betis,Real Madrid,16:00,7.2,1.48,LIQUIDADO,1,0,1-0,RED,-1.0,-100.0,0.8671,2026-09-11 23:06,betfair
2026-09-04,Lay Home/DC X2 (FavVis<=1.65),ENGLAND 1,Ipswich,Liverpool,16:00,6.4,1.55,LIQUIDADO,0,2,0-2,GREEN,0.17593,17.59,0.8504,2026-09-11 23:06,betfair
2026-09-04,Lay Over 4.5 (Under Pesado),BRAZIL 2,Criciuma,Cuiaba,19:30,20.0,1.5,LIQUIDADO,2,0,2-0,GREEN,0.05,5.0,0.9524,2026-09-11 23:06,betfair
2026-09-05,Lay 0x3 Top 3,BELGIUM 1,Charleroi,Union St Gilloise,11:00,25.0,,PENDENTE,,,,,,,0.9619,,
2026-09-05,Lay 0x3 Top 3,SPAIN 2,Eldense,Mallorca,16:00,25.0,,PENDENTE,,,,,,,0.9619,,
2026-09-05,Lay 0x3 Top 3,ENGLAND 1,Hull,Aston Villa,13:30,22.0,,PENDENTE,,,,,,,0.9567,,
2026-09-05,Lay 2x2 Top 3,SPAIN 1,Athletic Bilbao,Atletico Madrid,11:15,16.5,,PENDENTE,,,,,,,0.9422,,
2026-09-05,Lay 2x2 Top 3,ENGLAND 1,Fulham,Crystal Palace,11:00,16.5,,PENDENTE,,,,,,,0.9422,,
2026-09-05,Lay 2x2 Top 3,SWITZERLAND 1,Young Boys,Luzern,13:00,16.5,,PENDENTE,,,,,,,0.9422,,
2026-09-05,Lay Draw (Fav<=1.40),TURKEY 2,Bandirmaspor,Boluspor,10:00,6.4,1.3,PENDENTE,,,,,,,0.8504,,
2026-09-05,Lay Draw (Fav<=1.40),PERU 1,Cusco FC,Cesar Vallejo Moquegua,20:00,6.8,1.33,PENDENTE,,,,,,,0.8593,,
2026-09-05,Lay Draw (Fav<=1.40),CHINA 1,Dalian Yingbo,Qingdao Hainiu,08:35,6.0,1.38,LIQUIDADO,2,1,2-1,GREEN,0.19,19.0,0.8403,2026-09-11 23:06,betfair
2026-09-05,Lay Draw (Fav<=1.40),UKRAINE 1,Fc Kharkiv,Obolon-Brovar Kiev,07:00,5.9,1.34,PENDENTE,,,,,,,0.8376,,
2026-09-05,Lay Draw (Fav<=1.40),NORWAY 2,Haugesund,Sogndal,11:00,7.6,1.33,LIQUIDADO,2,0,2-0,GREEN,0.14394,14.39,0.8742,2026-09-11 23:06,betfair
2026-09-05,Lay Draw (Fav<=1.40),USA 1,Inter Miami CF,Atlanta Utd,20:30,7.4,1.33,PENDENTE,,,,,,,0.8707,,
2026-09-05,Lay Draw (Fav<=1.40),COLOMBIA 1,Junior FC Barranquilla,Jaguares de Cordoba,22:30,5.3,1.39,PENDENTE,,,,,,,0.819,,
2026-09-05,Lay Draw (Fav<=1.40),NORWAY 2,Kongsvinger,Raufoss,11:00,8.2,1.27,LIQUIDADO,9,1,9-1,GREEN,0.13194,13.19,0.8834,2026-09-11 23:06,betfair
2026-09-05,Lay Draw (Fav<=1.40),ENGLAND 1,Man City,Coventry,11:00,9.2,1.19,PENDENTE,,,,,,,0.8962,,
2026-09-05,Lay Draw (Fav<=1.40),PORTUGAL 1,Maritimo,Benfica,14:00,8.0,1.23,PENDENTE,,,,,,,0.8805,,
2026-09-05,Lay Draw (Fav<=1.40),NORWAY 1,Rosenborg,Ham-Kam,11:00,6.4,1.35,LIQUIDADO,4,0,4-0,GREEN,0.17593,17.59,0.8504,2026-09-11 23:06,betfair
2026-09-05,Lay Draw (Fav<=1.40),CHINA 1,Shaanxi Union FC,Jiangxi Dingnan United,04:30,6.0,1.34,PENDENTE,,,,,,,0.8403,,
2026-09-05,Lay Draw (Fav<=1.40),CZECH 1,Slavia Prague,FC Zbrojovka Brno,10:00,6.6,1.31,PENDENTE,,,,,,,0.855,,
2026-09-05,Lay Draw (Fav<=1.40),PORTUGAL 1,Sporting Lisbon,CD Nacional Funchal,16:30,9.8,1.17,PENDENTE,,,,,,,0.9026,,
2026-09-05,Lay Draw (Fav<=1.40),NORWAY 2,Stabaek,Moss,15:00,6.8,1.37,LIQUIDADO,2,3,2-3,GREEN,0.16379,16.38,0.8593,2026-09-11 23:06,betfair
2026-09-05,Lay Draw (Fav<=1.40),PERU 1,Universitario de Deportes,Comerciantes Unidos,22:30,6.0,1.38,PENDENTE,,,,,,,0.8403,,
2026-09-05,Lay Home/DC X2 (FavVis<=1.65),SAUDI ARABIA 1,Al-Ittihad,Al Nassr,15:00,5.7,1.58,PENDENTE,,,,,,,0.8319,,
2026-09-05,Lay Home/DC X2 (FavVis<=1.65),CZECH 1,SK Artis Brno,Plzen,13:00,7.2,1.54,PENDENTE,,,,,,,0.8671,,
2026-09-05,Lay Home/DC X2 (FavVis<=1.65),BULGARIA 1,Spartak Varna,CSKA Sofia,13:00,7.6,1.56,PENDENTE,,,,,,,0.8742,,
2026-09-05,Lay Home/DC X2 (FavVis<=1.65),SCOTLAND 1,St Mirren,Celtic,16:00,7.6,1.49,PENDENTE,,,,,,,0.8742,,
2026-09-05,Lay Over 4.5 (Under Pesado),ARGENTINA 1,Gimnasia La Plata,Tigre,14:30,19.5,1.47,PENDENTE,,,,,,,0.9512,,
2026-09-06,Lay 0x3 Top 3,URUGUAY 1,Cerro,Racing Club (Uru),10:00,25.0,,PENDENTE,,,,,,,0.9619,,
2026-09-06,Lay 0x3 Top 3,JAPAN 1,Okayama,Hiroshima,06:00,23.0,,PENDENTE,,,,,,,0.9586,,
2026-09-06,Lay 0x3 Top 3,UKRAINE 1,Veres Rivne,Zorya,09:30,29.0,,PENDENTE,,,,,,,0.9672,,
2026-09-06,Lay 2x2 Top 3,POLAND 1,Cracovia Krakow,Gornik Zabrze,09:45,17.0,,PENDENTE,,,,,,,0.944,,
2026-09-06,Lay 2x2 Top 3,SPAIN 1,Malaga,Levante,13:30,16.0,,PENDENTE,,,,,,,0.9404,,
2026-09-06,Lay 2x2 Top 3,GREECE 1,Panathinaikos,Paok,15:30,17.0,,PENDENTE,,,,,,,0.944,,
2026-09-06,Lay Draw (Fav<=1.40),MEXICO 1,Cruz Azul,Santos Laguna,20:00,5.9,1.39,PENDENTE,,,,,,,0.8376,,
2026-09-06,Lay Draw (Fav<=1.40),SERBIA 1,Crvena Zvezda,Partizan Belgrade,14:00,7.2,1.34,PENDENTE,,,,,,,0.8671,,
2026-09-06,Lay Draw (Fav<=1.40),COLOMBIA 1,Deportivo Pereira,Millonarios,20:10,5.6,1.33,PENDENTE,,,,,,,0.8288,,
2026-09-06,Lay Draw (Fav<=1.40),VENEZUELA 1,Deportivo Tachira,Rayo Zuliano,18:30,7.8,1.23,PENDENTE,,,,,,,0.8774,,
2026-09-06,Lay Draw (Fav<=1.40),PERU 1,Melgar,Asociacion Deportiva Tarma,20:30,5.3,1.4,PENDENTE,,,,,,,0.819,,
2026-09-06,Lay Draw (Fav<=1.40),NORWAY 1,Molde,Kfum Oslo,12:00,6.6,1.35,PENDENTE,,,,,,,0.855,,
2026-09-06,Lay Draw (Fav<=1.40),SWEDEN 1,Orgryte,Hammarby,09:00,7.8,1.26,PENDENTE,,,,,,,0.8774,,
2026-09-06,Lay Draw (Fav<=1.40),CROATIA 1,Rudes,Hajduk Split,13:00,6.8,1.31,PENDENTE,,,,,,,0.8593,,
2026-09-06,Lay Draw (Fav<=1.40),PERU 1,Sporting Cristal,CD Los Chankas,13:00,6.8,1.32,PENDENTE,,,,,,,0.8593,,
2026-09-06,Lay Draw (Fav<=1.40),BOLIVIA 1,The Strongest,Real Tomayapo,19:00,9.2,1.21,PENDENTE,,,,,,,0.8962,,
2026-09-06,Lay Draw (Fav<=1.40),SPAIN 1,Valencia,Barcelona,11:15,7.0,1.3,PENDENTE,,,,,,,0.8633,,
2026-09-06,Lay Draw (Fav<=1.40),SERBIA 1,Vojvodina,Zemun,16:00,8.8,1.22,PENDENTE,,,,,,,0.8914,,
2026-09-06,Lay Draw (Fav<=1.40),BOSNIA 1,Zrinjski,Siroki Brijeg,15:15,6.4,1.29,PENDENTE,,,,,,,0.8504,,
2026-09-06,Lay Home/DC X2 (FavVis<=1.65),ROMANIA 2,CSM Satu Mare,Politehnica Timisoara,06:30,8.8,1.53,PENDENTE,,,,,,,0.8914,,
2026-09-06,Lay Home/DC X2 (FavVis<=1.65),PORTUGAL 3,GD Vitoria de Sernache,CF Os Belenenses,10:30,7.2,1.65,PENDENTE,,,,,,,0.8671,,
2026-09-06,Lay Home/DC X2 (FavVis<=1.65),SOUTH AFRICA 1,Golden Arrows,Mamelodi Sundowns,10:00,9.2,1.54,PENDENTE,,,,,,,0.8962,,
2026-09-06,Lay Home/DC X2 (FavVis<=1.65),CHILE 1,Huachipato,Colo Colo,17:00,7.2,1.5,PENDENTE,,,,,,,0.8671,,
2026-09-06,Lay Home/DC X2 (FavVis<=1.65),BULGARIA 1,Lokomotiv Sofia,Ludogorets,15:15,8.0,1.55,PENDENTE,,,,,,,0.8805,,
2026-09-06,Lay Home/DC X2 (FavVis<=1.65),ESTONIA 1,Paide Linnameeskond,FCI Tallinn,08:30,6.6,1.58,PENDENTE,,,,,,,0.855,,
2026-09-06,Lay Home/DC X2 (FavVis<=1.65),BRAZIL 2,Ponte Preta,Sao Bernardo,18:30,10.0,1.41,PENDENTE,,,,,,,0.9045,,
2026-09-06,Lay Home/DC X2 (FavVis<=1.65),BRAZIL 1,Remo,Flamengo,16:00,7.6,1.5,PENDENTE,,,,,,,0.8742,,
2026-09-06,Lay Over 4.5 (Under Pesado),ARGENTINA 2,CA San Miguel,Godoy Cruz,15:00,19.5,1.47,PENDENTE,,,,,,,0.9512,,
2026-09-06,Lay Over 4.5 (Under Pesado),URUGUAY 1,Cerro,Racing Club (Uru),10:00,18.5,1.5,PENDENTE,,,,,,,0.9485,,
2026-09-07,Lay 0x3 Top 3,ARGENTINA 1,Barracas Central,Argentinos Juniors,19:00,27.0,,PENDENTE,,,,,,,0.9647,,
2026-09-07,Lay 0x3 Top 3,TURKEY 2,Istanbulspor,76 Igdir Belediyespor,11:00,27.0,,PENDENTE,,,,,,,0.9647,,
2026-09-07,Lay 0x3 Top 3,EGYPT 1,Petrojet,Al-Masry,14:00,26.0,,PENDENTE,,,,,,,0.9634,,
2026-09-07,Lay 2x2 Top 3,ENGLAND 3,Bromley,AFC Wimbledon,16:00,17.0,,PENDENTE,,,,,,,0.944,,
2026-09-07,Lay 2x2 Top 3,CHILE 1,Deportes Limache,Cobresal,20:00,17.5,,PENDENTE,,,,,,,0.9456,,
2026-09-07,Lay 2x2 Top 3,ITALY 1,Udinese,Lazio,15:45,17.5,,PENDENTE,,,,,,,0.9456,,
2026-09-07,Lay Draw (Fav<=1.40),SAUDI ARABIA 1,Al-Hilal,NEOM Sports Club,15:00,7.8,1.2,PENDENTE,,,,,,,0.8774,,
2026-09-07,Lay Draw (Fav<=1.40),ISRAEL 1,Hapoel Tel Aviv,Hapoel Ramat Gan,14:00,5.9,1.38,PENDENTE,,,,,,,0.8376,,
2026-09-07,Lay Draw (Fav<=1.40),CYPRUS 1,Pafos FC,Olympiakos Nicosia FC,13:00,5.7,1.37,PENDENTE,,,,,,,0.8319,,
2026-09-07,Lay Over 4.5 (Under Pesado),EGYPT 1,Al Ittihad (EGY),Asyut Petroleum,11:00,20.0,1.49,PENDENTE,,,,,,,0.9524,,
2026-09-07,Lay Over 4.5 (Under Pesado),ARGENTINA 2,Nueva Chicago,Quilmes,17:00,19.0,1.5,PENDENTE,,,,,,,0.9499,,
2026-09-08,Lay 0x3 Top 3,SAUDI ARABIA 1,Al-Hazm (KSA),Al-Taawoun Buraidah,12:55,24.0,,PENDENTE,,,,,,,0.9603,,
2026-09-08,Lay 0x3 Top 3,SAUDI ARABIA 1,Dhamk,Al-Ula FC,12:50,25.0,,PENDENTE,,,,,,,0.9619,,
2026-09-08,Lay 0x3 Top 3,ENGLAND CUP,Leyton Orient,Bradford,15:45,32.0,,PENDENTE,,,,,,,0.9703,,
2026-09-08,Lay 2x2 Top 3,ENGLAND CUP,Leyton Orient,Bradford,15:45,18.0,,PENDENTE,,,,,,,0.9471,,
2026-09-08,Lay 2x2 Top 3,ENGLAND 2,Watford,Preston,15:45,17.0,,PENDENTE,,,,,,,0.944,,
2026-09-08,Lay 2x2 Top 3,ENGLAND 2,Wrexham,Burnley,15:45,18.0,,PENDENTE,,,,,,,0.9471,,
2026-09-08,Lay Draw (Fav<=1.40),ENGLAND CUP,Bournemouth,Lincoln,15:45,6.6,1.31,PENDENTE,,,,,,,0.855,,
2026-09-08,Lay Draw (Fav<=1.40),COLOMBIA 2,Internacional de Palmira,Atletico FC Cali,21:30,5.8,1.36,PENDENTE,,,,,,,0.8348,,
2026-09-08,Lay Draw (Fav<=1.40),ESTONIA 1,Nomme Kalju,Nomme Utd,12:00,6.2,1.36,PENDENTE,,,,,,,0.8455,,
2026-09-08,Lay Home/DC X2 (FavVis<=1.65),ENGLAND CUP,Millwall,Newcastle,16:00,7.4,1.51,PENDENTE,,,,,,,0.8707,,
2026-09-08,Lay Home/DC X2 (FavVis<=1.65),ESTONIA 1,Trans Narva,Tallinna FC Flora,11:30,6.4,1.61,PENDENTE,,,,,,,0.8504,,
2026-09-08,Lay Over 4.5 (Under Pesado),BRAZIL 2,Criciuma,Juventude,21:00,20.0,1.47,PENDENTE,,,,,,,0.9524,,
2026-09-09,Lay 0x3 Top 3,ENGLAND 2,Derby,West Brom,15:45,28.0,,PENDENTE,,,,,,,0.966,,
2026-09-09,Lay 0x3 Top 3,SOUTH KOREA 1,Gwangju FC,Jeju Utd,07:30,25.0,,PENDENTE,,,,,,,0.9619,,
2026-09-09,Lay 0x3 Top 3,EGYPT 1,Modern Sport FC,Wadi Degla,11:00,28.0,,PENDENTE,,,,,,,0.966,,
2026-09-09,Lay 2x2 Top 3,ENGLAND 2,Charlton,QPR,16:00,16.5,,PENDENTE,,,,,,,0.9422,,
2026-09-09,Lay 2x2 Top 3,ENGLAND 2,Derby,West Brom,15:45,18.0,,PENDENTE,,,,,,,0.9471,,
2026-09-09,Lay 2x2 Top 3,BRAZIL 2,Operario PR,CRB,20:30,17.0,,PENDENTE,,,,,,,0.944,,
2026-09-09,Lay Draw (Fav<=1.40),EGYPT 1,Al Mokawloon,Al Ahly Cairo,14:00,5.1,1.4,PENDENTE,,,,,,,0.8119,,
2026-09-09,Lay Draw (Fav<=1.40),NETHERLANDS 1,FC Twente,SC Telstar,13:45,7.6,1.29,PENDENTE,,,,,,,0.8742,,
2026-09-09,Lay Draw (Fav<=1.40),ESTONIA 1,FCI Tallinn,Kuressaare,13:00,10.0,1.17,PENDENTE,,,,,,,0.9045,,
2026-09-09,Lay Draw (Fav<=1.40),SOUTH AFRICA 1,Mamelodi Sundowns,Siwelele FC,14:30,6.8,1.24,PENDENTE,,,,,,,0.8593,,
2026-09-09,Lay Draw (Fav<=1.40),SCOTLAND 1,Rangers,St Mirren,15:45,6.2,1.34,PENDENTE,,,,,,,0.8455,,
2026-09-09,Lay Draw (Fav<=1.40),EUROPA CHAMPIONS LEAGUE,Stuttgart,Viking,13:45,7.4,1.28,PENDENTE,,,,,,,0.8707,,
2026-09-09,Lay Draw (Fav<=1.40),USA 1,Vancouver Whitecaps,LA Galaxy,23:30,6.4,1.36,PENDENTE,,,,,,,0.8504,,
2026-09-09,Lay Home/DC X2 (FavVis<=1.65),SCOTLAND 1,St Johnstone,Celtic,16:00,6.6,1.58,PENDENTE,,,,,,,0.855,,
2026-09-10,Lay 0x3 Top 3,SWEDEN 2,Sundsvall,Orebro,14:00,25.0,,PENDENTE,,,,,,,0.9619,,
2026-09-10,Lay 2x2 Top 3,EUROPA CHAMPIONS LEAGUE,PSV,Shakhtar,13:45,17.5,,PENDENTE,,,,,,,0.9456,,
2026-09-10,Lay Draw (Fav<=1.40),GREECE 1,Panathinaikos,Kifisia,15:15,6.8,1.27,PENDENTE,,,,,,,0.8593,,
2026-09-10,Lay Draw (Fav<=1.40),SERBIA 1,Radnik Surdulica,Crvena Zvezda,14:00,7.6,1.27,PENDENTE,,,,,,,0.8742,,
2026-09-10,Lay Draw (Fav<=1.40),BRAZIL 2,Sport Recife,Ponte Preta,21:30,9.4,1.19,PENDENTE,,,,,,,0.8984,,
2026-09-10,Lay Over 4.5 (Under Pesado),BRAZIL 2,Vila Nova,Goias,19:30,19.5,1.5,PENDENTE,,,,,,,0.9512,,
2026-09-11,Lay 0x3 Top 3,PARAGUAY 1,Club 2 de Mayo de Pedro Juan Cab,Libertad,18:30,34.0,,PENDENTE,,,,,,,0.972,,
2026-09-11,Lay 0x3 Top 3,FRANCE 2,Nancy,Reims,15:00,32.0,,PENDENTE,,,,,,,0.9703,,
2026-09-11,Lay 2x2 Top 3,ITALY 2,Benevento,Verona,16:00,18.0,,PENDENTE,,,,,,,0.9471,,
2026-09-11,Lay 2x2 Top 3,FRANCE 2,Nancy,Reims,15:00,17.0,,PENDENTE,,,,,,,0.944,,
2026-09-11,Lay 2x2 Top 3,AUSTRIA 1,SV Ried,Red Bull Salzburg,14:30,17.5,,PENDENTE,,,,,,,0.9456,,
2026-09-11,Lay Draw (Fav<=1.40),SAUDI ARABIA 1,Al Ahli,Al-Hazm (KSA),15:00,7.4,1.26,PENDENTE,,,,,,,0.8707,,
2026-09-11,Lay Draw (Fav<=1.40),SAUDI ARABIA 1,Al-Quadisiya (KSA),Al-Ettifaq,12:25,7.6,1.28,PENDENTE,,,,,,,0.8742,,
2026-09-11,Lay Draw (Fav<=1.40),TURKEY 1,Besiktas,Erzurum BB,14:00,7.4,1.26,PENDENTE,,,,,,,0.8707,,
2026-09-11,Lay Draw (Fav<=1.40),DENMARK 1,FC Copenhagen,AC Horsens,14:00,6.2,1.34,PENDENTE,,,,,,,0.8455,,
2026-09-11,Lay Draw (Fav<=1.40),NETHERLANDS 2,Heracles,Jong AZ Alkmaar,15:00,7.4,1.34,PENDENTE,,,,,,,0.8707,,
2026-09-11,Lay Draw (Fav<=1.40),NETHERLANDS 2,NAC Breda,Jong FC Utrecht,15:00,7.0,1.34,PENDENTE,,,,,,,0.8633,,
2026-09-11,Lay Draw (Fav<=1.40),SERBIA 1,Zeleznicar Pancevo,Macva Sabac,13:30,5.9,1.37,PENDENTE,,,,,,,0.8376,,
2026-09-11,Lay Home/DC X2 (FavVis<=1.65),SAUDI ARABIA 1,Al Faisaly ( KSA ),Al-Ittihad,12:45,6.6,1.55,PENDENTE,,,,,,,0.855,,
2026-09-11,Lay Home/DC X2 (FavVis<=1.65),ROMANIA 1,Csikszereda,Dinamo Bucharest,15:00,7.6,1.56,PENDENTE,,,,,,,0.8742,,
2026-09-11,Lay Home/DC X2 (FavVis<=1.65),SCOTLAND 2,Morton,Livingston,15:30,6.4,1.64,PENDENTE,,,,,,,0.8504,,
2026-09-11,Lay Home/DC X2 (FavVis<=1.65),AUSTRIA 1,SV Ried,Red Bull Salzburg,14:30,6.8,1.57,PENDENTE,,,,,,,0.8593,,
2026-09-11,Lay Home/DC X2 (FavVis<=1.65),CZECH 1,Trinec,MFK Karvina,12:00,6.2,1.63,PENDENTE,,,,,,,0.8455,,
