Data,Hora,Liga,Jogo,Home,Away,Método,Mercado,Lado,Odd_Entrada,Odd_Fav,Placar,Resultado,1/0,Status,PnL_u,P/L,Passa_Filtro_Refinado,Detalhe_Filtro,Stake_Sugerida_R$,Risco_Red_R$,PnL_R$
2026-08-21,15:00,CZECH 1,MFK Karvina x Zizkov,MFK Karvina,Zizkov,Lay Draw (Fav <= 1.40),Match Odds (Draw),LAY,6.2,1.38,?,GREEN,1.0,🟢 GREEN,0.1856,0.1856,False,Over3.5=2.20 (<2.54),,,
2026-08-21,15:00,SAUDI ARABIA 1,Al Riyadh SC x Al Nassr,Al Riyadh SC,Al Nassr,Lay Draw (Fav <= 1.40),Match Odds (Draw),LAY,7.4,11.5,0x4,GREEN,1.0,🟢 GREEN,0.1508,0.1508,False,Over3.5=2.18 (<2.54),,,
2026-08-21,15:00,BOSNIA 1,Sarajevo x FK BSK Banja Luka,Sarajevo,FK BSK Banja Luka,Lay Draw (Fav <= 1.40),Match Odds (Draw),LAY,6.2,1.32,?,GREEN,1.0,🟢 GREEN,0.1856,0.1856,True,Over3.5=3.15 (>=2.54),,,
2026-08-21,15:00,ICELAND 2,Aegir x Afturelding,Aegir,Afturelding,Lay Draw (Fav <= 1.40),Match Odds (Draw),LAY,8.0,10.5,0x7,GREEN,1.0,🟢 GREEN,0.1379,0.1379,False,Over3.5=1.52 (<2.54),,,
2026-08-21,15:00,WALES 1,Cardiff Metropolitan x The New Saints,Cardiff Metropolitan,The New Saints,Lay Draw (Fav <= 1.40),Match Odds (Draw),LAY,5.8,9.4,0x5,GREEN,1.0,🟢 GREEN,0.201,0.201,True,Over3.5=2.64 (>=2.54),,,
2026-08-21,15:00,ENGLAND 1,Arsenal x Coventry,Arsenal,Coventry,Lay Draw (Fav <= 1.40),Match Odds (Draw),LAY,7.8,1.22,?,GREEN,1.0,🟢 GREEN,0.1419,0.1419,True,Over3.5=2.58 (>=2.54),,,
2026-08-21,15:00,ITALY 3,Union Brescia x Carpi,Union Brescia,Carpi,Lay Draw (Fav <= 1.40),Match Odds (Draw),LAY,5.5,1.36,?,GREEN,1.0,🟢 GREEN,0.2144,0.2144,True,Over3.5=3.50 (>=2.54),,,
2026-08-21,15:00,BOLIVIA 1,The Strongest x Universitario de Vinto,The Strongest,Universitario de Vinto,Lay Draw (Fav <= 1.40),Match Odds (Draw),LAY,6.0,1.4,?,GREEN,1.0,🟢 GREEN,0.193,0.193,False,Over3.5=2.04 (<2.54),,,
2026-08-21,15:00,CROATIA 1,Rudes x Lokomotiva,Rudes,Lokomotiva,Lay Home / DC X2 (Fav Visitante <= 1.65),Match Odds (Home),LAY,6.8,1.61,4x1,RED,0.0,🔴 RED,-1.0,-1.0,True,"Away=1.61 ([1.54, 1.65])",,,
2026-08-21,15:00,TURKEY 1,Erzurum BB x Galatasaray,Erzurum BB,Galatasaray,Lay Home / DC X2 (Fav Visitante <= 1.65),Match Odds (Home),LAY,7.4,1.56,0x4,GREEN,1.0,🟢 GREEN,0.1508,0.1508,True,"Away=1.56 ([1.54, 1.65])",,,
2026-08-21,15:00,IRELAND 2,Treaty United x Cork City,Treaty United,Cork City,Lay Home / DC X2 (Fav Visitante <= 1.65),Match Odds (Home),LAY,8.0,1.53,2x2,GREEN,1.0,🟢 GREEN,0.1379,0.1379,False,Away=1.53 (fora da faixa),,,
2026-08-22,15:00,ENGLAND 1,Hull x Man Utd,Hull,Man Utd,Lay Draw (Fav <= 1.40),Match Odds (Draw),LAY,5.7,10.0,2x0,GREEN,1.0,🟢 GREEN,0.2053,0.2053,True,Over3.5=2.54 (>=2.54),,,
2026-08-22,15:00,NETHERLANDS 2,NAC Breda x Jong Ajax Amsterdam,NAC Breda,Jong Ajax Amsterdam,Lay Draw (Fav <= 1.40),Match Odds (Draw),LAY,7.2,1.29,?,GREEN,1.0,🟢 GREEN,0.1556,0.1556,False,Over3.5=1.84 (<2.54),,,
2026-08-22,15:00,CZECH 1,SK Artis Brno x Sparta Prague,SK Artis Brno,Sparta Prague,Lay Draw (Fav <= 1.40),Match Odds (Draw),LAY,5.8,8.6,0x4,GREEN,1.0,🟢 GREEN,0.201,0.201,True,Over3.5=2.54 (>=2.54),,,
2026-08-22,15:00,BULGARIA 1,Ludogorets x Slavia Sofia,Ludogorets,Slavia Sofia,Lay Draw (Fav <= 1.40),Match Odds (Draw),LAY,5.5,1.36,?,RED,0.0,🔴 RED,-1.0,-1.0,True,Over3.5=2.78 (>=2.54),,,
2026-08-22,15:00,PERU 1,Sport Huancayo x Cesar Vallejo Moquegua,Sport Huancayo,Cesar Vallejo Moquegua,Lay Draw (Fav <= 1.40),Match Odds (Draw),LAY,5.7,1.38,?,GREEN,1.0,🟢 GREEN,0.2053,0.2053,True,Over3.5=2.94 (>=2.54),,,
2026-08-22,15:00,ITALY 1,Inter x AC Monza,Inter,AC Monza,Lay Draw (Fav <= 1.40),Match Odds (Draw),LAY,8.8,1.2,?,GREEN,1.0,🟢 GREEN,0.1237,0.1237,False,Over3.5=2.50 (<2.54),,,
2026-08-22,15:00,GREECE 1,AEK Athens x Iraklis,AEK Athens,Iraklis,Lay Draw (Fav <= 1.40),Match Odds (Draw),LAY,7.2,1.23,?,GREEN,1.0,🟢 GREEN,0.1556,0.1556,True,Over3.5=2.70 (>=2.54),,,
2026-08-22,15:00,CZECH 1,Slavia Prague x Bohemians 1905,Slavia Prague,Bohemians 1905,Lay Draw (Fav <= 1.40),Match Odds (Draw),LAY,6.4,1.34,?,RED,0.0,🔴 RED,-1.0,-1.0,False,Over3.5=2.30 (<2.54),,,
2026-08-22,15:00,FRANCE 2,St Etienne x Grenoble,St Etienne,Grenoble,Lay Draw (Fav <= 1.40),Match Odds (Draw),LAY,5.4,1.38,?,GREEN,1.0,🟢 GREEN,0.2193,0.2193,True,Over3.5=3.10 (>=2.54),,,
2026-08-22,15:00,SAUDI ARABIA 1,Al Ahli x Abha,Al Ahli,Abha,Lay Draw (Fav <= 1.40),Match Odds (Draw),LAY,7.8,1.22,?,GREEN,1.0,🟢 GREEN,0.1419,0.1419,False,Over3.5=2.24 (<2.54),,,
2026-08-22,15:00,BULGARIA 1,PFC Levski Sofia x Spartak Varna,PFC Levski Sofia,Spartak Varna,Lay Draw (Fav <= 1.40),Match Odds (Draw),LAY,6.2,1.31,?,GREEN,1.0,🟢 GREEN,0.1856,0.1856,True,Over3.5=2.82 (>=2.54),,,
2026-08-22,15:00,GREECE 1,Olympiakos x Atromitos,Olympiakos,Atromitos,Lay Draw (Fav <= 1.40),Match Odds (Draw),LAY,7.0,1.23,?,GREEN,1.0,🟢 GREEN,0.1608,0.1608,True,Over3.5=3.05 (>=2.54),,,
2026-08-22,15:00,TURKEY 1,Fenerbahce x Konyaspor,Fenerbahce,Konyaspor,Lay Draw (Fav <= 1.40),Match Odds (Draw),LAY,6.6,1.27,?,GREEN,1.0,🟢 GREEN,0.1723,0.1723,True,Over3.5=2.56 (>=2.54),,,
2026-08-22,15:00,ECUADOR 1,Univ Catolica (Ecu) x Manta FC,Univ Catolica (Ecu),Manta FC,Lay Draw (Fav <= 1.40),Match Odds (Draw),LAY,6.2,1.3,?,GREEN,1.0,🟢 GREEN,0.1856,0.1856,True,Over3.5=2.80 (>=2.54),,,
2026-08-22,15:00,PORTUGAL 1,Sporting Lisbon x Alverca,Sporting Lisbon,Alverca,Lay Draw (Fav <= 1.40),Match Odds (Draw),LAY,8.2,1.23,?,GREEN,1.0,🟢 GREEN,0.134,0.134,False,Over3.5=2.26 (<2.54),,,
2026-08-22,15:00,USA 1,Inter Miami CF x Toronto FC,Inter Miami CF,Toronto FC,Lay Draw (Fav <= 1.40),Match Odds (Draw),LAY,6.6,1.38,?,GREEN,1.0,🟢 GREEN,0.1723,0.1723,False,Over3.5=1.59 (<2.54),,,
2026-08-22,15:00,COLOMBIA 1,Ind Medellin x Cucuta Deportivo,Ind Medellin,Cucuta Deportivo,Lay Draw (Fav <= 1.40),Match Odds (Draw),LAY,6.8,1.27,?,GREEN,1.0,🟢 GREEN,0.1664,0.1664,True,Over3.5=2.78 (>=2.54),,,
2026-08-22,15:00,USA 1,Vancouver Whitecaps x FC Dallas,Vancouver Whitecaps,FC Dallas,Lay Draw (Fav <= 1.40),Match Odds (Draw),LAY,5.8,1.4,?,GREEN,1.0,🟢 GREEN,0.201,0.201,False,Over3.5=2.16 (<2.54),,,
2026-08-22,15:00,SOUTH KOREA 2,Cheonan City x Suwon Bluewings,Cheonan City,Suwon Bluewings,Lay Home / DC X2 (Fav Visitante <= 1.65),Match Odds (Home),LAY,6.4,1.57,0x1,GREEN,1.0,🟢 GREEN,0.1787,0.1787,True,"Away=1.57 ([1.54, 1.65])",,,
2026-08-22,15:00,CHINA 1,Meizhou Hakka x Guangdong GZ-Power FC,Meizhou Hakka,Guangdong GZ-Power FC,Lay Home / DC X2 (Fav Visitante <= 1.65),Match Odds (Home),LAY,8.2,1.47,1x5,GREEN,1.0,🟢 GREEN,0.134,0.134,False,Away=1.47 (fora da faixa),,,
2026-08-22,15:00,NETHERLANDS 1,Fortuna Sittard x AZ Alkmaar,Fortuna Sittard,AZ Alkmaar,Lay Home / DC X2 (Fav Visitante <= 1.65),Match Odds (Home),LAY,5.7,1.64,0x2,GREEN,1.0,🟢 GREEN,0.2053,0.2053,True,"Away=1.64 ([1.54, 1.65])",,,
2026-08-22,15:00,CZECH 1,SK Artis Brno x Sparta Prague,SK Artis Brno,Sparta Prague,Lay Home / DC X2 (Fav Visitante <= 1.65),Match Odds (Home),LAY,9.4,1.4,0x4,GREEN,1.0,🟢 GREEN,0.1149,0.1149,False,Away=1.40 (fora da faixa),,,
2026-08-22,15:00,ESTONIA 1,Harju JK Laagri x Nomme Kalju,Harju JK Laagri,Nomme Kalju,Lay Home / DC X2 (Fav Visitante <= 1.65),Match Odds (Home),LAY,5.6,1.65,1x0,RED,0.0,🔴 RED,-1.0,-1.0,True,"Away=1.65 ([1.54, 1.65])",,,
2026-08-22,15:00,SPAIN 1,Espanyol x Real Madrid,Espanyol,Real Madrid,Lay Home / DC X2 (Fav Visitante <= 1.65),Match Odds (Home),LAY,8.6,1.44,1x2,GREEN,1.0,🟢 GREEN,0.127,0.127,False,Away=1.44 (fora da faixa),,,
2026-08-22,15:00,VENEZUELA 1,Rayo Zuliano x Deportivo La Guaira,Rayo Zuliano,Deportivo La Guaira,Lay Home / DC X2 (Fav Visitante <= 1.65),Match Odds (Home),LAY,7.0,1.64,1x4,GREEN,1.0,🟢 GREEN,0.1608,0.1608,True,"Away=1.64 ([1.54, 1.65])",,,
2026-08-22,15:00,ITALY 3,FC Guidonia Montecelio 1937 x Gubbio,FC Guidonia Montecelio 1937,Gubbio,Lay Over 4.5 FT (Under Pesado),Over/Under 4.5 FT,LAY,18.0,2.36,3x0,GREEN,1.0,🟢 GREEN,0.0568,0.0568,True,Under <= 1.50,,,
2026-08-22,15:00,EGYPT 1,Al-Masry x Smouha,Al-Masry,Smouha,Lay Over 4.5 FT (Under Pesado),Over/Under 4.5 FT,LAY,19.0,2.46,1x0,GREEN,1.0,🟢 GREEN,0.0536,0.0536,True,Under <= 1.50,,,
2026-08-23,15:00,CHINA 1,Shanghai Port FC x Qingdao Hainiu,Shanghai Port FC,Qingdao Hainiu,Lay Draw (Fav <= 1.40),Match Odds (Draw),LAY,6.6,1.35,?,GREEN,1.0,🟢 GREEN,0.1723,0.1723,False,Over3.5=1.85 (<2.54),,,
2026-08-23,15:00,FINLAND 1,KuPS x IFK Mariehamn,KuPS,IFK Mariehamn,Lay Draw (Fav <= 1.40),Match Odds (Draw),LAY,6.0,1.37,?,GREEN,1.0,🟢 GREEN,0.193,0.193,False,Over3.5=2.36 (<2.54),,,
2026-08-23,15:00,SWITZERLAND 1,Young Boys x FC Vaduz,Young Boys,FC Vaduz,Lay Draw (Fav <= 1.40),Match Odds (Draw),LAY,6.8,1.33,?,GREEN,1.0,🟢 GREEN,0.1664,0.1664,False,Over3.5=1.60 (<2.54),,,
2026-08-23,15:00,NETHERLANDS 1,PSV x FC Groningen,PSV,FC Groningen,Lay Draw (Fav <= 1.40),Match Odds (Draw),LAY,7.0,1.31,?,GREEN,1.0,🟢 GREEN,0.1608,0.1608,False,Over3.5=1.72 (<2.54),,,
2026-08-23,15:00,NETHERLANDS 1,Cambuur Leeuwarden x Feyenoord,Cambuur Leeuwarden,Feyenoord,Lay Draw (Fav <= 1.40),Match Odds (Draw),LAY,7.4,14.0,2x5,GREEN,1.0,🟢 GREEN,0.1508,0.1508,False,Over3.5=1.90 (<2.54),,,
2026-08-23,15:00,BELGIUM 1,Club Brugge x Cercle Brugge,Club Brugge,Cercle Brugge,Lay Draw (Fav <= 1.40),Match Odds (Draw),LAY,7.0,1.32,?,GREEN,1.0,🟢 GREEN,0.1608,0.1608,False,Over3.5=1.83 (<2.54),,,
2026-08-23,15:00,BOSNIA 1,Borac Banja Luka x Celik Zenica,Borac Banja Luka,Celik Zenica,Lay Draw (Fav <= 1.40),Match Odds (Draw),LAY,7.6,1.22,?,GREEN,1.0,🟢 GREEN,0.1462,0.1462,True,Over3.5=2.74 (>=2.54),,,
2026-08-23,15:00,SERBIA 1,Crvena Zvezda x Cukaricki,Crvena Zvezda,Cukaricki,Lay Draw (Fav <= 1.40),Match Odds (Draw),LAY,8.8,1.2,?,GREEN,1.0,🟢 GREEN,0.1237,0.1237,False,Over3.5=2.04 (<2.54),,,
2026-08-23,15:00,BOSNIA 1,Zrinjski x Zeljeznicar,Zrinjski,Zeljeznicar,Lay Draw (Fav <= 1.40),Match Odds (Draw),LAY,8.0,1.2,?,GREEN,1.0,🟢 GREEN,0.1379,0.1379,True,Over3.5=2.88 (>=2.54),,,
2026-08-23,15:00,ICELAND 1,Vikingur Reykjavik x Valur,Vikingur Reykjavik,Valur,Lay Draw (Fav <= 1.40),Match Odds (Draw),LAY,6.8,1.36,?,GREEN,1.0,🟢 GREEN,0.1664,0.1664,False,Over3.5=1.64 (<2.54),,,
2026-08-23,15:00,PORTUGAL 1,Porto x Arouca,Porto,Arouca,Lay Draw (Fav <= 1.40),Match Odds (Draw),LAY,6.6,1.3,?,GREEN,1.0,🟢 GREEN,0.1723,0.1723,True,Over3.5=2.82 (>=2.54),,,
2026-08-23,15:00,SPAIN 1,Elche x Barcelona,Elche,Barcelona,Lay Draw (Fav <= 1.40),Match Odds (Draw),LAY,6.2,9.4,0x5,GREEN,1.0,🟢 GREEN,0.1856,0.1856,False,Over3.5=2.34 (<2.54),,,
2026-08-23,15:00,PERU 1,Universitario de Deportes x CD Los Chankas,Universitario de Deportes,CD Los Chankas,Lay Draw (Fav <= 1.40),Match Odds (Draw),LAY,6.8,1.27,?,GREEN,1.0,🟢 GREEN,0.1664,0.1664,True,Over3.5=2.88 (>=2.54),,,
2026-08-23,15:00,BULGARIA 1,Septemvri x CSKA 1948 Sofia,Septemvri,CSKA 1948 Sofia,Lay Home / DC X2 (Fav Visitante <= 1.65),Match Odds (Home),LAY,7.0,1.61,1x0,RED,0.0,🔴 RED,-1.0,-1.0,True,"Away=1.61 ([1.54, 1.65])",,,
2026-08-23,15:00,ESTONIA 1,Parnu JK Vaprus x Tallinna FC Flora,Parnu JK Vaprus,Tallinna FC Flora,Lay Home / DC X2 (Fav Visitante <= 1.65),Match Odds (Home),LAY,5.7,1.59,1x2,GREEN,1.0,🟢 GREEN,0.2053,0.2053,True,"Away=1.59 ([1.54, 1.65])",,,
2026-08-23,15:00,TURKEY 2,Boluspor x Mardin Buyuksehir Belediyespor,Boluspor,Mardin Buyuksehir Belediyespor,Lay Home / DC X2 (Fav Visitante <= 1.65),Match Odds (Home),LAY,7.2,1.61,0x3,GREEN,1.0,🟢 GREEN,0.1556,0.1556,True,"Away=1.61 ([1.54, 1.65])",,,
2026-08-23,15:00,ITALY 1,Frosinone x Juventus,Frosinone,Juventus,Lay Home / DC X2 (Fav Visitante <= 1.65),Match Odds (Home),LAY,8.4,1.48,0x1,GREEN,1.0,🟢 GREEN,0.1304,0.1304,False,Away=1.48 (fora da faixa),,,
2026-08-23,15:00,ISRAEL 1,Hapoel Jerusalem x Maccabi Tel Aviv,Hapoel Jerusalem,Maccabi Tel Aviv,Lay Home / DC X2 (Fav Visitante <= 1.65),Match Odds (Home),LAY,8.6,1.5,2x5,GREEN,1.0,🟢 GREEN,0.127,0.127,False,Away=1.50 (fora da faixa),,,
2026-08-23,15:00,FRANCE 1,Rennes x Paris St-G,Rennes,Paris St-G,Lay Home / DC X2 (Fav Visitante <= 1.65),Match Odds (Home),LAY,7.0,1.5,2x2,GREEN,1.0,🟢 GREEN,0.1608,0.1608,False,Away=1.50 (fora da faixa),,,
2026-08-23,15:00,BOLIVIA 1,CDT Real Oruro x Bolivar,CDT Real Oruro,Bolivar,Lay Home / DC X2 (Fav Visitante <= 1.65),Match Odds (Home),LAY,8.0,1.44,2x4,GREEN,1.0,🟢 GREEN,0.1379,0.1379,False,Away=1.44 (fora da faixa),,,
2026-08-23,15:00,SPAIN 1,Elche x Barcelona,Elche,Barcelona,Lay Home / DC X2 (Fav Visitante <= 1.65),Match Odds (Home),LAY,9.6,1.37,0x5,GREEN,1.0,🟢 GREEN,0.1122,0.1122,False,Away=1.37 (fora da faixa),,,
2026-08-23,15:00,BOLIVIA 1,Real Tomayapo x Always Ready,Real Tomayapo,Always Ready,Lay Home / DC X2 (Fav Visitante <= 1.65),Match Odds (Home),LAY,6.4,1.61,1x1,GREEN,1.0,🟢 GREEN,0.1787,0.1787,True,"Away=1.61 ([1.54, 1.65])",,,
2026-08-23,15:00,COLOMBIA 2,Quindio x Envigado,Quindio,Envigado,Lay Over 4.5 FT (Under Pesado),Over/Under 4.5 FT,LAY,18.0,2.36,1x0,GREEN,1.0,🟢 GREEN,0.0568,0.0568,True,Under <= 1.50,,,
2026-08-24,15:00,PARAGUAY 1,Libertad x Sportivo San Lorenzo,Libertad,Sportivo San Lorenzo,Lay Draw (Fav <= 1.40),Match Odds (Draw),LAY,5.4,1.37,?,GREEN,1.0,🟢 GREEN,0.2193,0.2193,True,Over3.5=2.96 (>=2.54),,,
2026-08-24,15:00,COLOMBIA 2,Boyaca Patriotas x Atletico FC Cali,Boyaca Patriotas,Atletico FC Cali,Lay Draw (Fav <= 1.40),Match Odds (Draw),LAY,5.4,1.39,?,GREEN,1.0,🟢 GREEN,0.2193,0.2193,True,Over3.5=3.05 (>=2.54),,,
2026-08-24,15:00,SAUDI ARABIA 1,NEOM Sports Club x Al-Quadisiya (KSA),NEOM Sports Club,Al-Quadisiya (KSA),Lay Home / DC X2 (Fav Visitante <= 1.65),Match Odds (Home),LAY,7.0,1.51,0x2,GREEN,1.0,🟢 GREEN,0.1608,0.1608,False,Away=1.51 (fora da faixa),,,
2026-08-24,15:00,NETHERLANDS 2,Jong FC Utrecht x Heracles,Jong FC Utrecht,Heracles,Lay Home / DC X2 (Fav Visitante <= 1.65),Match Odds (Home),LAY,6.8,1.52,1x6,GREEN,1.0,🟢 GREEN,0.1664,0.1664,False,Away=1.52 (fora da faixa),,,
2026-08-25,15:00,SOUTH AFRICA 1,Orlando Pirates (SA) x Sekhukhune United,Orlando Pirates (SA),Sekhukhune United,Lay Draw (Fav <= 1.40),Match Odds (Draw),LAY,5.4,1.36,?,GREEN,1.0,🟢 GREEN,0.2193,0.2193,True,Over3.5=3.85 (>=2.54),,,
2026-08-25,15:00,SAUDI ARABIA 1,Al-Ettifaq x Al Nassr,Al-Ettifaq,Al Nassr,Lay Draw (Fav <= 1.40),Match Odds (Draw),LAY,7.6,10.0,2x3,GREEN,1.0,🟢 GREEN,0.1462,0.1462,False,Over3.5=1.83 (<2.54),,,
2026-08-25,15:00,ICELAND 2,Afturelding x Grotta,Afturelding,Grotta,Lay Draw (Fav <= 1.40),Match Odds (Draw),LAY,9.0,1.26,?,GREEN,1.0,🟢 GREEN,0.1206,0.1206,False,Over3.5=1.60 (<2.54),,,
2026-08-25,15:00,ENGLAND CUP,Doncaster x Middlesbrough,Doncaster,Middlesbrough,Lay Home / DC X2 (Fav Visitante <= 1.65),Match Odds (Home),LAY,6.2,1.62,1x3,GREEN,1.0,🟢 GREEN,0.1856,0.1856,True,"Away=1.62 ([1.54, 1.65])",,,
2026-08-25,15:00,ENGLAND CUP,Sheff Wed x Wolves,Sheff Wed,Wolves,Lay Home / DC X2 (Fav Visitante <= 1.65),Match Odds (Home),LAY,6.6,1.61,0x2,GREEN,1.0,🟢 GREEN,0.1723,0.1723,True,"Away=1.61 ([1.54, 1.65])",,,
2026-08-25,15:00,ARGENTINA 2,Deportivo Madryn x Godoy Cruz,Deportivo Madryn,Godoy Cruz,Lay Over 4.5 FT (Under Pesado),Over/Under 4.5 FT,LAY,18.5,2.2,2x0,GREEN,1.0,🟢 GREEN,0.0551,0.0551,True,Under <= 1.50,,,
2026-08-25,15:00,COLOMBIA 1,Santa Fe x Jaguares de Cordoba,Santa Fe,Jaguares de Cordoba,Lay Over 4.5 FT (Under Pesado),Over/Under 4.5 FT,LAY,10.5,1.28,,PENDENTE,,⏳ PENDENTE,0.0,0.0,True,Under <= 1.50,,,
2026-08-26,15:00,NORWAY 2,Stromsgodset x Hodd,Stromsgodset,Hodd,Lay Draw (Fav <= 1.40),Match Odds (Draw),LAY,8.2,1.27,?,GREEN,1.0,🟢 GREEN,0.134,0.134,False,Over3.5=1.87 (<2.54),,,
2026-08-26,15:00,SOUTH AFRICA 1,Mamelodi Sundowns x AmaZulu,Mamelodi Sundowns,AmaZulu,Lay Draw (Fav <= 1.40),Match Odds (Draw),LAY,6.4,1.28,?,GREEN,1.0,🟢 GREEN,0.1787,0.1787,True,Over3.5=3.20 (>=2.54),,,
2026-08-26,15:00,ENGLAND CUP,Newcastle x West Brom,Newcastle,West Brom,Lay Draw (Fav <= 1.40),Match Odds (Draw),LAY,6.0,1.38,?,GREEN,1.0,🟢 GREEN,0.193,0.193,False,Over3.5=2.30 (<2.54),,,
2026-08-26,15:00,ENGLAND CUP,Tottenham x Charlton,Tottenham,Charlton,Lay Draw (Fav <= 1.40),Match Odds (Draw),LAY,7.0,1.27,?,GREEN,1.0,🟢 GREEN,0.1608,0.1608,False,Over3.5=2.20 (<2.54),,,
2026-08-26,15:00,SPAIN 1,Real Madrid x Real Sociedad,Real Madrid,Real Sociedad,Lay Draw (Fav <= 1.40),Match Odds (Draw),LAY,6.8,1.3,?,GREEN,1.0,🟢 GREEN,0.1664,0.1664,False,Over3.5=2.06 (<2.54),,,
2026-08-26,15:00,BOLIVIA 1,Real Potosi x Real Tomayapo,Real Potosi,Real Tomayapo,Lay Draw (Fav <= 1.40),Match Odds (Draw),LAY,5.9,1.34,?,GREEN,1.0,🟢 GREEN,0.1969,0.1969,False,Over3.5=2.48 (<2.54),,,
2026-08-26,15:00,ARGENTINA 2,CA Colegiales x FC Midland,CA Colegiales,FC Midland,Lay Draw (Fav <= 1.40),Match Odds (Draw),LAY,6.6,2.42,,PENDENTE,,⏳ PENDENTE,0.0,0.0,False,Over3.5=1.05 (<2.54),,,
2026-08-26,15:00,BOLIVIA 1,Blooming Santa Cruz x CDT Real Oruro,Blooming Santa Cruz,CDT Real Oruro,Lay Draw (Fav <= 1.40),Match Odds (Draw),LAY,7.2,1.36,?,RED,0.0,🔴 RED,-1.0,-1.0,False,Over3.5=1.67 (<2.54),,,
2026-08-26,15:00,COPA SUDAMERICANA,River Plate x Santa Fe,River Plate,Santa Fe,Lay Draw (Fav <= 1.40),Match Odds (Draw),LAY,5.2,1.36,?,RED,0.0,🔴 RED,-1.0,-1.0,True,Over3.5=4.30 (>=2.54),,,
2026-08-26,15:00,ENGLAND CUP,Preston x Everton,Preston,Everton,Lay Home / DC X2 (Fav Visitante <= 1.65),Match Odds (Home),LAY,7.2,1.55,0x4,GREEN,1.0,🟢 GREEN,0.1556,0.1556,True,"Away=1.55 ([1.54, 1.65])",,,
2026-08-26,15:00,ARGENTINA 2,Patronato x CA Atlanta,Patronato,CA Atlanta,Lay Over 4.5 FT (Under Pesado),Over/Under 4.5 FT,LAY,19.5,2.5,2x0,GREEN,1.0,🟢 GREEN,0.0522,0.0522,True,Under <= 1.50,,,
2026-08-27,15:00,EUROPA CONFERENCE LEAGUE,Freiburg x Motherwell,Freiburg,Motherwell,Lay Draw (Fav <= 1.40),Match Odds (Draw),LAY,9.2,1.2,?,GREEN,1.0,🟢 GREEN,0.1177,0.1177,False,Over3.5=2.18 (<2.54),,,
2026-08-27,15:00,EUROPA CONFERENCE LEAGUE,FC Copenhagen x FC Inter Turku,FC Copenhagen,FC Inter Turku,Lay Draw (Fav <= 1.40),Match Odds (Draw),LAY,6.4,1.31,?,GREEN,1.0,🟢 GREEN,0.1787,0.1787,False,Over3.5=2.46 (<2.54),,,
2026-08-27,15:00,EUROPA CONFERENCE LEAGUE,Pafos FC x Dinamo Tirana,Pafos FC,Dinamo Tirana,Lay Draw (Fav <= 1.40),Match Odds (Draw),LAY,6.2,1.32,?,GREEN,1.0,🟢 GREEN,0.1856,0.1856,True,Over3.5=2.72 (>=2.54),,,
2026-08-27,15:00,EUROPA LEAGUE,FK Kauno Zalgiris x Besiktas,FK Kauno Zalgiris,Besiktas,Lay Draw (Fav <= 1.40),Match Odds (Draw),LAY,5.4,9.6,1x0,GREEN,1.0,🟢 GREEN,0.2193,0.2193,True,Over3.5=3.05 (>=2.54),,,
2026-08-27,15:00,EUROPA LEAGUE,Red Bull Salzburg x Mjallby,Red Bull Salzburg,Mjallby,Lay Draw (Fav <= 1.40),Match Odds (Draw),LAY,7.6,1.25,?,GREEN,1.0,🟢 GREEN,0.1462,0.1462,False,Over3.5=2.20 (<2.54),,,
2026-08-27,15:00,EUROPA CONFERENCE LEAGUE,Ajax x Sion,Ajax,Sion,Lay Draw (Fav <= 1.40),Match Odds (Draw),LAY,6.6,1.36,?,GREEN,1.0,🟢 GREEN,0.1723,0.1723,False,Over3.5=1.84 (<2.54),,,
2026-08-27,15:00,ENGLAND CUP,Chelsea x Luton,Chelsea,Luton,Lay Draw (Fav <= 1.40),Match Odds (Draw),LAY,10.0,1.17,2x0,GREEN,1.0,🟢 GREEN,0.1072,0.1072,False,Over3.5=1.87 (<2.54),,,
2026-08-27,15:00,EUROPA CONFERENCE LEAGUE,Brighton x Tromso,Brighton,Tromso,Lay Draw (Fav <= 1.40),Match Odds (Draw),LAY,7.6,1.23,?,GREEN,1.0,🟢 GREEN,0.1462,0.1462,False,Over3.5=2.30 (<2.54),,,
2026-08-27,15:00,EUROPA LEAGUE,Anderlecht x Kairat Almaty,Anderlecht,Kairat Almaty,Lay Draw (Fav <= 1.40),Match Odds (Draw),LAY,5.6,1.39,?,GREEN,1.0,🟢 GREEN,0.2098,0.2098,True,Over3.5=2.90 (>=2.54),,,
2026-08-27,15:00,BOLIVIA 1,Always Ready x Aurora,Always Ready,Aurora,Lay Draw (Fav <= 1.40),Match Odds (Draw),LAY,7.2,1.28,?,RED,0.0,🔴 RED,-1.0,-1.0,False,Over3.5=2.08 (<2.54),,,
2026-08-27,15:00,ENGLAND CUP,Fulham x AFC Wimbledon,Fulham,AFC Wimbledon,Lay Draw (Fav <= 1.40),Match Odds (Draw),LAY,7.8,1.24,?,GREEN,1.0,🟢 GREEN,0.1419,0.1419,False,Over3.5=2.08 (<2.54),,,
2026-08-27,15:00,SPAIN 1,Barcelona x Athletic Bilbao,Barcelona,Athletic Bilbao,Lay Draw (Fav <= 1.40),Match Odds (Draw),LAY,7.8,1.25,?,GREEN,1.0,🟢 GREEN,0.1419,0.1419,False,Over3.5=2.02 (<2.54),,,
2026-08-27,15:00,EUROPA LEAGUE,FK Kauno Zalgiris x Besiktas,FK Kauno Zalgiris,Besiktas,Lay Home / DC X2 (Fav Visitante <= 1.65),Match Odds (Home),LAY,10.0,1.4,1x0,RED,0.0,🔴 RED,-1.0,-1.0,False,Away=1.40 (fora da faixa),,,
2026-08-27,15:00,EUROPA CONFERENCE LEAGUE,Hapoel Tel Aviv x Atalanta,Hapoel Tel Aviv,Atalanta,Lay Home / DC X2 (Fav Visitante <= 1.65),Match Odds (Home),LAY,7.6,1.51,0x1,GREEN,1.0,🟢 GREEN,0.1462,0.1462,False,Away=1.51 (fora da faixa),,,
2026-08-27,15:00,EUROPA LEAGUE,AGF x Benfica,AGF,Benfica,Lay Home / DC X2 (Fav Visitante <= 1.65),Match Odds (Home),LAY,8.0,1.44,1x3,GREEN,1.0,🟢 GREEN,0.1379,0.1379,False,Away=1.44 (fora da faixa),,,
2026-08-27,15:00,PARAGUAY CUP,Resistencia SC x Cerro Porteno,Resistencia SC,Cerro Porteno,Lay Home / DC X2 (Fav Visitante <= 1.65),Match Odds (Home),LAY,10.0,1.42,0x1,GREEN,1.0,🟢 GREEN,0.1072,0.1072,False,Away=1.42 (fora da faixa),,,
2026-08-27,15:00,ARGENTINA CUP,CA Platense x Instituto,CA Platense,Instituto,Lay Over 4.5 FT (Under Pesado),Over/Under 4.5 FT,LAY,18.0,3.95,1x1,GREEN,1.0,🟢 GREEN,0.0568,0.0568,True,Under <= 1.50,,,
2026-08-28,15:00,SAUDI ARABIA 1,Al-Khaleej Saihat x Al-Hilal,Al-Khaleej Saihat,Al-Hilal,Lay Draw (Fav <= 1.40),Match Odds (Draw),LAY,6.6,11.5,1x5,GREEN,1.0,🟢 GREEN,0.1723,0.1723,False,Over3.5=2.52 (<2.54),,,
2026-08-28,15:00,SAUDI ARABIA 1,Al Nassr x Al-Taawoun Buraidah,Al Nassr,Al-Taawoun Buraidah,Lay Draw (Fav <= 1.40),Match Odds (Draw),LAY,6.8,1.29,?,GREEN,1.0,🟢 GREEN,0.1664,0.1664,False,Over3.5=1.98 (<2.54),,,
2026-08-28,15:00,GERMANY 1,Bayern Munich x Stuttgart,Bayern Munich,Stuttgart,Lay Draw (Fav <= 1.40),Match Odds (Draw),LAY,8.4,1.25,?,GREEN,1.0,🟢 GREEN,0.1304,0.1304,False,Over3.5=1.49 (<2.54),,,
2026-08-28,15:00,IRELAND 2,Cork City x Wexford F.C,Cork City,Wexford F.C,Lay Draw (Fav <= 1.40),Match Odds (Draw),LAY,6.6,1.33,?,GREEN,1.0,🟢 GREEN,0.1723,0.1723,False,Over3.5=2.22 (<2.54),,,
2026-08-28,15:00,IRELAND 2,UCD x Finn Harps,UCD,Finn Harps,Lay Draw (Fav <= 1.40),Match Odds (Draw),LAY,8.0,1.25,?,GREEN,1.0,🟢 GREEN,0.1379,0.1379,False,Over3.5=1.99 (<2.54),,,
2026-08-28,15:00,IRELAND 1,Bohemians x Sligo Rovers,Bohemians,Sligo Rovers,Lay Draw (Fav <= 1.40),Match Odds (Draw),LAY,6.8,1.28,?,GREEN,1.0,🟢 GREEN,0.1664,0.1664,False,Over3.5=2.40 (<2.54),,,
2026-08-28,15:00,IRELAND 1,St Patricks x Waterford,St Patricks,Waterford,Lay Draw (Fav <= 1.40),Match Odds (Draw),LAY,5.7,1.4,?,GREEN,1.0,🟢 GREEN,0.2053,0.2053,False,Over3.5=2.44 (<2.54),,,
2026-08-28,15:00,WALES 1,Holywell Town x Caernarfon Town,Holywell Town,Caernarfon Town,Lay Draw (Fav <= 1.40),Match Odds (Draw),LAY,8.6,12.5,3x5,GREEN,1.0,🟢 GREEN,0.127,0.127,False,Over3.5=2.04 (<2.54),,,
2026-08-28,15:00,WALES 1,The New Saints x Colwyn Bay,The New Saints,Colwyn Bay,Lay Draw (Fav <= 1.40),Match Odds (Draw),LAY,7.0,1.28,?,GREEN,1.0,🟢 GREEN,0.1608,0.1608,False,Over3.5=2.44 (<2.54),,,
2026-08-28,15:00,ICELAND 2,Fylkir x Grotta,Fylkir,Grotta,Lay Draw (Fav <= 1.40),Match Odds (Draw),LAY,6.8,1.38,?,GREEN,1.0,🟢 GREEN,0.1664,0.1664,False,Over3.5=1.65 (<2.54),,,
2026-08-28,15:00,PORTUGAL 1,Rio Ave x Sporting Lisbon,Rio Ave,Sporting Lisbon,Lay Draw (Fav <= 1.40),Match Odds (Draw),LAY,5.8,11.0,0x4,GREEN,1.0,🟢 GREEN,0.201,0.201,True,Over3.5=2.62 (>=2.54),,,
2026-08-28,15:00,SOUTH KOREA 2,Ansan Greeners FC x Daegu Fc,Ansan Greeners FC,Daegu Fc,Lay Home / DC X2 (Fav Visitante <= 1.65),Match Odds (Home),LAY,8.2,1.43,1x2,GREEN,1.0,🟢 GREEN,0.134,0.134,False,Away=1.43 (fora da faixa),,,
2026-08-28,15:00,SAUDI ARABIA 1,Al-Anwar Club x Al-Ula FC,Al-Anwar Club,Al-Ula FC,Lay Home / DC X2 (Fav Visitante <= 1.65),Match Odds (Home),LAY,6.8,1.59,0x1,GREEN,1.0,🟢 GREEN,0.1664,0.1664,True,"Away=1.59 ([1.54, 1.65])",,,
2026-08-28,15:00,EGYPT 1,Al Ittihad (EGY) x Ceramica Cleopatra,Al Ittihad (EGY),Ceramica Cleopatra,Lay Over 4.5 FT (Under Pesado),Over/Under 4.5 FT,LAY,20.0,5.6,1x3,GREEN,1.0,🟢 GREEN,0.0508,0.0508,True,Under <= 1.50,,,
2026-08-29,15:00,ROMANIA 2,Bihor Oradea x CSL Stefanestii de Jos,Bihor Oradea,CSL Stefanestii de Jos,Lay Draw (Fav <= 1.40),Match Odds (Draw),LAY,7.0,1.26,2x0,GREEN,1.0,🟢 GREEN,0.1608,0.1608,True,Over3.5=2.70 (>=2.54),,,
2026-08-29,15:00,CHINA 1,Chengdu Rongcheng x Liaoning Tieren FC,Chengdu Rongcheng,Liaoning Tieren FC,Lay Draw (Fav <= 1.40),Match Odds (Draw),LAY,6.2,1.39,2x1,GREEN,1.0,🟢 GREEN,0.1856,0.1856,False,Over3.5=2.18 (<2.54),,,
2026-08-29,15:00,ICELAND 2,Afturelding x IF Vestri,Afturelding,IF Vestri,Lay Draw (Fav <= 1.40),Match Odds (Draw),LAY,9.8,1.2,1x0,GREEN,1.0,🟢 GREEN,0.1097,0.1097,False,Over3.5=1.77 (<2.54),,,
2026-08-29,15:00,SCOTLAND 2,Partick x Queens Park,Partick,Queens Park,Lay Draw (Fav <= 1.40),Match Odds (Draw),LAY,5.9,1.33,0x0,RED,0.0,🔴 RED,-1.0,-1.0,True,Over3.5=2.88 (>=2.54),,,
2026-08-29,15:00,SCOTLAND 1,Celtic x Falkirk,Celtic,Falkirk,Lay Draw (Fav <= 1.40),Match Odds (Draw),LAY,7.0,1.27,3x1,GREEN,1.0,🟢 GREEN,0.1608,0.1608,False,Over3.5=2.30 (<2.54),,,
2026-08-29,15:00,NETHERLANDS 1,AZ Alkmaar x Go Ahead Eagles,AZ Alkmaar,Go Ahead Eagles,Lay Draw (Fav <= 1.40),Match Odds (Draw),LAY,6.0,1.4,5x2,GREEN,1.0,🟢 GREEN,0.193,0.193,False,Over3.5=1.98 (<2.54),,,
2026-08-29,15:00,PORTUGAL 1,Academico de Viseu x Porto,Academico de Viseu,Porto,Lay Draw (Fav <= 1.40),Match Odds (Draw),LAY,6.4,12.5,0x3,GREEN,1.0,🟢 GREEN,0.1787,0.1787,True,Over3.5=2.88 (>=2.54),,,
2026-08-29,15:00,TURKEY 1,Galatasaray x Goztepe,Galatasaray,Goztepe,Lay Draw (Fav <= 1.40),Match Odds (Draw),LAY,6.4,1.33,3x1,GREEN,1.0,🟢 GREEN,0.1787,0.1787,False,Over3.5=2.36 (<2.54),,,
2026-08-29,15:00,ITALY 1,Juventus x Parma,Juventus,Parma,Lay Draw (Fav <= 1.40),Match Odds (Draw),LAY,6.8,1.26,2x0,GREEN,1.0,🟢 GREEN,0.1664,0.1664,True,Over3.5=3.05 (>=2.54),,,
2026-08-29,15:00,CROATIA 1,Varazdin x Rudes,Varazdin,Rudes,Lay Draw (Fav <= 1.40),Match Odds (Draw),LAY,6.8,1.3,1x0,GREEN,1.0,🟢 GREEN,0.1664,0.1664,True,Over3.5=2.66 (>=2.54),,,
2026-08-29,15:00,COLOMBIA 2,Real Cartagena x Tigres FC Zipaquira,Real Cartagena,Tigres FC Zipaquira,Lay Draw (Fav <= 1.40),Match Odds (Draw),LAY,6.8,1.27,1x0,GREEN,1.0,🟢 GREEN,0.1664,0.1664,True,Over3.5=3.10 (>=2.54),,,
2026-08-29,15:00,PERU 1,Alianza Lima x Deportivo Garcilaso,Alianza Lima,Deportivo Garcilaso,Lay Draw (Fav <= 1.40),Match Odds (Draw),LAY,5.5,1.34,3x4,GREEN,1.0,🟢 GREEN,0.2144,0.2144,True,Over3.5=3.45 (>=2.54),,,
2026-08-29,15:00,JAPAN 1,Nagasaki x FC Tokyo,Nagasaki,FC Tokyo,Lay Home / DC X2 (Fav Visitante <= 1.65),Match Odds (Home),LAY,6.2,1.62,0x1,GREEN,1.0,🟢 GREEN,0.1856,0.1856,True,"Away=1.62 ([1.54, 1.65])",,,
2026-08-29,15:00,GERMANY 1,Elversberg x Leverkusen,Elversberg,Leverkusen,Lay Home / DC X2 (Fav Visitante <= 1.65),Match Odds (Home),LAY,5.8,1.63,1x2,GREEN,1.0,🟢 GREEN,0.201,0.201,True,"Away=1.63 ([1.54, 1.65])",,,
2026-08-29,15:00,SAUDI ARABIA 1,Al-Kholood Club x Al Ahli,Al-Kholood Club,Al Ahli,Lay Home / DC X2 (Fav Visitante <= 1.65),Match Odds (Home),LAY,9.0,1.44,0x1,GREEN,1.0,🟢 GREEN,0.1206,0.1206,False,Away=1.44 (fora da faixa),,,
2026-08-29,15:00,CROATIA 1,NK Istra x Dinamo Zagreb,NK Istra,Dinamo Zagreb,Lay Home / DC X2 (Fav Visitante <= 1.65),Match Odds (Home),LAY,8.0,1.45,0x2,GREEN,1.0,🟢 GREEN,0.1379,0.1379,False,Away=1.45 (fora da faixa),,,
2026-08-29,15:00,ISRAEL 1,Hapoel Ramat Gan x Hapoel Be'er Sheva,Hapoel Ramat Gan,Hapoel Be'er Sheva,Lay Home / DC X2 (Fav Visitante <= 1.65),Match Odds (Home),LAY,8.4,1.48,0x2,GREEN,1.0,🟢 GREEN,0.1304,0.1304,False,Away=1.48 (fora da faixa),,,
2026-08-29,15:00,USA 1,Kansas City x Vancouver Whitecaps,Kansas City,Vancouver Whitecaps,Lay Home / DC X2 (Fav Visitante <= 1.65),Match Odds (Home),LAY,7.6,1.46,1x1,GREEN,1.0,🟢 GREEN,0.1462,0.1462,False,Away=1.46 (fora da faixa),,,
2026-08-29,15:00,JAPAN 2,Tokushima x Oita,Tokushima,Oita,Lay Over 4.5 FT (Under Pesado),Over/Under 4.5 FT,LAY,18.0,2.38,1x0,GREEN,1.0,🟢 GREEN,0.0568,0.0568,True,Under <= 1.50,,,
2026-08-29,15:00,CZECH 1,Arsenal CL x FC Sellier,Arsenal CL,FC Sellier,Lay Over 4.5 FT (Under Pesado),Over/Under 4.5 FT,LAY,10.5,1.5,2x1,GREEN,1.0,🟢 GREEN,0.1016,0.1016,True,Under <= 1.50,,,
2026-08-29,15:00,ARGENTINA 1,Atl Tucuman x Belgrano,Atl Tucuman,Belgrano,Lay Over 4.5 FT (Under Pesado),Over/Under 4.5 FT,LAY,18.5,2.82,0x0,GREEN,1.0,🟢 GREEN,0.0551,0.0551,True,Under <= 1.50,,,
2026-08-30,15:00,CHINA 1,Guangdong GZ-Power FC x Changchun Yatai,Guangdong GZ-Power FC,Changchun Yatai,Lay Draw (Fav <= 1.40),Match Odds (Draw),LAY,6.0,1.4,2x1,GREEN,1.0,🟢 GREEN,0.193,0.193,False,Over3.5=2.44 (<2.54),,,
2026-08-30,15:00,NETHERLANDS 1,Feyenoord x ADO Den Haag,Feyenoord,ADO Den Haag,Lay Draw (Fav <= 1.40),Match Odds (Draw),LAY,9.2,1.2,2x2,RED,0.0,🔴 RED,-1.0,-1.0,False,Over3.5=1.73 (<2.54),,,
2026-08-30,15:00,NORWAY 1,Bodo Glimt x Rosenborg,Bodo Glimt,Rosenborg,Lay Draw (Fav <= 1.40),Match Odds (Draw),LAY,6.8,1.34,4x1,GREEN,1.0,🟢 GREEN,0.1664,0.1664,False,Over3.5=1.79 (<2.54),,,
2026-08-30,15:00,CZECH 1,Plzen x Slovacko,Plzen,Slovacko,Lay Draw (Fav <= 1.40),Match Odds (Draw),LAY,6.0,1.33,2x0,GREEN,1.0,🟢 GREEN,0.193,0.193,True,Over3.5=2.74 (>=2.54),,,
2026-08-30,15:00,NORWAY 1,Viking x Aalesunds,Viking,Aalesunds,Lay Draw (Fav <= 1.40),Match Odds (Draw),LAY,6.8,1.33,0x1,GREEN,1.0,🟢 GREEN,0.1664,0.1664,False,Over3.5=1.67 (<2.54),,,
2026-08-30,15:00,SLOVAKIA 1,Slovan Bratislava x Zemplin,Slovan Bratislava,Zemplin,Lay Draw (Fav <= 1.40),Match Odds (Draw),LAY,7.0,1.31,3x0,GREEN,1.0,🟢 GREEN,0.1608,0.1608,False,Over3.5=1.95 (<2.54),,,
2026-08-30,15:00,ENGLAND 1,Man Utd x Ipswich,Man Utd,Ipswich,Lay Draw (Fav <= 1.40),Match Odds (Draw),LAY,5.8,1.39,5x2,GREEN,1.0,🟢 GREEN,0.201,0.201,False,Over3.5=2.18 (<2.54),,,
2026-08-30,15:00,AUSTRIA 1,Red Bull Salzburg x Austria Wien,Red Bull Salzburg,Austria Wien,Lay Draw (Fav <= 1.40),Match Odds (Draw),LAY,5.9,1.4,4x1,GREEN,1.0,🟢 GREEN,0.1969,0.1969,False,Over3.5=2.28 (<2.54),,,
2026-08-30,15:00,CYPRUS 1,Karmiotissa Polemidion x Pafos FC,Karmiotissa Polemidion,Pafos FC,Lay Draw (Fav <= 1.40),Match Odds (Draw),LAY,6.6,14.0,0x3,GREEN,1.0,🟢 GREEN,0.1723,0.1723,True,Over3.5=2.54 (>=2.54),,,
2026-08-30,15:00,NETHERLANDS 1,Cambuur Leeuwarden x FC Twente,Cambuur Leeuwarden,FC Twente,Lay Draw (Fav <= 1.40),Match Odds (Draw),LAY,6.6,10.0,1x4,GREEN,1.0,🟢 GREEN,0.1723,0.1723,False,Over3.5=1.93 (<2.54),,,
2026-08-30,15:00,GREECE 1,Kifisia x AEK Athens,Kifisia,AEK Athens,Lay Draw (Fav <= 1.40),Match Odds (Draw),LAY,5.7,12.5,1x1,RED,0.0,🔴 RED,-1.0,-1.0,True,Over3.5=3.05 (>=2.54),,,
2026-08-30,15:00,SAUDI ARABIA 1,Al-Quadisiya (KSA) x Al Faisaly ( KSA ),Al-Quadisiya (KSA),Al Faisaly ( KSA ),Lay Draw (Fav <= 1.40),Match Odds (Draw),LAY,9.8,1.2,2x0,GREEN,1.0,🟢 GREEN,0.1097,0.1097,False,Over3.5=1.76 (<2.54),,,
2026-08-30,15:00,BOSNIA 1,Radnik Bijeljina x Borac Banja Luka,Radnik Bijeljina,Borac Banja Luka,Lay Draw (Fav <= 1.40),Match Odds (Draw),LAY,6.4,10.5,2x2,RED,0.0,🔴 RED,-1.0,-1.0,True,Over3.5=3.30 (>=2.54),,,
2026-08-30,15:00,BRAZIL 1,Flamengo x Botafogo FR,Flamengo,Botafogo FR,Lay Draw (Fav <= 1.40),Match Odds (Draw),LAY,5.8,1.36,3x0,GREEN,1.0,🟢 GREEN,0.201,0.201,True,Over3.5=2.68 (>=2.54),,,
2026-08-30,15:00,BRAZIL 2,America MG x Ponte Preta,America MG,Ponte Preta,Lay Draw (Fav <= 1.40),Match Odds (Draw),LAY,9.2,1.16,2x0,GREEN,1.0,🟢 GREEN,0.1177,0.1177,False,Over3.5=2.28 (<2.54),,,
2026-08-30,15:00,VENEZUELA 1,Carabobo FC x Zamora FC,Carabobo FC,Zamora FC,Lay Draw (Fav <= 1.40),Match Odds (Draw),LAY,5.6,1.4,0x0,RED,0.0,🔴 RED,-1.0,-1.0,True,Over3.5=3.30 (>=2.54),,,
2026-08-30,15:00,MEXICO 1,Toluca x FC Juarez,Toluca,FC Juarez,Lay Draw (Fav <= 1.40),Match Odds (Draw),LAY,6.6,1.32,2x0,GREEN,1.0,🟢 GREEN,0.1723,0.1723,False,Over3.5=2.20 (<2.54),,,
2026-08-30,15:00,NETHERLANDS 1,FC Utrecht x PSV,FC Utrecht,PSV,Lay Home / DC X2 (Fav Visitante <= 1.65),Match Odds (Home),LAY,5.8,1.6,1x2,GREEN,1.0,🟢 GREEN,0.201,0.201,True,"Away=1.60 ([1.54, 1.65])",,,
2026-08-30,15:00,SOUTH KOREA 1,Gwangju FC x FC Seoul,Gwangju FC,FC Seoul,Lay Home / DC X2 (Fav Visitante <= 1.65),Match Odds (Home),LAY,8.0,1.51,0x1,GREEN,1.0,🟢 GREEN,0.1379,0.1379,False,Away=1.51 (fora da faixa),,,
2026-08-30,15:00,ESTONIA 1,Nomme Kalju x Fci Tallinn,Nomme Kalju,Fci Tallinn,Lay Home / DC X2 (Fav Visitante <= 1.65),Match Odds (Home),LAY,7.4,1.56,1x1,GREEN,1.0,🟢 GREEN,0.1508,0.1508,True,"Away=1.56 ([1.54, 1.65])",,,
2026-08-30,15:00,DENMARK 1,Silkeborg x Midtjylland,Silkeborg,Midtjylland,Lay Home / DC X2 (Fav Visitante <= 1.65),Match Odds (Home),LAY,6.8,1.52,1x1,GREEN,1.0,🟢 GREEN,0.1664,0.1664,False,Away=1.52 (fora da faixa),,,
2026-08-30,15:00,SWEDEN 1,AIK x Hammarby,AIK,Hammarby,Lay Home / DC X2 (Fav Visitante <= 1.65),Match Odds (Home),LAY,6.8,1.53,0x0,GREEN,1.0,🟢 GREEN,0.1664,0.1664,False,Away=1.53 (fora da faixa),,,
2026-08-30,15:00,NETHERLANDS 1,SC Telstar x Ajax,SC Telstar,Ajax,Lay Home / DC X2 (Fav Visitante <= 1.65),Match Odds (Home),LAY,6.4,1.55,0x2,GREEN,1.0,🟢 GREEN,0.1787,0.1787,True,"Away=1.55 ([1.54, 1.65])",,,
2026-08-30,15:00,NORWAY 2,Hodd x Stabaek,Hodd,Stabaek,Lay Home / DC X2 (Fav Visitante <= 1.65),Match Odds (Home),LAY,5.7,1.58,1x2,GREEN,1.0,🟢 GREEN,0.2053,0.2053,True,"Away=1.58 ([1.54, 1.65])",,,
2026-08-30,15:00,NORWAY 2,Sogndal x Stromsgodset,Sogndal,Stromsgodset,Lay Home / DC X2 (Fav Visitante <= 1.65),Match Odds (Home),LAY,5.2,1.58,1x1,GREEN,1.0,🟢 GREEN,0.2298,0.2298,True,"Away=1.58 ([1.54, 1.65])",,,
2026-08-30,15:00,BULGARIA 1,Botev Plovdiv x PFC Levski Sofia,Botev Plovdiv,PFC Levski Sofia,Lay Home / DC X2 (Fav Visitante <= 1.65),Match Odds (Home),LAY,6.8,1.61,0x1,GREEN,1.0,🟢 GREEN,0.1664,0.1664,True,"Away=1.61 ([1.54, 1.65])",,,
2026-08-30,15:00,BULGARIA 1,Spartak Varna x Ludogorets,Spartak Varna,Ludogorets,Lay Home / DC X2 (Fav Visitante <= 1.65),Match Odds (Home),LAY,7.0,1.6,1x1,GREEN,1.0,🟢 GREEN,0.1608,0.1608,True,"Away=1.60 ([1.54, 1.65])",,,
2026-08-30,15:00,GREECE 1,Atromitos x PAOK,Atromitos,PAOK,Lay Home / DC X2 (Fav Visitante <= 1.65),Match Odds (Home),LAY,6.2,1.65,1x2,GREEN,1.0,🟢 GREEN,0.1856,0.1856,True,"Away=1.65 ([1.54, 1.65])",,,
2026-08-30,15:00,ARGENTINA 1,Banfield x River Plate,Banfield,River Plate,Lay Home / DC X2 (Fav Visitante <= 1.65),Match Odds (Home),LAY,7.6,1.62,2x3,GREEN,1.0,🟢 GREEN,0.1462,0.1462,True,"Away=1.62 ([1.54, 1.65])",,,
2026-08-30,15:00,GREECE 1,Asteras Tripolis x Olympiakos,Asteras Tripolis,Olympiakos,Lay Home / DC X2 (Fav Visitante <= 1.65),Match Odds (Home),LAY,9.4,1.5,0x2,GREEN,1.0,🟢 GREEN,0.1149,0.1149,False,Away=1.50 (fora da faixa),,,
2026-08-30,15:00,SLOVENIA 1,Nafta Lendava x NK Maribor,Nafta Lendava,NK Maribor,Lay Home / DC X2 (Fav Visitante <= 1.65),Match Odds (Home),LAY,8.0,1.47,0x1,GREEN,1.0,🟢 GREEN,0.1379,0.1379,False,Away=1.47 (fora da faixa),,,
2026-08-30,15:00,TURKEY 1,Samsunspor x Fenerbahce,Samsunspor,Fenerbahce,Lay Home / DC X2 (Fav Visitante <= 1.65),Match Odds (Home),LAY,6.6,1.62,0x2,GREEN,1.0,🟢 GREEN,0.1723,0.1723,True,"Away=1.62 ([1.54, 1.65])",,,
2026-08-30,15:00,ITALY 1,Cagliari x Inter,Cagliari,Inter,Lay Home / DC X2 (Fav Visitante <= 1.65),Match Odds (Home),LAY,9.6,1.44,0x1,GREEN,1.0,🟢 GREEN,0.1122,0.1122,False,Away=1.44 (fora da faixa),,,
2026-08-31,15:00,CYPRUS 1,Omonia x Omonia FC Aradippou,Omonia,Omonia FC Aradippou,Lay Draw (Fav <= 1.40),Match Odds (Draw),LAY,9.0,1.2,?,RED,0.0,🔴 RED,-1.0,-1.0,False,Over3.5=2.26 (<2.54),,,
2026-08-31,15:00,DENMARK 1,FC Copenhagen x SonderjyskE,FC Copenhagen,SonderjyskE,Lay Draw (Fav <= 1.40),Match Odds (Draw),LAY,6.0,1.36,?,GREEN,1.0,🟢 GREEN,0.193,0.193,False,Over3.5=2.28 (<2.54),,,
2026-08-31,15:00,VENEZUELA 1,Puerto Cabello x Academia Anzoategui FC,Puerto Cabello,Academia Anzoategui FC,Lay Draw (Fav <= 1.40),Match Odds (Draw),LAY,5.5,1.4,?,GREEN,1.0,🟢 GREEN,0.2144,0.2144,True,Over3.5=3.15 (>=2.54),,,
2026-08-31,15:00,WALES 1,Flint Town United x Connahs Quay,Flint Town United,Connahs Quay,Lay Home / DC X2 (Fav Visitante <= 1.65),Match Odds (Home),LAY,6.0,1.64,?,GREEN,1.0,🟢 GREEN,0.193,0.193,True,"Away=1.64 ([1.54, 1.65])",,,
2026-08-31,15:00,EGYPT 1,Asyut Petroleum x National Bank,Asyut Petroleum,National Bank,Lay Home / DC X2 (Fav Visitante <= 1.65),Match Odds (Home),LAY,7.8,1.62,?,GREEN,1.0,🟢 GREEN,0.1419,0.1419,True,"Away=1.62 ([1.54, 1.65])",,,
2026-08-31,15:00,ENGLAND 5,Worthing x Boreham Wood,Worthing,Boreham Wood,Lay Home / DC X2 (Fav Visitante <= 1.65),Match Odds (Home),LAY,7.0,1.47,?,GREEN,1.0,🟢 GREEN,0.1608,0.1608,False,Away=1.47 (fora da faixa),,,
2026-08-31,15:00,GREECE 1,Levadiakos x Panathinaikos,Levadiakos,Panathinaikos,Lay Home / DC X2 (Fav Visitante <= 1.65),Match Odds (Home),LAY,6.6,1.65,?,GREEN,1.0,🟢 GREEN,0.1723,0.1723,True,"Away=1.65 ([1.54, 1.65])",,,
2026-08-31,15:00,ITALY 1,Lecce x Roma,Lecce,Roma,Lay Home / DC X2 (Fav Visitante <= 1.65),Match Odds (Home),LAY,8.4,1.5,?,GREEN,1.0,🟢 GREEN,0.1304,0.1304,False,Away=1.50 (fora da faixa),,,
2026-08-31,15:00,ENGLAND 1,Aston Villa x Arsenal,Aston Villa,Arsenal,Lay Home / DC X2 (Fav Visitante <= 1.65),Match Odds (Home),LAY,7.2,1.54,?,GREEN,1.0,🟢 GREEN,0.1556,0.1556,True,"Away=1.54 ([1.54, 1.65])",,,
2026-08-31,15:00,ARGENTINA 2,Los Andes x Acassuso,Los Andes,Acassuso,Lay Over 4.5 FT (Under Pesado),Over/Under 4.5 FT,LAY,18.5,1.6,?,GREEN,1.0,🟢 GREEN,0.0551,0.0551,True,Under <= 1.50,,,
2026-09-01,15:00,SOUTH AFRICA 1,Kruger United FC x Orlando Pirates (SA),Kruger United FC,Orlando Pirates (SA),Lay Draw (Fav <= 1.40),Match Odds (Draw),LAY,5.2,11.5,?,GREEN,1.0,🟢 GREEN,0.2298,0.2298,True,Over3.5=3.50 (>=2.54),,,
2026-09-01,15:00,BOSNIA 1,Zrinjski x FK BSK Banja Luka,Zrinjski,FK BSK Banja Luka,Lay Draw (Fav <= 1.40),Match Odds (Draw),LAY,8.8,1.18,?,GREEN,1.0,🟢 GREEN,0.1237,0.1237,True,Over3.5=2.56 (>=2.54),,,
2026-09-01,15:00,TURKEY 2,Boluspor x Keciorengucu,Boluspor,Keciorengucu,Lay Home / DC X2 (Fav Visitante <= 1.65),Match Odds (Home),LAY,7.4,1.53,?,GREEN,1.0,🟢 GREEN,0.1508,0.1508,False,Away=1.53 (fora da faixa),,,
2026-09-01,15:00,AUSTRIA 1,RZ Pellets WAC x Lask Linz,RZ Pellets WAC,Lask Linz,Lay Home / DC X2 (Fav Visitante <= 1.65),Match Odds (Home),LAY,7.4,1.45,?,GREEN,1.0,🟢 GREEN,0.1508,0.1508,False,Away=1.45 (fora da faixa),,,
2026-09-01,15:00,SWITZERLAND 1,FC Zurich x Young Boys,FC Zurich,Young Boys,Lay Home / DC X2 (Fav Visitante <= 1.65),Match Odds (Home),LAY,5.3,1.63,?,GREEN,1.0,🟢 GREEN,0.2244,0.2244,True,"Away=1.63 ([1.54, 1.65])",,,
2026-09-02,15:00,SOUTH AFRICA 1,Mamelodi Sundowns x Milford,Mamelodi Sundowns,Milford,Lay Draw (Fav <= 1.40),Match Odds (Draw),LAY,7.2,1.24,2x0,GREEN,1.0,🟢 GREEN,0.1556,0.1556,True,Over3.5=2.62 (>=2.54),,,
2026-09-02,15:00,BOSNIA 1,Borac Banja Luka x Zeljeznicar,Borac Banja Luka,Zeljeznicar,Lay Draw (Fav <= 1.40),Match Odds (Draw),LAY,6.4,1.31,2x0,GREEN,1.0,🟢 GREEN,0.1787,0.1787,True,Over3.5=2.94 (>=2.54),,,
2026-09-02,15:00,SCOTLAND 1,Celtic x Aberdeen,Celtic,Aberdeen,Lay Draw (Fav <= 1.40),Match Odds (Draw),LAY,7.2,1.26,3x0,GREEN,1.0,🟢 GREEN,0.1556,0.1556,False,Over3.5=2.12 (<2.54),,,
2026-09-02,15:00,BRAZIL 1,Flamengo x Mirassol,Flamengo,Mirassol,Lay Draw (Fav <= 1.40),Match Odds (Draw),LAY,7.6,1.23,2x0,GREEN,1.0,🟢 GREEN,0.1462,0.1462,False,Over3.5=2.46 (<2.54),,,
2026-09-02,15:00,BULGARIA 1,Slavia Sofia x PFC Levski Sofia,Slavia Sofia,PFC Levski Sofia,Lay Home / DC X2 (Fav Visitante <= 1.65),Match Odds (Home),LAY,10.0,1.44,1x2,GREEN,1.0,🟢 GREEN,0.1072,0.1072,False,Away=1.44 (fora da faixa),,,
2026-09-02,15:00,SLOVENIA 1,NK Aluminij x NK Celje,NK Aluminij,NK Celje,Lay Home / DC X2 (Fav Visitante <= 1.65),Match Odds (Home),LAY,5.9,1.64,0x2,GREEN,1.0,🟢 GREEN,0.1969,0.1969,True,"Away=1.64 ([1.54, 1.65])",,,
2026-09-03,14:00,TURKEY 2,Bursaspor x Istanbulspor,Bursaspor,Istanbulspor,Lay Draw (Fav <= 1.40),Match Odds (Draw),LAY,5.9,1.4,4x0,GREEN,1.0,GREEN,0.95,0.95,,,20.41,100.0,19.39
2026-09-03,15:00,SAUDI ARABIA 1,Al Draih x Al-Quadisiya (KSA),Al Draih,Al-Quadisiya (KSA),Lay Home / DC X2 (Fav Visitante <= 1.65),Match Odds (Home),LAY,6.6,1.52,0x2,GREEN,1.0,GREEN,0.95,0.95,,,17.86,100.0,16.97
2026-09-04,12:00,UKRAINE 1,Polissya Zhytomyr x FK Kudrivka,Polissya Zhytomyr,FK Kudrivka,Lay Draw (Fav <= 1.40),Match Odds (Draw),LAY,7.4,1.24,5x1,GREEN,1.0,GREEN,0.95,0.95,,,15.62,100.0,14.84
2026-09-04,13:00,CZECH 1,MFK Karvina x SK Kladno,MFK Karvina,SK Kladno,Lay Draw (Fav <= 1.40),Match Odds (Draw),LAY,6.2,1.38,2x0,GREEN,1.0,GREEN,0.95,0.95,,,19.23,100.0,18.27
2026-09-04,13:00,DENMARK 2,Vejle x Vendsyssel FF,Vejle,Vendsyssel FF,Lay Draw (Fav <= 1.40),Match Odds (Draw),LAY,5.7,1.4,4x1,GREEN,1.0,GREEN,0.95,0.95,,,21.28,100.0,20.22
2026-09-04,14:00,NORWAY 1,Fredrikstad x Bodo Glimt,Fredrikstad,Bodo Glimt,Lay Draw (Fav <= 1.40),Match Odds (Draw),LAY,6.6,1.33,1x2,GREEN,1.0,GREEN,0.95,0.95,,,17.86,100.0,16.97
2026-09-04,15:00,SAUDI ARABIA 1,Al Ahli x Al Riyadh SC,Al Ahli,Al Riyadh SC,Lay Draw (Fav <= 1.40),Match Odds (Draw),LAY,6.6,1.31,5x0,GREEN,1.0,GREEN,0.95,0.95,,,17.86,100.0,16.97
2026-09-04,15:00,SAUDI ARABIA 1,Al-Shabab (KSA) x Al-Hilal,Al-Shabab (KSA),Al-Hilal,Lay Draw (Fav <= 1.40),Match Odds (Draw),LAY,7.0,1.32,0x2,GREEN,1.0,GREEN,0.95,0.95,,,16.67,100.0,15.84
2026-09-04,15:45,BELGIUM 1,Lommel x Club Brugge,Lommel,Club Brugge,Lay Draw (Fav <= 1.40),Match Odds (Draw),LAY,7.0,1.32,0x1,GREEN,1.0,GREEN,0.95,0.95,,,16.67,100.0,15.84
2026-09-04,16:00,ENGLAND 1,Ipswich x Liverpool,Ipswich,Liverpool,Lay Home / DC X2 (Fav Visitante <= 1.65),Match Odds (Home),LAY,6.4,1.55,0x2,GREEN,1.0,GREEN,0.95,0.95,,,18.52,100.0,17.59
2026-09-04,16:00,SPAIN 1,Betis x Real Madrid,Betis,Real Madrid,Lay Home / DC X2 (Fav Visitante <= 1.65),Match Odds (Home),LAY,7.2,1.48,1x0,RED,0.0,RED,-6.2,-6.2,,,16.13,100.0,-100.0
2026-09-04,16:05,FRANCE 1,Paris St-G x Monaco,Paris St-G,Monaco,Lay Draw (Fav <= 1.40),Match Odds (Draw),LAY,6.4,1.38,1x2,GREEN,1.0,GREEN,0.95,0.95,,,18.52,100.0,17.59
2026-09-04,16:15,PORTUGAL 1,Porto x Moreirense,Porto,Moreirense,Lay Draw (Fav <= 1.40),Match Odds (Draw),LAY,9.6,1.16,2x1,GREEN,1.0,GREEN,0.95,0.95,,,11.63,100.0,11.05
2026-09-04,19:30,BRAZIL 2,Criciuma x Cuiaba,Criciuma,Cuiaba,Lay Over 4.5 FT (Under Pesado),Over 4.5 FT,LAY,20.0,1.5,2x0,GREEN,1.0,GREEN,0.95,0.95,,,5.26,100.0,5.0
2026-09-05,04:30,CHINA 1,Shaanxi Union FC x Jiangxi Dingnan United,Shaanxi Union FC,Jiangxi Dingnan United,Lay Draw (Fav <= 1.40),Match Odds (Draw),LAY,6.0,1.34,2x1,GREEN,1.0,GREEN,0.95,0.95,,,20.0,100.0,19.0
2026-09-05,07:00,UKRAINE 1,Fc Kharkiv x Obolon-Brovar Kiev,Fc Kharkiv,Obolon-Brovar Kiev,Lay Draw (Fav <= 1.40),Match Odds (Draw),LAY,5.9,1.34,5x0,GREEN,1.0,GREEN,0.95,0.95,,,20.41,100.0,19.39
2026-09-05,08:35,CHINA 1,Dalian Yingbo x Qingdao Hainiu,Dalian Yingbo,Qingdao Hainiu,Lay Draw (Fav <= 1.40),Match Odds (Draw),LAY,6.0,1.38,2x1,GREEN,1.0,GREEN,0.95,0.95,,,20.0,100.0,19.0
2026-09-05,10:00,CZECH 1,Slavia Prague x FC Zbrojovka Brno,Slavia Prague,FC Zbrojovka Brno,Lay Draw (Fav <= 1.40),Match Odds (Draw),LAY,6.6,1.31,3x0,GREEN,1.0,GREEN,0.95,0.95,,,17.86,100.0,16.97
2026-09-05,10:00,TURKEY 2,Bandirmaspor x Boluspor,Bandirmaspor,Boluspor,Lay Draw (Fav <= 1.40),Match Odds (Draw),LAY,6.4,1.3,6x0,GREEN,1.0,GREEN,0.95,0.95,,,18.52,100.0,17.59
2026-09-05,11:00,ENGLAND 1,Man City x Coventry,Man City,Coventry,Lay Draw (Fav <= 1.40),Match Odds (Draw),LAY,9.2,1.19,1x0,GREEN,1.0,GREEN,0.95,0.95,,,12.2,100.0,11.59
2026-09-05,11:00,NORWAY 2,Haugesund x Sogndal,Haugesund,Sogndal,Lay Draw (Fav <= 1.40),Match Odds (Draw),LAY,7.6,1.33,2x0,GREEN,1.0,GREEN,0.95,0.95,,,15.15,100.0,14.39
2026-09-05,11:00,NORWAY 2,Kongsvinger x Raufoss,Kongsvinger,Raufoss,Lay Draw (Fav <= 1.40),Match Odds (Draw),LAY,8.2,1.27,9x1,GREEN,1.0,GREEN,0.95,0.95,,,13.89,100.0,13.2
2026-09-05,11:00,NORWAY 1,Rosenborg x Ham-Kam,Rosenborg,Ham-Kam,Lay Draw (Fav <= 1.40),Match Odds (Draw),LAY,6.4,1.35,4x0,GREEN,1.0,GREEN,0.95,0.95,,,18.52,100.0,17.59
2026-09-05,13:00,BULGARIA 1,Spartak Varna x CSKA Sofia,Spartak Varna,CSKA Sofia,Lay Home / DC X2 (Fav Visitante <= 1.65),Match Odds (Home),LAY,7.6,1.56,1x1,GREEN,1.0,GREEN,0.95,0.95,,,15.15,100.0,14.39
2026-09-05,13:00,CZECH 1,SK Artis Brno x Plzen,SK Artis Brno,Plzen,Lay Home / DC X2 (Fav Visitante <= 1.65),Match Odds (Home),LAY,7.2,1.54,0x3,GREEN,1.0,GREEN,0.95,0.95,,,16.13,100.0,15.32
2026-09-05,14:00,PORTUGAL 1,Maritimo x Benfica,Maritimo,Benfica,Lay Draw (Fav <= 1.40),Match Odds (Draw),LAY,8.0,1.23,0x3,GREEN,1.0,GREEN,0.95,0.95,,,14.29,100.0,13.58
2026-09-05,14:30,ARGENTINA 1,Gimnasia La Plata x Tigre,Gimnasia La Plata,Tigre,Lay Over 4.5 FT (Under Pesado),Over 4.5 FT,LAY,19.5,1.47,2x1,GREEN,1.0,GREEN,0.95,0.95,,,5.41,100.0,5.14
2026-09-05,15:00,NORWAY 2,Stabaek x Moss,Stabaek,Moss,Lay Draw (Fav <= 1.40),Match Odds (Draw),LAY,6.8,1.37,2x3,GREEN,1.0,GREEN,0.95,0.95,,,17.24,100.0,16.38
2026-09-05,15:00,SAUDI ARABIA 1,Al-Ittihad x Al Nassr,Al-Ittihad,Al Nassr,Lay Home / DC X2 (Fav Visitante <= 1.65),Match Odds (Home),LAY,5.7,1.58,2x1,RED,0.0,RED,-4.7,-4.7,,,21.28,100.0,-100.0
2026-09-05,16:00,SCOTLAND 1,St Mirren x Celtic,St Mirren,Celtic,Lay Home / DC X2 (Fav Visitante <= 1.65),Match Odds (Home),LAY,7.6,1.49,1x2,GREEN,1.0,GREEN,0.95,0.95,,,15.15,100.0,14.39
2026-09-05,16:30,PORTUGAL 1,Sporting Lisbon x CD Nacional Funchal,Sporting Lisbon,CD Nacional Funchal,Lay Draw (Fav <= 1.40),Match Odds (Draw),LAY,9.8,1.17,2x0,GREEN,1.0,GREEN,0.95,0.95,,,11.36,100.0,10.79
2026-09-05,20:00,PERU 1,Cusco FC x Cesar Vallejo Moquegua,Cusco FC,Cesar Vallejo Moquegua,Lay Draw (Fav <= 1.40),Match Odds (Draw),LAY,6.8,1.33,2x0,GREEN,1.0,GREEN,0.95,0.95,,,17.24,100.0,16.38
2026-09-05,20:30,USA 1,Inter Miami CF x Atlanta Utd,Inter Miami CF,Atlanta Utd,Lay Draw (Fav <= 1.40),Match Odds (Draw),LAY,7.4,1.33,2x2,RED,0.0,RED,-6.4,-6.4,,,15.62,100.0,-100.0
2026-09-05,22:30,COLOMBIA 1,Junior FC Barranquilla x Jaguares de Cordoba,Junior FC Barranquilla,Jaguares de Cordoba,Lay Draw (Fav <= 1.40),Match Odds (Draw),LAY,5.3,1.39,3x3,RED,0.0,RED,-4.3,-4.3,,,23.26,100.0,-100.0
2026-09-05,22:30,PERU 1,Universitario de Deportes x Comerciantes Unidos,Universitario de Deportes,Comerciantes Unidos,Lay Draw (Fav <= 1.40),Match Odds (Draw),LAY,6.0,1.38,2x2,RED,0.0,RED,-5.0,-5.0,,,20.0,100.0,-100.0
2026-09-06,06:30,ROMANIA 2,CSM Satu Mare x Politehnica Timisoara,CSM Satu Mare,Politehnica Timisoara,Lay Home / DC X2 (Fav Visitante <= 1.65),Match Odds (Home),LAY,8.8,1.53,1x1,GREEN,1.0,GREEN,0.95,0.95,,,12.82,100.0,12.18
2026-09-06,08:30,ESTONIA 1,Paide Linnameeskond x FCI Tallinn,Paide Linnameeskond,FCI Tallinn,Lay Home / DC X2 (Fav Visitante <= 1.65),Match Odds (Home),LAY,6.6,1.58,0x1,GREEN,1.0,GREEN,0.95,0.95,,,17.86,100.0,16.97
2026-09-06,09:00,SWEDEN 1,Orgryte x Hammarby,Orgryte,Hammarby,Lay Draw (Fav <= 1.40),Match Odds (Draw),LAY,7.8,1.26,1x1,RED,0.0,RED,-6.8,-6.8,,,14.71,100.0,-100.0
2026-09-06,10:00,SOUTH AFRICA 1,Golden Arrows x Mamelodi Sundowns,Golden Arrows,Mamelodi Sundowns,Lay Home / DC X2 (Fav Visitante <= 1.65),Match Odds (Home),LAY,9.2,1.54,1x2,GREEN,1.0,GREEN,0.95,0.95,,,12.2,100.0,11.59
2026-09-06,10:00,URUGUAY 1,Cerro x Racing Club (Uru),Cerro,Racing Club (Uru),Lay Over 4.5 FT (Under Pesado),Over 4.5 FT,LAY,18.5,1.5,1x0,GREEN,1.0,GREEN,0.95,0.95,,,5.71,100.0,5.42
2026-09-06,10:30,PORTUGAL 3,GD Vitoria de Sernache x CF Os Belenenses,GD Vitoria de Sernache,CF Os Belenenses,Lay Home / DC X2 (Fav Visitante <= 1.65),Match Odds (Home),LAY,7.2,1.65,1x2,GREEN,1.0,GREEN,0.95,0.95,,,16.13,100.0,15.32
2026-09-06,11:15,SPAIN 1,Valencia x Barcelona,Valencia,Barcelona,Lay Draw (Fav <= 1.40),Match Odds (Draw),LAY,7.0,1.3,0x3,GREEN,1.0,GREEN,0.95,0.95,,,16.67,100.0,15.84
2026-09-06,12:00,NORWAY 1,Molde x Kfum Oslo,Molde,Kfum Oslo,Lay Draw (Fav <= 1.40),Match Odds (Draw),LAY,6.6,1.35,2x0,GREEN,1.0,GREEN,0.95,0.95,,,17.86,100.0,16.97
2026-09-06,13:00,CROATIA 1,Rudes x Hajduk Split,Rudes,Hajduk Split,Lay Draw (Fav <= 1.40),Match Odds (Draw),LAY,6.8,1.31,0x3,GREEN,1.0,GREEN,0.95,0.95,,,17.24,100.0,16.38
2026-09-06,13:00,PERU 1,Sporting Cristal x CD Los Chankas,Sporting Cristal,CD Los Chankas,Lay Draw (Fav <= 1.40),Match Odds (Draw),LAY,6.8,1.32,3x0,GREEN,1.0,GREEN,0.95,0.95,,,17.24,100.0,16.38
2026-09-06,14:00,SERBIA 1,Crvena Zvezda x Partizan Belgrade,Crvena Zvezda,Partizan Belgrade,Lay Draw (Fav <= 1.40),Match Odds (Draw),LAY,7.2,1.34,2x1,GREEN,1.0,GREEN,0.95,0.95,,,16.13,100.0,15.32
2026-09-06,15:00,ARGENTINA 2,CA San Miguel x Godoy Cruz,CA San Miguel,Godoy Cruz,Lay Over 4.5 FT (Under Pesado),Over 4.5 FT,LAY,19.5,1.47,1x2,GREEN,1.0,GREEN,0.95,0.95,,,5.41,100.0,5.14
2026-09-06,15:15,BOSNIA 1,Zrinjski x Siroki Brijeg,Zrinjski,Siroki Brijeg,Lay Draw (Fav <= 1.40),Match Odds (Draw),LAY,6.4,1.29,2x1,GREEN,1.0,GREEN,0.95,0.95,,,18.52,100.0,17.59
2026-09-06,15:15,BULGARIA 1,Lokomotiv Sofia x Ludogorets,Lokomotiv Sofia,Ludogorets,Lay Home / DC X2 (Fav Visitante <= 1.65),Match Odds (Home),LAY,8.0,1.55,1x2,GREEN,1.0,GREEN,0.95,0.95,,,14.29,100.0,13.58
2026-09-06,16:00,BRAZIL 1,Remo x Flamengo,Remo,Flamengo,Lay Home / DC X2 (Fav Visitante <= 1.65),Match Odds (Home),LAY,7.6,1.5,0x1,GREEN,1.0,GREEN,0.95,0.95,,,15.15,100.0,14.39
2026-09-06,16:00,SERBIA 1,Vojvodina x Zemun,Vojvodina,Zemun,Lay Draw (Fav <= 1.40),Match Odds (Draw),LAY,8.8,1.22,2x1,GREEN,1.0,GREEN,0.95,0.95,,,12.82,100.0,12.18
2026-09-06,17:00,CHILE 1,Huachipato x Colo Colo,Huachipato,Colo Colo,Lay Home / DC X2 (Fav Visitante <= 1.65),Match Odds (Home),LAY,7.2,1.5,0x0,GREEN,1.0,GREEN,0.95,0.95,,,16.13,100.0,15.32
2026-09-06,18:30,BRAZIL 2,Ponte Preta x Sao Bernardo,Ponte Preta,Sao Bernardo,Lay Home / DC X2 (Fav Visitante <= 1.65),Match Odds (Home),LAY,10.0,1.41,0x2,GREEN,1.0,GREEN,0.95,0.95,,,11.11,100.0,10.55
2026-09-06,18:30,VENEZUELA 1,Deportivo Tachira x Rayo Zuliano,Deportivo Tachira,Rayo Zuliano,Lay Draw (Fav <= 1.40),Match Odds (Draw),LAY,7.8,1.23,3x1,GREEN,1.0,GREEN,0.95,0.95,,,14.71,100.0,13.97
2026-09-06,19:00,BOLIVIA 1,The Strongest x Real Tomayapo,The Strongest,Real Tomayapo,Lay Draw (Fav <= 1.40),Match Odds (Draw),LAY,9.2,1.21,3x1,GREEN,1.0,GREEN,0.95,0.95,,,12.2,100.0,11.59
2026-09-06,20:00,MEXICO 1,Cruz Azul x Santos Laguna,Cruz Azul,Santos Laguna,Lay Draw (Fav <= 1.40),Match Odds (Draw),LAY,5.9,1.39,1x0,GREEN,1.0,GREEN,0.95,0.95,,,20.41,100.0,19.39
2026-09-06,20:10,COLOMBIA 1,Deportivo Pereira x Millonarios,Deportivo Pereira,Millonarios,Lay Draw (Fav <= 1.40),Match Odds (Draw),LAY,5.6,1.33,1x1,RED,0.0,RED,-4.6,-4.6,,,21.74,100.0,-100.0
2026-09-06,20:30,PERU 1,Melgar x Asociacion Deportiva Tarma,Melgar,Asociacion Deportiva Tarma,Lay Draw (Fav <= 1.40),Match Odds (Draw),LAY,5.3,1.4,3x0,GREEN,1.0,GREEN,0.95,0.95,,,23.26,100.0,22.1
2026-09-07,11:00,EGYPT 1,Al Ittihad (EGY) x Asyut Petroleum,Al Ittihad (EGY),Asyut Petroleum,Lay Over 4.5 FT (Under Pesado),Over 4.5 FT,LAY,20.0,1.49,1x0,GREEN,1.0,GREEN,0.95,0.95,,,5.26,100.0,5.0
2026-09-07,13:00,CYPRUS 1,Pafos FC x Olympiakos Nicosia FC,Pafos FC,Olympiakos Nicosia FC,Lay Draw (Fav <= 1.40),Match Odds (Draw),LAY,5.7,1.37,0x0,RED,0.0,RED,-4.7,-4.7,,,21.28,100.0,-100.0
2026-09-07,14:00,ISRAEL 1,Hapoel Tel Aviv x Hapoel Ramat Gan,Hapoel Tel Aviv,Hapoel Ramat Gan,Lay Draw (Fav <= 1.40),Match Odds (Draw),LAY,5.9,1.38,3x0,GREEN,1.0,GREEN,0.95,0.95,,,20.41,100.0,19.39
2026-09-07,15:00,SAUDI ARABIA 1,Al-Hilal x NEOM Sports Club,Al-Hilal,NEOM Sports Club,Lay Draw (Fav <= 1.40),Match Odds (Draw),LAY,7.8,1.2,0x2,GREEN,1.0,GREEN,0.95,0.95,,,14.71,100.0,13.97
2026-09-07,17:00,ARGENTINA 2,Nueva Chicago x Quilmes,Nueva Chicago,Quilmes,Lay Over 4.5 FT (Under Pesado),Over 4.5 FT,LAY,19.0,1.5,1x0,GREEN,1.0,GREEN,0.95,0.95,,,5.56,100.0,5.28
2026-09-08,11:30,ESTONIA 1,Trans Narva x Tallinna FC Flora,Trans Narva,Tallinna FC Flora,Lay Home / DC X2 (Fav Visitante <= 1.65),Match Odds (Home),LAY,6.4,1.61,2x2,GREEN,1.0,GREEN,0.95,0.95,,,18.52,100.0,17.59
2026-09-08,12:00,ESTONIA 1,Nomme Kalju x Nomme Utd,Nomme Kalju,Nomme Utd,Lay Draw (Fav <= 1.40),Match Odds (Draw),LAY,6.2,1.36,1x2,GREEN,1.0,GREEN,0.95,0.95,,,19.23,100.0,18.27
2026-09-08,15:45,ENGLAND CUP,Bournemouth x Lincoln,Bournemouth,Lincoln,Lay Draw (Fav <= 1.40),Match Odds (Draw),LAY,6.6,1.31,3x0,GREEN,1.0,GREEN,0.95,0.95,,,17.86,100.0,16.97
2026-09-08,16:00,ENGLAND CUP,Millwall x Newcastle,Millwall,Newcastle,Lay Home / DC X2 (Fav Visitante <= 1.65),Match Odds (Home),LAY,7.4,1.51,0x1,GREEN,1.0,GREEN,0.95,0.95,,,15.62,100.0,14.84
2026-09-08,21:00,BRAZIL 2,Criciuma x Juventude,Criciuma,Juventude,Lay Over 4.5 FT (Under Pesado),Over 4.5 FT,LAY,20.0,1.47,0x2,GREEN,1.0,GREEN,0.95,0.95,,,5.26,100.0,5.0
2026-09-08,21:30,COLOMBIA 2,Internacional de Palmira x Atletico FC Cali,Internacional de Palmira,Atletico FC Cali,Lay Draw (Fav <= 1.40),Match Odds (Draw),LAY,5.8,1.36,0x1,GREEN,1.0,GREEN,0.95,0.95,,,20.83,100.0,19.79
2026-09-09,13:00,ESTONIA 1,FCI Tallinn x Kuressaare,FCI Tallinn,Kuressaare,Lay Draw (Fav <= 1.40),Match Odds (Draw),LAY,10.0,1.17,3x0,GREEN,1.0,GREEN,0.95,0.95,,,11.11,100.0,10.55
2026-09-09,13:45,NETHERLANDS 1,FC Twente x SC Telstar,FC Twente,SC Telstar,Lay Draw (Fav <= 1.40),Match Odds (Draw),LAY,7.6,1.29,1x0,GREEN,1.0,GREEN,0.95,0.95,,,15.15,100.0,14.39
2026-09-09,13:45,EUROPA CHAMPIONS LEAGUE,Stuttgart x Viking,Stuttgart,Viking,Lay Draw (Fav <= 1.40),Match Odds (Draw),LAY,7.4,1.28,3x1,GREEN,1.0,GREEN,0.95,0.95,,,15.62,100.0,14.84
2026-09-09,14:00,EGYPT 1,Al Mokawloon x Al Ahly Cairo,Al Mokawloon,Al Ahly Cairo,Lay Draw (Fav <= 1.40),Match Odds (Draw),LAY,5.1,1.4,1x1,RED,0.0,RED,-4.1,-4.1,,,24.39,100.0,-100.0
2026-09-09,14:30,SOUTH AFRICA 1,Mamelodi Sundowns x Siwelele FC,Mamelodi Sundowns,Siwelele FC,Lay Draw (Fav <= 1.40),Match Odds (Draw),LAY,6.8,1.24,3x0,GREEN,1.0,GREEN,0.95,0.95,,,17.24,100.0,16.38
2026-09-09,15:45,SCOTLAND 1,Rangers x St Mirren,Rangers,St Mirren,Lay Draw (Fav <= 1.40),Match Odds (Draw),LAY,6.2,1.34,1x0,GREEN,1.0,GREEN,0.95,0.95,,,19.23,100.0,18.27
2026-09-09,16:00,SCOTLAND 1,St Johnstone x Celtic,St Johnstone,Celtic,Lay Home / DC X2 (Fav Visitante <= 1.65),Match Odds (Home),LAY,6.6,1.58,0x1,GREEN,1.0,GREEN,0.95,0.95,,,17.86,100.0,16.97
2026-09-09,23:30,USA 1,Vancouver Whitecaps x LA Galaxy,Vancouver Whitecaps,LA Galaxy,Lay Draw (Fav <= 1.40),Match Odds (Draw),LAY,6.4,1.36,3x0,GREEN,1.0,GREEN,0.95,0.95,,,18.52,100.0,17.59
