Data_Arquivo,Horario_Entrada,Liga,Jogo,Metodo,Odd_Base,Odd_Real_Pega,1/0,__odd_signal,__result,__odd_exec,__liquidity,__date,Status_Execucao,Skip_Reason,PnL_Linha,Lucro_Acumulado,Base_Atual,Run_Atual,Level_Profit_Atual,Stake_Multiplier,Stake_Phase
2026-04-02,17:30:00,ARGENTINA 1,Tigre x Independiente Rivadavia,Lay_CS_0x1_B365,11.0,11.0,1.0,11.0,1.0,11.0,,2026-04-02,EXECUTED,,14.025,14.025,500.0,514.025,14.025,0.3,Fase_1_30pct
2026-04-02,19:00:00,BRAZIL 1,Chapecoense x Atletico MG,Lay_CS_0x1_B365,8.6,8.6,1.0,8.6,1.0,8.6,,2026-04-02,EXECUTED,,18.971580592105262,32.99658059210526,500.0,532.9965805921053,32.99658059210526,0.3,Fase_1_30pct
2026-04-02,20:30:00,ARGENTINA 1,Talleres x Boca Juniors,Lay_CS_0x1_B365,9.2,9.2,0.0,9.2,0.0,9.2,,2026-04-02,EXECUTED,,-159.89897417763157,-126.90239358552631,500.0,500.0,-126.90239358552631,0.3,Fase_1_30pct
2026-04-02,21:30:00,BRAZIL 1,Red Bull Bragantino x Flamengo,Lay_CS_0x1_B365,8.6,8.6,1.0,8.6,1.0,8.6,,2026-04-02,EXECUTED,,18.453947368421055,-108.44844621710526,500.0,518.453947368421,-108.44844621710526,0.3,Fase_1_30pct
2026-04-03,14:30:00,ROMANIA 1,Botosani x FCSB,Lay_CS_0x1_B365,9.8,9.8,1.0,9.8,1.0,9.8,,2026-04-03,EXECUTED,,16.52571957236842,-91.92272664473684,500.0,534.9796669407895,-91.92272664473684,0.3,Fase_1_30pct
2026-04-03,15:00:00,FRANCE 2,Annecy x Guingamp,Lay_CS_0x1_B365,10.5,10.5,0.0,10.5,0.0,10.5,,2026-04-03,EXECUTED,,-160.49390008223682,-252.41662672697367,500.0,500.0,-252.41662672697367,0.3,Fase_1_30pct
2026-04-03,15:00:00,FRANCE 2,Grenoble x Clermont,Lay_CS_0x1_B365,10.5,10.5,1.0,10.5,1.0,10.5,,2026-04-03,EXECUTED,,14.763157894736842,-237.65346883223683,500.0,514.7631578947369,-237.65346883223683,0.3,Fase_1_30pct
2026-04-03,15:45:00,IRELAND 2,Athlone Town x UCD,Lay_CS_0x1_B365,9.4,9.4,1.0,9.4,1.0,9.4,,2026-04-03,EXECUTED,,17.189412593984965,-220.46405623825186,500.0,531.9525704887218,-220.46405623825186,0.3,Fase_1_30pct
2026-04-03,15:45:00,IRELAND 2,Kerry FC x Cobh Ramblers,Lay_CS_0x1_B365,11.5,11.5,1.0,11.5,1.0,11.5,,2026-04-03,EXECUTED,,14.210732954484426,-206.25332328376743,500.0,546.1633034432062,-206.25332328376743,0.3,Fase_1_30pct
2026-04-04,09:00:00,SPAIN 2,Cadiz x Cordoba,Lay_CS_0x1_B365,11.5,11.5,1.0,11.5,1.0,11.5,,2026-04-04,EXECUTED,,14.590362534839938,-191.6629607489275,500.0,560.7536659780462,-191.6629607489275,0.3,Fase_1_30pct
2026-04-04,09:00:00,ROMANIA 1,Otelul Galati x Hermannstadt,Lay_CS_0x1_B365,10.5,10.5,1.0,10.5,1.0,10.5,,2026-04-04,EXECUTED,,16.556989821772838,-175.10597092715466,500.0,577.3106557998191,-175.10597092715466,0.3,Fase_1_30pct
2026-04-04,10:00:00,CZECH 1,Dukla Prague x Pardubice,Lay_CS_0x1_B365,9.4,9.4,1.0,9.4,1.0,9.4,,2026-04-04,EXECUTED,,19.278052256172526,-155.82791867098214,500.0,596.5887080559916,-155.82791867098214,0.3,Fase_1_30pct
2026-04-04,10:30:00,SLOVAKIA 1,Zemplin x Zilina,Lay_CS_0x1_B365,11.5,11.5,1.0,11.5,1.0,11.5,,2026-04-04,EXECUTED,,15.937441200924344,-139.8904774700578,500.0,612.5261492569159,-139.8904774700578,0.3,Fase_1_30pct
2026-04-04,11:15:00,SPAIN 2,Albacete x Burgos,Lay_CS_0x1_B365,9.6,9.6,1.0,9.6,1.0,9.6,,2026-04-04,EXECUTED,,19.978323821693596,-119.9121536483642,500.0,632.5044730786095,-119.9121536483642,0.3,Fase_1_30pct
2026-04-04,11:15:00,SPAIN 1,Mallorca x Real Madrid,Lay_CS_0x1_B365,10.0,10.0,1.0,10.0,1.0,10.0,,2026-04-04,EXECUTED,,19.713056077616667,-100.19909757074753,500.0,652.2175291562262,-100.19909757074753,0.3,Fase_1_30pct
2026-04-04,13:30:00,SPAIN 2,Leonesa x Valladolid,Lay_CS_0x1_B365,9.8,9.8,1.0,9.8,1.0,9.8,,2026-04-04,EXECUTED,,20.78943374185471,-79.40966382889282,500.0,673.0069628980809,-79.40966382889282,0.3,Fase_1_30pct
2026-04-05,09:30:00,NETHERLANDS 1,FC Volendam x Feyenoord,Lay_CS_0x1_B365,11.5,11.5,1.0,11.5,1.0,11.5,,2026-04-05,EXECUTED,,17.97890029456302,-61.4307635343298,500.0,690.9858631926439,-61.4307635343298,0.3,Fase_1_30pct
2026-04-05,10:00:00,FRANCE 1,Angers x Lyon,Lay_CS_0x1_B365,8.6,8.6,1.0,8.6,1.0,8.6,,2026-04-05,EXECUTED,,25.502833503360083,-35.92793003096972,500.0,716.488696696004,-35.92793003096972,0.3,Fase_1_30pct
2026-04-05,10:00:00,SWEDEN 2,Sundsvall x United IK Nordic,Lay_CS_0x1_B365,11.5,11.5,1.0,11.5,1.0,11.5,,2026-04-05,EXECUTED,,19.14048375459325,-16.787446276376468,500.0,735.6291804505972,-16.787446276376468,0.3,Fase_1_30pct
2026-04-05,10:30:00,CZECH 1,Banik Ostrava x Slavia Prague,Lay_CS_0x1_B365,10.0,10.0,1.0,10.0,1.0,10.0,,2026-04-05,EXECUTED,,22.927109457376947,6.139663181000479,500.0,758.5562899079741,6.139663181000479,0.3,Fase_1_30pct
2026-04-05,11:15:00,SPAIN 1,Valencia x Celta Vigo,Lay_CS_0x1_B365,10.5,10.5,1.0,10.5,1.0,10.5,,2026-04-05,EXECUTED,,22.397372559914395,28.537035740914874,500.0,780.9536624678885,28.537035740914874,0.3,Fase_1_30pct
2026-04-05,12:15:00,FRANCE 1,Le Havre x Auxerre,Lay_CS_0x1_B365,9.8,9.8,1.0,9.8,1.0,9.8,,2026-04-05,EXECUTED,,24.892897991163945,53.42993373207882,500.0,805.8465604590525,53.42993373207882,0.3,Fase_1_30pct
2026-04-05,12:15:00,FRANCE 1,Lorient x Paris FC,Lay_CS_0x1_B365,11.5,11.5,1.0,11.5,1.0,11.5,,2026-04-05,EXECUTED,,21.527615257977544,74.95754899005637,500.0,827.3741757170301,74.95754899005637,0.3,Fase_1_30pct
2026-04-05,12:15:00,FRANCE 1,Metz x Nantes,Lay_CS_0x1_B365,9.6,9.6,1.0,9.6,1.0,9.6,,2026-04-05,EXECUTED,,26.98586701030546,101.94341600036182,500.0,854.3600427273356,101.94341600036182,0.3,Fase_1_30pct
2026-04-05,12:55:00,SAUDI ARABIA 1,Al-Akhdoud x Al-Fateh (KSA),Lay_CS_0x1_B365,11.5,11.5,1.0,11.5,1.0,11.5,,2026-04-05,EXECUTED,,22.82361828428739,124.76703428464921,500.0,877.1836610116229,124.76703428464921,0.3,Fase_1_30pct
2026-04-05,13:30:00,SPAIN 1,Oviedo x Sevilla,Lay_CS_0x1_B365,8.4,8.4,1.0,8.4,1.0,8.4,,2026-04-05,EXECUTED,,33.25000228564327,158.01703657029248,500.0,910.4336632972662,158.01703657029248,0.3,Fase_1_30pct
2026-04-05,16:00:00,SPAIN 1,Alaves x Osasuna,Lay_CS_0x1_B365,9.8,9.8,1.0,9.8,1.0,9.8,,2026-04-05,EXECUTED,,29.020073017600357,187.03710958789284,500.0,939.4537363148665,187.03710958789284,0.3,Fase_1_30pct
2026-04-05,16:00:00,BRAZIL 1,Chapecoense x EC Vitoria Salvador,Lay_CS_0x1_B365,11.0,11.0,1.0,11.0,1.0,11.0,,2026-04-05,EXECUTED,,26.351677303632005,213.38878689152486,500.0,965.8054136184985,213.38878689152486,0.3,Fase_1_30pct
2026-04-05,16:30:00,CHILE 1,Deportes Concepcion x Colo Colo,Lay_CS_0x1_B365,8.8,8.8,0.0,8.8,0.0,8.8,,2026-04-05,EXECUTED,,-289.7416240855495,-76.35283719402466,500.0,500.0,-76.35283719402466,0.3,Fase_1_30pct
2026-04-05,19:30:00,BRAZIL 1,Bahia x SE Palmeiras,Lay_CS_0x1_B365,11.5,11.5,1.0,11.5,1.0,11.5,,2026-04-05,EXECUTED,,13.35714285714286,-62.9956943368818,500.0,513.3571428571429,-62.9956943368818,0.3,Fase_1_30pct
2026-04-05,19:30:00,BRAZIL 1,Corinthians x Internacional,Lay_CS_0x1_B365,11.5,11.5,0.0,11.5,0.0,11.5,,2026-04-05,EXECUTED,,-154.00714285714287,-217.00283719402466,500.0,500.0,-217.00283719402466,0.3,Fase_1_30pct
2026-04-06,07:15:00,POLAND 1,Nieciecza x Piast Gliwice,Lay_CS_0x1_B365,10.5,10.5,1.0,10.5,1.0,10.5,,2026-04-06,EXECUTED,,14.763157894736842,-202.23967929928781,500.0,514.7631578947369,-202.23967929928781,0.3,Fase_1_30pct
2026-04-06,07:30:00,ITALY 3,FC Giugliano x Crotone,Lay_CS_0x1_B365,11.0,11.0,1.0,11.0,1.0,11.0,,2026-04-06,EXECUTED,,14.43910657894737,-187.80057272034045,500.0,529.2022644736843,-187.80057272034045,0.3,Fase_1_30pct
2026-04-06,09:00:00,SWITZERLAND 1,Grasshoppers Zurich x Sion,Lay_CS_0x1_B365,11.5,11.5,1.0,11.5,1.0,11.5,,2026-04-06,EXECUTED,,14.137260493796994,-173.66331222654347,500.0,543.3395249674813,-173.66331222654347,0.3,Fase_1_30pct
2026-04-06,09:00:00,SWITZERLAND 2,Stade Nyonnais x Yverdon Sport,Lay_CS_0x1_B365,11.5,11.5,1.0,11.5,1.0,11.5,,2026-04-06,EXECUTED,,14.514927309845572,-159.1483849166979,500.0,557.8544522773269,-159.1483849166979,0.3,Fase_1_30pct
2026-04-06,09:00:00,DENMARK 1,Vejle x Randers,Lay_CS_0x1_B365,11.0,11.0,1.0,11.0,1.0,11.0,,2026-04-06,EXECUTED,,15.64781738637902,-143.50056753031888,500.0,573.502269663706,-143.50056753031888,0.3,Fase_1_30pct
2026-04-06,09:30:00,ITALY 3,Aurora Pro Patria 1919 x Triestina,Lay_CS_0x1_B365,10.0,10.0,1.0,10.0,1.0,10.0,,2026-04-06,EXECUTED,,17.874154071185504,-125.62641345913337,500.0,591.3764237348915,-125.62641345913337,0.3,Fase_1_30pct
2026-04-06,09:30:00,ITALY 3,Salernitana x Benevento,Lay_CS_0x1_B365,9.4,9.4,0.0,9.4,0.0,9.4,,2026-04-06,EXECUTED,,-177.41292712046746,-303.03934057960083,500.0,500.0,-303.03934057960083,0.3,Fase_1_30pct
2026-04-06,12:00:00,NORWAY 1,Ham-Kam x Brann,Lay_CS_0x1_B365,10.5,10.5,1.0,10.5,1.0,10.5,,2026-04-06,EXECUTED,,14.763157894736842,-288.276182684864,500.0,514.7631578947369,-288.276182684864,0.3,Fase_1_30pct
2026-04-06,12:30:00,ITALY 3,Albinoleffe x Pergolettese,Lay_CS_0x1_B365,11.5,11.5,1.0,11.5,1.0,11.5,,2026-04-06,EXECUTED,,13.751530075187972,-274.524652609676,500.0,528.5146879699248,-274.524652609676,0.3,Fase_1_30pct
2026-04-06,14:00:00,TURKEY 1,Kocaelispor x Basaksehir,Lay_CS_0x1_B365,9.8,9.8,1.0,9.8,1.0,9.8,,2026-04-06,EXECUTED,,16.846405679041354,-257.67824693063466,500.0,545.3610936489662,-257.67824693063466,0.3,Fase_1_30pct
2026-04-06,14:00:00,PORTUGAL 2,Porto B x Chaves,Lay_CS_0x1_B365,8.8,8.8,1.0,8.8,1.0,8.8,,2026-04-06,EXECUTED,,19.612023944683976,-238.06622298595067,500.0,564.9731175936502,-238.06622298595067,0.3,Fase_1_30pct
2026-04-06,16:45:00,PORTUGAL 1,Casa Pia x Benfica,Lay_CS_0x1_B365,10.5,10.5,1.0,10.5,1.0,10.5,,2026-04-06,EXECUTED,,16.681574682633567,-221.3846483033171,500.0,581.6546922762838,-221.3846483033171,0.3,Fase_1_30pct
2026-04-06,21:00:00,BRAZIL 2,Goias x Criciuma,Lay_CS_0x1_B365,11.5,11.5,1.0,11.5,1.0,11.5,,2026-04-06,EXECUTED,,15.53848963652358,-205.8461586667935,500.0,597.1931819128073,-205.8461586667935,0.3,Fase_1_30pct
2026-04-06,21:15:00,ARGENTINA 1,Instituto x Defensa y Justicia,Lay_CS_0x1_B365,11.5,11.5,1.0,11.5,1.0,11.5,,2026-04-06,EXECUTED,,15.953589288242137,-189.89256937855137,500.0,613.1467712010494,-189.89256937855137,0.3,Fase_1_30pct
2026-04-07,14:00:00,POLAND 1,Arka Gdynia x Zaglebie Lubin,Lay_CS_0x1_B365,9.8,9.8,1.0,9.8,1.0,9.8,,2026-04-07,EXECUTED,,19.54405333203345,-170.34851604651791,500.0,632.6908245330828,-170.34851604651791,0.3,Fase_1_30pct
2026-04-07,14:00:00,GERMANY 3,Duisburg x VfL Osnabruck,Lay_CS_0x1_B365,9.2,9.2,1.0,9.2,1.0,9.2,,2026-04-07,EXECUTED,,21.642655644088993,-148.70586040242893,500.0,654.3334801771719,-148.70586040242893,0.3,Fase_1_30pct
2026-04-07,16:00:00,EUROPA CHAMPIONS LEAGUE,Sporting Lisbon x Arsenal,Lay_CS_0x1_B365,8.4,8.4,1.0,8.4,1.0,8.4,,2026-04-07,EXECUTED,,24.8027758364455,-123.90308456598342,500.0,679.1362560136173,-123.90308456598342,0.3,Fase_1_30pct
2026-04-07,16:01:00,EUROPA CHAMPIONS LEAGUE,Sporting Lisbon x Arsenal,Lay_CS_0x1_B365,8.6,8.6,1.0,8.6,1.0,8.6,,2026-04-07,EXECUTED,,25.06548944892364,-98.83759511705978,500.0,704.2017454625409,-98.83759511705978,0.3,Fase_1_30pct
2026-04-08,14:00:00,TURKEY 1,Goztepe x Galatasaray,Lay_CS_0x1_B365,8.8,8.8,1.0,8.8,1.0,8.8,,2026-04-08,EXECUTED,,25.32417815413368,-73.5134169629261,500.0,729.5259236166746,-73.5134169629261,0.3,Fase_1_30pct
2026-04-09,13:00:00,SAUDI ARABIA 1,Dhamk x Al-Quadisiya (KSA),Lay_CS_0x1_B365,11.5,11.5,1.0,11.5,1.0,11.5,,2026-04-09,EXECUTED,,38.97752791894804,-34.53588904397806,500.0,768.5034515356226,-34.53588904397806,0.6,Fase_2_60pct
2026-04-10,15:00:00,FRANCE 2,Annecy x Montpellier,Lay_CS_0x1_B365,10.5,10.5,1.0,10.5,1.0,10.5,,2026-04-10,EXECUTED,,45.382151190682556,10.846262146704497,500.0,813.8856027263051,10.846262146704497,0.6,Fase_2_60pct
2026-04-10,15:00:00,FRANCE 2,Clermont x Nancy,Lay_CS_0x1_B365,11.0,11.0,1.0,11.0,1.0,11.0,,2026-04-10,EXECUTED,,45.658982312945724,56.50524445965022,500.0,859.5445850392508,56.50524445965022,0.6,Fase_2_60pct
2026-04-11,10:30:00,GERMANY 1,FC Heidenheim x Union Berlin,Lay_CS_0x1_B365,11.5,11.5,1.0,11.5,1.0,11.5,,2026-04-11,EXECUTED,,45.9242392578114,102.42948371746162,500.0,905.4688242970623,102.42948371746162,0.6,Fase_2_60pct
2026-04-11,11:15:00,SPAIN 1,Elche x Valencia,Lay_CS_0x1_B365,11.5,11.5,1.0,11.5,1.0,11.5,,2026-04-11,EXECUTED,,48.37790575530018,150.8073894727618,500.0,953.8467300523624,150.8073894727618,0.6,Fase_2_60pct
2026-04-11,13:00:00,SAUDI ARABIA 1,Al Najma Club x NEOM Sports Club,Lay_CS_0x1_B365,11.5,11.5,1.0,11.5,1.0,11.5,,2026-04-11,EXECUTED,,50.962668148511945,201.77005762127374,500.0,500.0,201.77005762127374,0.6,Fase_2_60pct
2026-04-11,13:30:00,GERMANY 1,St Pauli x Bayern Munich,Lay_CS_0x1_B365,10.5,10.5,1.0,10.5,1.0,10.5,,2026-04-11,EXECUTED,,29.526315789473685,231.29637341074744,500.0,529.5263157894736,231.29637341074744,0.6,Fase_2_60pct
2026-04-11,16:30:00,BRAZIL 1,Remo x Vasco Da Gama,Lay_CS_0x1_B365,11.0,11.0,1.0,11.0,1.0,11.0,,2026-04-11,EXECUTED,,29.70642631578947,261.0027997265369,500.0,559.2327421052631,261.0027997265369,0.6,Fase_2_60pct
2026-04-11,17:15:00,ARGENTINA 1,Estudiantes x Union Santa Fe,Lay_CS_0x1_B365,10.5,10.5,1.0,10.5,1.0,10.5,,2026-04-11,EXECUTED,,33.02416508642659,294.0269648129635,500.0,592.2569071916897,294.0269648129635,0.6,Fase_2_60pct
2026-04-11,19:30:00,ARGENTINA 1,Boca Juniors x CA Independiente,Lay_CS_0x1_B365,9.8,9.8,1.0,9.8,1.0,9.8,,2026-04-11,EXECUTED,,37.75637783347022,331.7833426464337,500.0,630.0132850251599,331.7833426464337,0.6,Fase_2_60pct
2026-04-13,09:30:00,ROMANIA 1,FC Metaloglobus Bucuresti x Csikszereda,Lay_CS_0x1_B365,10.5,10.5,0.0,10.5,0.0,10.5,,2026-04-13,EXECUTED,,-378.00797101509596,-46.22462836866225,500.0,500.0,-46.22462836866225,0.6,Fase_2_60pct
2026-04-13,13:05:00,SAUDI ARABIA 1,Al Bukayriyah x Al-Anwar Club,Lay_CS_0x1_B365,11.5,11.5,1.0,11.5,1.0,11.5,,2026-04-13,EXECUTED,,26.71428571428572,-19.510342654376533,500.0,526.7142857142857,-19.510342654376533,0.6,Fase_2_60pct
2026-04-13,14:00:00,TURKEY 1,Eyupspor x Samsunspor,Lay_CS_0x1_B365,8.8,8.8,1.0,8.8,1.0,8.8,,2026-04-13,EXECUTED,,37.88291208791208,18.37256943353555,500.0,564.5971978021978,18.37256943353555,0.6,Fase_2_60pct
2026-04-13,14:00:00,PORTUGAL 2,Lusitania Futebol Clube x Porto B,Lay_CS_0x1_B365,11.0,11.0,1.0,11.0,1.0,11.0,,2026-04-13,EXECUTED,,31.6739027967033,50.04647223023885,500.0,596.2711005989011,50.04647223023885,0.6,Fase_2_60pct
2026-04-13,14:30:00,SAUDI ARABIA 1,Al-Zulfi SC x Al Draih,Lay_CS_0x1_B365,11.5,11.5,1.0,11.5,1.0,11.5,,2026-04-13,EXECUTED,,31.857913089141285,81.90438531938014,500.0,628.1290136880424,81.90438531938014,0.6,Fase_2_60pct
2026-04-13,15:30:00,ITALY 3,Crotone x Catania,Lay_CS_0x1_B365,9.8,9.8,1.0,9.8,1.0,9.8,,2026-04-13,EXECUTED,,40.0432246226127,121.94760994199284,500.0,668.1722383106551,121.94760994199284,0.6,Fase_2_60pct
2026-04-13,15:30:00,ROMANIA 1,Universitatea Cluj x Universitatea Craiova,Lay_CS_0x1_B365,9.0,9.0,1.0,9.0,1.0,9.0,,2026-04-13,EXECUTED,,46.85557821153469,168.80318815352751,500.0,715.0278165221898,168.80318815352751,0.6,Fase_2_60pct
2026-04-13,15:30:00,SPAIN 2,Valladolid x Eibar,Lay_CS_0x1_B365,9.6,9.6,1.0,9.6,1.0,9.6,,2026-04-13,EXECUTED,,46.64309361266843,215.44628176619594,500.0,761.6709101348582,215.44628176619594,0.6,Fase_2_60pct
2026-04-13,16:00:00,SPAIN 1,Levante x Getafe,Lay_CS_0x1_B365,8.8,8.8,1.0,8.8,1.0,8.8,,2026-04-13,EXECUTED,,54.78171545969941,270.22799722589536,500.0,816.4526255945576,270.22799722589536,0.6,Fase_2_60pct
2026-04-14,10:15:00,SAUDI ARABIA 1,Al-Jndal x Al-Ula FC,Lay_CS_0x1_B365,9.4,9.4,1.0,9.4,1.0,9.4,,2026-04-14,EXECUTED,,54.52737178077938,324.75536900667475,500.0,870.979997375337,324.75536900667475,0.6,Fase_2_60pct
2026-04-15,12:00:00,CZECH 1,Sparta Prague B x SK Artis Brno,Lay_CS_0x1_B365,11.5,11.5,1.0,11.5,1.0,11.5,,2026-04-15,EXECUTED,,46.53521700262515,371.2905860092999,500.0,917.5152143779621,371.2905860092999,0.6,Fase_2_60pct
2026-04-17,15:30:00,GERMANY 1,St Pauli x FC Koln,Lay_CS_0x1_B365,10.5,10.5,1.0,10.5,1.0,10.5,,2026-04-17,EXECUTED,,54.181687922740714,425.4722739320406,500.0,971.6969023007028,425.4722739320406,0.6,Fase_2_60pct
2026-04-17,15:45:00,IRELAND 2,Kerry FC x Treaty United,Lay_CS_0x1_B365,11.5,11.5,1.0,11.5,1.0,11.5,,2026-04-17,EXECUTED,,51.91637735149469,477.3886512835353,500.0,500.0,477.3886512835353,0.6,Fase_2_60pct
2026-04-19,08:30:00,TURKEY 1,Kasimpasa x Alanyaspor,Lay_CS_0x1_B365,11.0,11.0,1.0,11.0,1.0,11.0,,2026-04-19,EXECUTED,,46.75,524.1386512835353,500.0,546.75,524.1386512835353,1.0,Fase_3_100pct
2026-04-19,10:30:00,CZECH 1,Hradec Kralove x Slavia Prague,Lay_CS_0x1_B365,8.8,8.8,1.0,8.8,1.0,8.8,,2026-04-19,EXECUTED,,65.53990384615385,589.6785551296891,500.0,612.2899038461538,589.6785551296891,1.0,Fase_3_100pct
2026-04-19,12:00:00,NORWAY 1,Ham-Kam x KFUM Oslo,Lay_CS_0x1_B365,11.5,11.5,1.0,11.5,1.0,11.5,,2026-04-19,EXECUTED,,54.52295810439561,644.2015132340847,500.0,666.8128619505494,644.2015132340847,1.0,Fase_3_100pct
2026-04-19,12:00:00,NORWAY 1,Sarpsborg x Tromso,Lay_CS_0x1_B365,11.5,11.5,0.0,11.5,0.0,11.5,,2026-04-19,EXECUTED,,-666.8128619505494,-22.611348716464704,500.0,500.0,-22.611348716464704,1.0,Fase_3_100pct
2026-04-19,12:15:00,ROMANIA 1,ACS Petrolul 52 x Hermannstadt,Lay_CS_0x1_B365,11.5,11.5,1.0,11.5,1.0,11.5,,2026-04-19,EXECUTED,,44.523809523809526,21.91246080734482,500.0,544.5238095238095,21.91246080734482,1.0,Fase_3_100pct
2026-04-19,12:15:00,FRANCE 1,Nantes x Brest,Lay_CS_0x1_B365,10.5,10.5,1.0,10.5,1.0,10.5,,2026-04-19,EXECUTED,,53.59260651629073,75.50506732363556,500.0,598.1164160401003,75.50506732363556,1.0,Fase_3_100pct
2026-04-19,12:30:00,POLAND 1,Arka Gdynia x Jagiellonia Bialystock,Lay_CS_0x1_B365,10.5,10.5,1.0,10.5,1.0,10.5,,2026-04-19,EXECUTED,,58.86724726289408,134.37231458652963,500.0,656.9836633029944,134.37231458652963,1.0,Fase_3_100pct
2026-04-19,13:00:00,DENMARK 1,Vejle x FC Copenhagen,Lay_CS_0x1_B365,11.5,11.5,1.0,11.5,1.0,11.5,,2026-04-19,EXECUTED,,58.502830970314264,192.8751455568439,500.0,715.4864942733086,192.8751455568439,1.0,Fase_3_100pct
2026-04-19,13:30:00,SPAIN 2,Albacete x Granada,Lay_CS_0x1_B365,11.0,11.0,1.0,11.0,1.0,11.0,,2026-04-19,EXECUTED,,66.89798721455436,259.77313277139825,500.0,782.384481487863,259.77313277139825,1.0,Fase_3_100pct
2026-04-20,14:30:00,ROMANIA 1,Farul Constanta x FCSB,Lay_CS_0x1_B365,10.0,10.0,1.0,10.0,1.0,10.0,,2026-04-20,EXECUTED,,81.28105446568355,341.0541872370818,500.0,863.6655359535466,341.0541872370818,1.0,Fase_3_100pct
2026-04-20,14:45:00,PORTUGAL 2,Porto B x Leixoes,Lay_CS_0x1_B365,11.0,11.0,1.0,11.0,1.0,11.0,,2026-04-20,EXECUTED,,80.75272761165661,421.8069148487384,500.0,944.4182635652032,421.8069148487384,1.0,Fase_3_100pct
2026-04-20,14:45:00,PORTUGAL 2,Sporting Lisbon B x Felgueiras,Lay_CS_0x1_B365,11.5,11.5,0.0,11.5,0.0,11.5,,2026-04-20,EXECUTED,,-944.4182635652032,-522.6113487164648,500.0,500.0,-522.6113487164648,1.0,Fase_3_100pct
2026-04-20,16:15:00,PORTUGAL 1,Moreirense x Estoril Praia,Lay_CS_0x1_B365,11.5,11.5,1.0,11.5,1.0,11.5,,2026-04-20,EXECUTED,,44.523809523809526,-478.0875391926553,500.0,544.5238095238095,-478.0875391926553,1.0,Fase_3_100pct
2026-04-20,17:15:00,ARGENTINA 1,Banfield x Independiente Rivadavia,Lay_CS_0x1_B365,9.6,9.6,1.0,9.6,1.0,9.6,,2026-04-20,EXECUTED,,59.20113510520488,-418.88640408745044,500.0,603.7249446290144,-418.88640408745044,1.0,Fase_3_100pct
2026-04-20,21:45:00,ARGENTINA 1,Tigre x CA Huracan,Lay_CS_0x1_B365,9.0,9.0,1.0,9.0,1.0,9.0,,2026-04-20,EXECUTED,,70.56035290351606,-348.3260511839344,500.0,674.2852975325305,-348.3260511839344,1.0,Fase_3_100pct
2026-04-22,15:00:00,SPAIN 1,Real Sociedad x Getafe,Lay_CS_0x1_B365,11.0,11.0,0.0,11.0,0.0,11.0,,2026-04-22,EXECUTED,,-674.2852975325305,-1022.6113487164649,500.0,500.0,-1022.6113487164649,1.0,Fase_3_100pct
2026-04-23,13:10:00,SAUDI ARABIA 1,Al Najma Club x Al-Taawoun Buraidah,Lay_CS_0x1_B365,11.0,11.0,1.0,11.0,1.0,11.0,,2026-04-23,EXECUTED,,46.75,-975.8613487164649,500.0,546.75,-975.8613487164649,1.0,Fase_3_100pct
2026-04-23,14:00:00,SPAIN 1,Levante x Sevilla,Lay_CS_0x1_B365,10.5,10.5,1.0,10.5,1.0,10.5,,2026-04-23,EXECUTED,,53.81171052631579,-922.0496381901492,500.0,600.5617105263158,-922.0496381901492,1.0,Fase_3_100pct
2026-04-23,16:30:00,SPAIN 1,Oviedo x Villarreal,Lay_CS_0x1_B365,9.6,9.6,1.0,9.6,1.0,9.6,,2026-04-23,EXECUTED,,65.29362783047736,-856.7560103596718,500.0,665.8553383567931,-856.7560103596718,1.0,Fase_3_100pct
2026-04-24,15:00:00,FRANCE 2,Amiens x Montpellier,Lay_CS_0x1_B365,10.5,10.5,1.0,10.5,1.0,10.5,,2026-04-24,EXECUTED,,65.53418330143174,-791.22182705824,500.0,731.3895216582249,-791.22182705824,1.0,Fase_3_100pct
2026-04-24,15:00:00,FRANCE 2,Clermont x Bastia,Lay_CS_0x1_B365,9.6,9.6,1.0,9.6,1.0,9.6,,2026-04-24,EXECUTED,,79.51734915702795,-711.704477901212,500.0,810.9068708152529,-711.704477901212,1.0,Fase_3_100pct
2026-04-24,15:45:00,FRANCE 1,Brest x Lens,Lay_CS_0x1_B365,11.0,11.0,1.0,11.0,1.0,11.0,,2026-04-24,EXECUTED,,75.81979242122615,-635.8846854799859,500.0,886.726663236479,-635.8846854799859,1.0,Fase_3_100pct
2026-04-25,09:00:00,FRANCE 2,Grenoble x Le Mans,Lay_CS_0x1_B365,10.5,10.5,1.0,10.5,1.0,10.5,,2026-04-25,EXECUTED,,87.2725715922219,-548.612113887764,500.0,973.9992348287009,-548.612113887764,1.0,Fase_3_100pct
2026-04-25,11:00:00,CZECH 1,Banik Ostrava x Plzen,Lay_CS_0x1_B365,11.5,11.5,0.0,11.5,0.0,11.5,,2026-04-25,EXECUTED,,-973.9992348287009,-1522.6113487164648,500.0,500.0,-1522.6113487164648,1.0,Fase_3_100pct
2026-04-25,11:00:00,CZECH 1,Bohemians 1905 x Sparta Prague,Lay_CS_0x1_B365,9.6,9.6,1.0,9.6,1.0,9.6,,2026-04-25,EXECUTED,,54.36046511627907,-1468.2508836001857,500.0,554.3604651162791,-1468.2508836001857,1.0,Fase_3_100pct
2026-04-25,11:00:00,NORWAY 1,Fredrikstad x Viking,Lay_CS_0x1_B365,11.5,11.5,1.0,11.5,1.0,11.5,,2026-04-25,EXECUTED,,49.364479512735336,-1418.8864040874503,500.0,603.7249446290144,-1418.8864040874503,1.0,Fase_3_100pct
2026-04-25,11:00:00,CZECH 1,Teplice x Hradec Kralove,Lay_CS_0x1_B365,9.4,9.4,0.0,9.4,0.0,9.4,,2026-04-25,EXECUTED,,-603.7249446290144,-2022.6113487164648,500.0,500.0,-2022.6113487164648,1.0,Fase_3_100pct
2026-04-25,11:30:00,PORTUGAL 1,Tondela x CD Nacional Funchal,Lay_CS_0x1_B365,10.5,10.5,1.0,10.5,1.0,10.5,,2026-04-25,EXECUTED,,49.21052631578947,-1973.4008224006755,500.0,549.2105263157895,-1973.4008224006755,1.0,Fase_3_100pct
2026-04-25,13:30:00,SPAIN 2,Burgos x Deportivo,Lay_CS_0x1_B365,9.0,9.0,1.0,9.0,1.0,9.0,,2026-04-25,EXECUTED,,64.1889802631579,-1909.2118421375176,500.0,613.3995065789474,-1909.2118421375176,1.0,Fase_3_100pct
2026-04-25,14:00:00,FRANCE 1,Angers x Paris St-G,Lay_CS_0x1_B365,10.5,10.5,1.0,10.5,1.0,10.5,,2026-04-25,EXECUTED,,60.371425121191145,-1848.8404170163265,500.0,673.7709317001385,-1848.8404170163265,1.0,Fase_3_100pct
2026-04-25,14:00:00,PORTUGAL 2,Felgueiras x Leiria,Lay_CS_0x1_B365,10.5,10.5,1.0,10.5,1.0,10.5,,2026-04-25,EXECUTED,,66.31324433048731,-1782.527172685839,500.0,740.0841760306258,-1782.527172685839,1.0,Fase_3_100pct
2026-04-25,15:00:00,NETHERLANDS 1,NAC Breda x Ajax,Lay_CS_0x1_B365,11.0,11.0,1.0,11.0,1.0,11.0,,2026-04-25,EXECUTED,,69.19787045886352,-1713.3293022269756,500.0,809.2820464894894,-1713.3293022269756,1.0,Fase_3_100pct
2026-04-26,04:30:00,CHINA 1,Changchun Yatai x Guangdong GZ-Power FC,Lay_CS_0x1_B365,9.2,9.2,1.0,9.2,1.0,9.2,,2026-04-26,EXECUTED,,92.27789188630156,-1621.051410340674,500.0,901.5599383757909,-1621.051410340674,1.0,Fase_3_100pct
2026-04-26,06:00:00,CHINA 1,Qingdao Hainiu x Shandong Taishan,Lay_CS_0x1_B365,9.4,9.4,1.0,9.4,1.0,9.4,,2026-04-26,EXECUTED,,100.35220742635292,-1520.6992029143212,500.0,500.0,-1520.6992029143212,1.0,Fase_3_100pct
2026-04-26,07:00:00,UKRAINE 1,Kryvbas Krivyi Rih x Dynamo Kiev,Lay_CS_0x1_B365,11.0,11.0,1.0,11.0,1.0,11.0,,2026-04-26,EXECUTED,,46.75,-1473.9492029143212,500.0,546.75,-1473.9492029143212,1.0,Fase_3_100pct
2026-04-26,07:00:00,PORTUGAL 2,Lusitania Futebol Clube x Pacos Ferreira,Lay_CS_0x1_B365,11.0,11.0,1.0,11.0,1.0,11.0,,2026-04-26,EXECUTED,,51.121125,-1422.8280779143213,500.0,597.871125,-1422.8280779143213,1.0,Fase_3_100pct
2026-04-26,07:15:00,POLAND 1,Wisla Plock x Radomiak Radom,Lay_CS_0x1_B365,11.0,11.0,0.0,11.0,0.0,11.0,,2026-04-26,EXECUTED,,-597.871125,-2020.6992029143212,500.0,500.0,-2020.6992029143212,1.0,Fase_3_100pct
2026-04-26,08:30:00,TURKEY 1,Genclerbirligi x Kocaelispor,Lay_CS_0x1_B365,9.8,9.8,1.0,9.8,1.0,9.8,,2026-04-26,EXECUTED,,53.125,-1967.5742029143212,500.0,553.125,-1967.5742029143212,1.0,Fase_3_100pct
2026-04-26,09:00:00,DENMARK 1,Silkeborg x Randers,Lay_CS_0x1_B365,11.0,11.0,1.0,11.0,1.0,11.0,,2026-04-26,EXECUTED,,51.7171875,-1915.8570154143213,500.0,604.8421875,-1915.8570154143213,1.0,Fase_3_100pct
2026-04-26,11:15:00,SPAIN 2,Granada x Almeria,Lay_CS_0x1_B365,11.0,11.0,1.0,11.0,1.0,11.0,,2026-04-26,EXECUTED,,56.552744531250006,-1859.3042708830712,500.0,661.39493203125,-1859.3042708830712,1.0,Fase_3_100pct
2026-04-26,11:15:00,SPAIN 1,Oviedo x Elche,Lay_CS_0x1_B365,11.0,11.0,1.0,11.0,1.0,11.0,,2026-04-26,EXECUTED,,61.84042614492188,-1797.4638447381494,500.0,723.235358176172,-1797.4638447381494,1.0,Fase_3_100pct
2026-04-26,11:30:00,PORTUGAL 1,Estoril Praia x Famalicao,Lay_CS_0x1_B365,11.5,11.5,0.0,11.5,0.0,11.5,,2026-04-26,EXECUTED,,-723.235358176172,-2520.699202914321,500.0,500.0,-2520.699202914321,1.0,Fase_3_100pct
2026-04-26,12:00:00,UKRAINE 1,FK Kudrivka x Shakhtar,Lay_CS_0x1_B365,9.4,9.4,1.0,9.4,1.0,9.4,,2026-04-26,EXECUTED,,55.654761904761905,-2465.0444410095593,500.0,555.6547619047619,-2465.0444410095593,1.0,Fase_3_100pct
2026-04-26,12:15:00,FRANCE 1,Paris FC x Lille,Lay_CS_0x1_B365,10.0,10.0,0.0,10.0,0.0,10.0,,2026-04-26,EXECUTED,,-555.6547619047619,-3020.699202914321,500.0,500.0,-3020.699202914321,1.0,Fase_3_100pct
2026-04-26,13:00:00,ITALY 3,Atalanta B x Catania,Lay_CS_0x1_B365,11.5,11.5,1.0,11.5,1.0,11.5,,2026-04-26,EXECUTED,,44.523809523809526,-2976.1753933905115,500.0,544.5238095238095,-2976.1753933905115,1.0,Fase_3_100pct
2026-04-27,11:30:00,ROMANIA 1,FC Metaloglobus Bucuresti x Unirea Slobozia,Lay_CS_0x1_B365,10.0,10.0,1.0,10.0,1.0,10.0,,2026-04-27,EXECUTED,,56.56997354497354,-2919.605419845538,500.0,601.0937830687831,-2919.605419845538,1.0,Fase_3_100pct
2026-04-27,14:50:00,SAUDI ARABIA 1,Al-Jndal x Al Orubah,Lay_CS_0x1_B365,9.6,9.6,1.0,9.6,1.0,9.6,,2026-04-27,EXECUTED,,65.3514752522456,-2854.2539445932925,500.0,666.4452583210286,-2854.2539445932925,1.0,Fase_3_100pct
2026-04-27,15:30:00,SPAIN 2,Cadiz x Las Palmas,Lay_CS_0x1_B365,8.4,8.4,1.0,8.4,1.0,8.4,,2026-04-27,EXECUTED,,84.2062589905624,-2770.0476856027303,500.0,750.6515173115911,-2770.0476856027303,1.0,Fase_3_100pct
2026-04-27,15:45:00,FRANCE 2,Boulogne x Dunkerque,Lay_CS_0x1_B365,10.5,10.5,1.0,10.5,1.0,10.5,,2026-04-27,EXECUTED,,73.8799124932987,-2696.1677731094314,500.0,824.5314298048897,-2696.1677731094314,1.0,Fase_3_100pct
2026-04-27,18:45:00,ARGENTINA 1,Velez Sarsfield x Union Santa Fe,Lay_CS_0x1_B365,11.0,11.0,1.0,11.0,1.0,11.0,,2026-04-27,EXECUTED,,77.0936886867572,-2619.0740844226743,500.0,901.625118491647,-2619.0740844226743,1.0,Fase_3_100pct
