dia,Home,Away,liga,p,gh,ga,ko,odd_manha,liq_manha,odd_tarde,liq_tarde,odd_noite,liq_noite,odd_ultima,min_ultima
2026-09-01,Helsingborg,Orebro,SWEDEN 2,0.947480042775472,1,1,2026-09-01 17:00:00,,,18.5,177.38,,,21.0,5.4
2026-09-01,KR Reykjavik,Vikingur Reykjavik,ICELAND 1,0.9851741592089335,1,1,2026-09-01 17:30:00,,,120.0,72.35,,,110.0,3.4
2026-09-01,Lausanne Ouchy,Etoile-Carouge,SWITZERLAND 2,0.9578643242518107,3,0,2026-09-01 17:30:00,,,25.0,108.02,,,29.0,3.4
2026-09-01,Zurich,Young Boys,SWITZERLAND 1,0.9923891623814901,2,4,2026-09-01 18:30:00,,,60.0,224.45,55.0,201.48,55.0,4.9
2026-09-01,Preston,Bristol City,ENGLAND 2,0.9261699517567953,1,3,2026-09-01 18:45:00,,,14.0,227.98,15.0,232.03,15.0,4.2
2026-09-01,Swansea,Watford,ENGLAND 2,0.9186163345972697,2,0,2026-09-01 18:45:00,,,15.0,357.15,15.0,932.89,15.0,4.2
2026-09-01,West Ham,Wolves,ENGLAND 2,0.9478484789530436,4,2,2026-09-01 18:45:00,,,21.0,143.47,21.0,639.28,21.0,4.2
2026-09-01,FC Halifax,Hartlepool,ENGLAND 5,0.9708883961041769,1,0,2026-09-01 18:45:00,,,19.0,84.37,17.5,120.26,17.5,4.2
2026-09-01,Birmingham,Southampton,ENGLAND 2,0.9534056385358175,1,1,2026-09-01 19:00:00,,,17.5,138.87,17.5,997.88,17.5,3.2
2026-09-01,Stoke,Norwich,ENGLAND 2,0.9106992483139038,1,0,2026-09-01 19:00:00,,,18.0,190.37,15.0,504.55,15.0,3.2
2026-09-02,Cerezo Osaka,Kashiwa Reysol,JAPAN 1,0.9493733843167623,2,0,2026-09-02 10:00:00,18.0,81.04,,,,,18.0,4.8
2026-09-02,Mito,Kashima Antlers,JAPAN 1,0.9185318350791931,4,2,2026-09-02 10:00:00,15.0,83.69,,,,,15.0,4.8
2026-09-02,Yokohama F. Marinos,Kyoto,JAPAN 1,0.9313772122065226,1,1,2026-09-02 10:00:00,17.5,568.75,,,,,18.0,4.8
2026-09-02,Sassuolo,Frosinone,ITALY CUP,0.9498714009920756,1,1,2026-09-02 13:00:00,18.5,83.42,,,,,22.0,4.8
2026-09-02,Opatija,Hrvace,CROATIA 2,0.9602553049723307,1,0,2026-09-02 15:30:00,16.5,137.44,14.0,216.78,,,16.0,4.8
2026-09-02,Udinese,Venezia,ITALY CUP,0.9433587193489075,2,1,2026-09-02 16:00:00,,,14.0,226.1,,,15.0,4.7
2026-09-02,Slavia Sofia,Levski Sofia,BULGARIA 1,0.9354901512463888,1,2,2026-09-02 17:00:00,,,15.0,87.74,,,17.5,4.8
2026-09-02,Aluminij,Celje,SLOVENIA 1,0.9519543250401815,0,2,2026-09-02 18:00:00,,,28.0,117.64,,,26.0,4.8
2026-09-02,Grasshoppers,St. Gallen,SWITZERLAND 1,0.9759812951087952,2,0,2026-09-02 18:30:00,,,29.0,73.03,36.0,146.22,36.0,4.8
2026-09-02,Thun,Lausanne,SWITZERLAND 1,0.9609648585319519,0,0,2026-09-02 18:30:00,,,19.5,82.04,24.0,362.78,24.0,4.8
2026-09-02,QPR,Cardiff,ENGLAND 2,0.9598134954770406,2,1,2026-09-02 18:45:00,,,24.0,81.69,26.0,99.76,26.0,4.8
2026-09-02,West Brom,Charlton,ENGLAND 2,0.9400687217712402,1,1,2026-09-02 18:45:00,,,15.0,555.37,15.0,110.45,15.0,4.8
2026-09-02,Barnsley,Blackpool,ENGLAND 3,0.9378782312075297,2,1,2026-09-02 18:45:00,,,21.0,105.47,21.0,231.81,21.0,4.8
2026-09-02,Wigan,MK Dons,ENGLAND 3,0.9386756221453348,3,1,2026-09-02 18:45:00,,,16.5,141.76,15.5,829.42,15.5,4.8
2026-09-02,Celtic,Aberdeen,SCOTLAND 1,0.98116135597229,3,0,2026-09-02 18:45:00,,,42.0,172.7,36.0,1057.67,36.0,4.8
2026-09-02,Dundee FC,St Johnstone,SCOTLAND 1,0.9508560299873352,1,1,2026-09-02 18:45:00,,,15.5,186.54,15.5,127.41,15.5,4.8
2026-09-02,Kilmarnock,St. Mirren,SCOTLAND 1,0.9427435199419657,0,1,2026-09-02 18:45:00,,,20.0,196.96,22.0,385.11,22.0,4.8
2026-09-02,Motherwell,Dundee Utd,SCOTLAND 1,0.9534075061480204,3,0,2026-09-02 18:45:00,,,19.5,79.75,19.0,157.9,19.0,4.8
2026-09-02,Burnley,Middlesbrough,ENGLAND 2,0.9508560299873352,1,1,2026-09-02 19:00:00,,,21.0,480.86,22.0,2697.22,22.0,4.8
2026-09-02,Flamengo RJ,Mirassol,BRAZIL 1,0.9617128968238831,2,0,2026-09-02 22:30:00,,,,,29.0,69.01,25.0,4.7
2026-09-02,Limache,Nublense,CHILE 1,0.9206991990407308,2,0,2026-09-03 00:30:00,,,,,17.5,211.71,16.5,4.7
2026-09-03,CSKA Sofia II,Spartak Pleven,BULGARIA 2,0.9381826519966125,5,1,2026-09-03 14:00:00,20.0,145.37,20.0,467.11,,,20.0,4.8
2026-09-03,Palermo,Mantova,ITALY CUP,0.935529351234436,5,2,2026-09-03 16:00:00,,,19.0,104.12,,,16.5,4.8
2026-09-03,Mjallby,Djurgarden,SWEDEN 1,0.9570591052373251,0,2,2026-09-03 17:00:00,,,21.0,255.79,,,22.0,4.8
2026-09-03,FC Copenhagen,Nordsjaelland,DENMARK 1,0.9749043583869934,2,0,2026-09-03 18:00:00,,,32.0,298.4,,,30.0,4.8
2026-09-03,Anderlecht,Kortrijk,BELGIUM 1,0.9666842818260193,1,0,2026-09-03 18:30:00,,,28.0,69.55,27.0,148.7,27.0,4.8
2026-09-03,Basel,Sion,SWITZERLAND 1,0.9708678126335144,1,2,2026-09-03 18:30:00,,,28.0,265.2,26.0,589.91,26.0,4.8
2026-09-03,Lugano,Servette,SWITZERLAND 1,0.960684597492218,1,0,2026-09-03 18:30:00,,,20.0,72.75,21.0,466.35,21.0,4.8
2026-09-03,Hibernian,Hearts,SCOTLAND 1,0.9436851938565572,1,3,2026-09-03 18:45:00,,,19.0,151.28,18.0,493.55,18.0,4.8
2026-09-03,Real Sociedad,Celta Vigo,SPAIN 1,0.9385295708974203,0,0,2026-09-03 19:00:00,,,15.5,82.47,16.5,2032.61,16.5,4.8
2026-09-04,Cheongju,Seoul E-Land,SOUTH KOREA 2,0.9543544252713522,0,2,2026-09-04 10:30:00,21.0,113.95,,,,,22.0,4.8
2026-09-04,Usti nad Labem,Slavia Prague B,CZECH 2,0.9577097495396932,1,1,2026-09-04 16:00:00,,,36.0,85.8,,,32.0,4.7
2026-09-04,Hobro,Hvidovre IF,DENMARK 2,0.9236881534258524,1,3,2026-09-04 16:00:00,,,17.5,180.93,,,17.5,4.7
2026-09-04,Vejle,Vendsyssel,DENMARK 2,0.9345524907112122,4,1,2026-09-04 16:00:00,,,28.0,80.05,,,21.0,4.7
2026-09-04,Triglav,NK Bistrica,SLOVENIA 2,0.9447325666745504,1,0,2026-09-04 16:00:00,,,23.0,241.34,,,42.0,4.7
2026-09-04,Arminia Bielefeld,St. Pauli,GERMANY 2,0.9473146001497904,2,2,2026-09-04 16:30:00,,,21.0,145.4,,,22.0,4.7
2026-09-04,Hannover,Karlsruher SC,GERMANY 2,0.9888124863306681,2,2,2026-09-04 16:30:00,,,38.0,246.87,,,44.0,4.7
2026-09-04,Hoffenheim W,Bayer Leverkusen W,WOM GERMANY 1,0.955768366654714,1,2,2026-09-04 16:30:00,,,26.0,162.88,,,26.0,4.7
2026-09-04,Viborg,Lyngby,DENMARK 1,0.9688379764556885,0,2,2026-09-04 17:00:00,,,23.0,318.28,,,22.0,4.7
2026-09-04,Ingolstadt,Alemannia Aachen,GERMANY 3,0.9543544252713522,0,3,2026-09-04 17:00:00,,,25.0,74.66,,,25.0,4.7
2026-09-04,Aalesund,Start,NORWAY 1,0.9456091523170471,2,0,2026-09-04 17:00:00,,,27.0,491.46,,,25.0,4.7
2026-09-04,Fredrikstad,Bodo/Glimt,NORWAY 1,0.9682732224464417,1,2,2026-09-04 17:00:00,,,40.0,315.37,,,40.0,4.7
2026-09-04,Basaksehir,Galatasaray,TURKEY 1,0.9614784916241964,2,3,2026-09-04 17:00:00,,,34.0,290.33,,,34.0,4.7
2026-09-04,Aarau,Rapperswil-Jona,SWITZERLAND 2,0.9634035428365072,3,2,2026-09-04 17:30:00,,,44.0,255.04,,,40.0,4.7
2026-09-04,Kriens,Lausanne Ouchy,SWITZERLAND 2,0.9467787543932596,0,2,2026-09-04 17:30:00,,,40.0,122.33,,,36.0,4.7
2026-09-04,Almere City,Jong Ajax,NETHERLANDS 2,0.9882503747940063,0,1,2026-09-04 18:00:00,,,70.0,83.31,,,55.0,4.7
2026-09-04,FC Emmen,FC Volendam,NETHERLANDS 2,0.9821377396583557,5,3,2026-09-04 18:00:00,,,36.0,72.86,,,32.0,4.7
2026-09-04,Heracles,De Graafschap,NETHERLANDS 2,0.9888124863306681,5,0,2026-09-04 18:00:00,,,60.0,137.93,,,55.0,4.7
2026-09-04,Waalwijk,NAC Breda,NETHERLANDS 2,0.9688379764556885,4,2,2026-09-04 18:00:00,,,34.0,590.55,,,23.0,4.7
2026-09-04,Sparta Rotterdam,Zwolle,NETHERLANDS 1,0.9432392319043478,2,2,2026-09-04 18:00:00,,,24.0,503.76,,,23.0,4.7
2026-09-04,Etoile-Carouge,Wil,SWITZERLAND 2,0.950278123219808,1,1,2026-09-04 18:15:00,,,29.0,328.45,,,32.0,4.7
2026-09-04,Stuttgart,FC Koln,GERMANY 1,0.9847644170125326,4,1,2026-09-04 18:30:00,,,46.0,454.59,46.0,155.29,46.0,4.7
2026-09-04,Altrincham,Eastleigh,ENGLAND 5,0.9431727528572083,2,1,2026-09-04 18:45:00,,,19.5,197.68,17.0,69.68,17.0,4.7
2026-09-04,Finn Harps,Athlone,IRELAND 2,0.9360139767328898,0,1,2026-09-04 18:45:00,,,21.0,233.87,18.5,75.43,18.5,4.7
2026-09-04,Ipswich,Liverpool,ENGLAND 1,0.9577097495396932,0,2,2026-09-04 19:00:00,,,32.0,894.27,32.0,4804.7,32.0,4.7
2026-09-04,Sandefjord,Viking,NORWAY 1,0.9576650063196818,1,1,2026-09-04 19:00:00,,,30.0,580.1,26.0,1157.32,26.0,4.7
2026-09-04,Betis,Real Madrid,SPAIN 1,0.9751634399096171,1,0,2026-09-04 19:00:00,,,36.0,304.68,38.0,119.57,38.0,4.7
2026-09-04,FC Porto,Moreirense,PORTUGAL 1,0.9599785606066386,2,1,2026-09-04 19:15:00,,,28.0,207.45,28.0,107.45,32.0,4.7
2026-09-04,New York City,Nashville SC,USA 1,0.9453720847765604,0,0,2026-09-04 23:30:00,,,,,17.5,438.64,15.0,4.7
2026-09-04,Bay FC W,Kansas City Current W,WOM USA 1,0.9643083810806274,1,2,2026-09-05 02:00:00,,,,,,,22.0,4.7
2026-09-05,Concordia,Afumati,ROMANIA 2,0.9351920882860819,1,2,2026-09-05 08:00:00,,,,,,,24.0,4.8
2026-09-05,Holstein Kiel,Nurnberg,GERMANY 2,0.9747459093729655,2,2,2026-09-05 11:00:00,25.0,304.68,,,,,27.0,4.7
2026-09-05,Kaiserslautern,Darmstadt,GERMANY 2,0.9568649729092916,3,0,2026-09-05 11:00:00,18.5,79.53,,,,,17.0,4.7
2026-09-05,Varnamo,Varberg,SWEDEN 2,0.9425241351127625,1,1,2026-09-05 11:00:00,20.0,157.12,,,,,20.0,4.6
2026-09-05,Preston,Blackburn,ENGLAND 2,0.9424891670544943,2,1,2026-09-05 11:30:00,13.5,666.79,,,,,13.5,4.6
2026-09-05,Peterborough,Sheffield Wed,ENGLAND 3,0.9537031451861063,1,2,2026-09-05 11:30:00,25.0,74.2,,,,,23.0,4.6
2026-09-05,Wigan,Stockport County,ENGLAND 3,0.943645159403483,0,4,2026-09-05 11:30:00,18.5,189.95,,,,,18.0,4.6
2026-09-05,Aldershot,FC Halifax,ENGLAND 5,0.9657117128372192,1,0,2026-09-05 11:30:00,19.5,183.17,,,,,18.5,4.6
2026-09-05,Southend,Yeovil,ENGLAND 5,0.9619134267171224,3,2,2026-09-05 11:30:00,21.0,148.88,,,,,22.0,4.6
2026-09-05,Newcastle,Bournemouth,ENGLAND 1,0.9506843686103821,2,2,2026-09-05 11:30:00,23.0,1276.38,,,,,23.0,4.6
2026-09-05,Dalian Yingbo,Qingdao Hainiu,CHINA 1,0.9718785285949707,2,1,2026-09-05 11:35:00,32.0,71.58,,,,,29.0,9.6
2026-09-05,Shanghai Port,Beijing Guoan,CHINA 1,0.9815417329470316,0,0,2026-09-05 11:35:00,36.0,70.02,,,,,36.0,9.6
2026-09-05,Shandong Taishan,Shenzhen Xinpengcheng,CHINA 1,0.9586249987284342,1,1,2026-09-05 12:00:00,30.0,296.98,,,,,25.0,4.6
2026-09-05,Fredericia,Esbjerg,DENMARK 2,0.9735224644343058,1,0,2026-09-05 12:00:00,55.0,124.15,,,,,80.0,4.6
2026-09-05,Mannheim,Verl,GERMANY 3,0.9662647247314453,0,1,2026-09-05 12:00:00,32.0,71.98,,,,,32.0,4.6
2026-09-05,Meppen,Saarbrucken,GERMANY 3,0.9483138918876648,1,6,2026-09-05 12:00:00,23.0,212.91,,,,,23.0,4.6
2026-09-05,Regensburg,Duisburg,GERMANY 3,0.9545932610829672,1,2,2026-09-05 12:00:00,36.0,82.72,,,,,21.0,4.6
2026-09-05,Sigma Olomouc,Bohemians,CZECH 1,0.9522163470586141,3,0,2026-09-05 13:00:00,19.0,96.16,,,,,19.0,4.6
2026-09-05,Degerfors,Halmstad,SWEDEN 1,0.9341912468274435,2,0,2026-09-05 13:00:00,14.5,187.33,,,,,14.0,4.6
2026-09-05,GAIS,Hacken,SWEDEN 1,0.9475695292154948,0,0,2026-09-05 13:00:00,24.0,294.99,,,,,21.0,4.6
2026-09-05,Norrby,Landskrona,SWEDEN 2,0.944432775179545,1,3,2026-09-05 13:00:00,24.0,512.81,,,,,18.5,4.6
2026-09-05,Oddevold,Falkenberg,SWEDEN 2,0.9371356964111328,2,1,2026-09-05 13:00:00,16.5,313.97,,,,,14.5,4.6
2026-09-05,Bayer Leverkusen,Union Berlin,GERMANY 1,0.9705658356348673,4,0,2026-09-05 13:30:00,34.0,848.66,42.0,1291.62,,,42.0,4.6
2026-09-05,Hoffenheim,Dortmund,GERMANY 1,0.9682442744572958,2,3,2026-09-05 13:30:00,29.0,91.45,32.0,435.07,,,32.0,4.6
2026-09-05,Werder Bremen,RB Leipzig,GERMANY 1,0.9735224644343058,3,1,2026-09-05 13:30:00,32.0,1246.93,30.0,570.61,,,30.0,4.6
2026-09-05,Legnica,Chrobry Glogow,POLAND 2,0.9557267228762308,1,1,2026-09-05 13:30:00,24.0,461.18,24.0,465.2,,,24.0,4.6
2026-09-05,S. Rzeszow,Polonia Warszawa,POLAND 2,0.9678842624028524,2,1,2026-09-05 13:30:00,28.0,191.69,21.0,139.25,,,21.0,4.6
2026-09-05,Club Brugge KV U23,Eupen,BELGIUM 2,0.9405084053675333,0,1,2026-09-05 14:00:00,26.0,16.9,25.0,26.81,,,25.0,4.6
2026-09-05,Burnley,Bristol City,ENGLAND 2,0.9389818708101908,1,2,2026-09-05 14:00:00,15.5,290.14,16.0,474.76,,,16.0,4.6
2026-09-05,Portsmouth,Cardiff,ENGLAND 2,0.954913059870402,2,0,2026-09-05 14:00:00,19.0,201.18,19.5,111.97,,,19.5,4.6
2026-09-05,QPR,Middlesbrough,ENGLAND 2,0.9506819049517313,0,1,2026-09-05 14:00:00,18.5,76.15,18.5,163.45,,,18.5,4.6
2026-09-05,Sheffield Utd,Norwich,ENGLAND 2,0.9537031451861063,1,3,2026-09-05 14:00:00,17.0,605.39,18.5,510.48,,,18.5,4.6
2026-09-05,West Brom,Watford,ENGLAND 2,0.9412203431129456,1,0,2026-09-05 14:00:00,15.0,369.03,16.0,550.48,,,16.0,4.6
2026-09-05,Bradford City,Mansfield,ENGLAND 3,0.9448634386062622,1,0,2026-09-05 14:00:00,15.0,282.03,15.0,438.78,,,15.0,4.6
2026-09-05,Doncaster,Plymouth,ENGLAND 3,0.9488563338915507,2,3,2026-09-05 14:00:00,16.5,93.66,17.5,111.95,,,17.5,4.6
2026-09-05,Leicester,Oxford Utd,ENGLAND 3,0.9565241734186808,0,4,2026-09-05 14:00:00,19.5,169.11,24.0,194.76,,,24.0,4.6
2026-09-05,Luton,Leyton Orient,ENGLAND 3,0.9468327562014262,1,1,2026-09-05 14:00:00,23.0,118.6,21.0,241.2,,,21.0,4.6
2026-09-05,Reading,Blackpool,ENGLAND 3,0.944487472375234,3,1,2026-09-05 14:00:00,17.5,282.79,21.0,227.4,,,21.0,4.6
2026-09-05,Wycombe,MK Dons,ENGLAND 3,0.9506843686103821,3,3,2026-09-05 14:00:00,24.0,113.75,19.5,123.8,,,19.5,4.6
2026-09-05,Barrow,Sutton,ENGLAND 5,0.9565180738766988,3,0,2026-09-05 14:00:00,15.0,130.38,15.0,125.95,,,15.0,4.6
2026-09-05,Gateshead,Solihull Moors,ENGLAND 5,0.9723734259605408,1,1,2026-09-05 14:00:00,25.0,161.35,25.0,208.67,,,25.0,4.6
2026-09-05,Hartlepool,Woking,ENGLAND 5,0.9612162709236145,1,0,2026-09-05 14:00:00,15.5,556.93,15.5,241.85,,,15.5,4.6
2026-09-05,Scunthorpe,Harrogate,ENGLAND 5,0.9681447347005209,0,2,2026-09-05 14:00:00,19.0,95.67,21.0,184.97,,,21.0,4.6
2026-09-05,Tamworth,Boston Utd,ENGLAND 5,0.9723734259605408,2,2,2026-09-05 14:00:00,26.0,276.42,23.0,109.94,,,23.0,4.6
2026-09-05,Wealdstone,Kidderminster,ENGLAND 5,0.9697452386220297,1,4,2026-09-05 14:00:00,500.0,10.39,16.5,124.77,,,16.5,4.6
2026-09-05,Brentford,Sunderland,ENGLAND 1,0.9506843686103821,1,1,2026-09-05 14:00:00,16.0,836.05,16.0,615.29,,,16.0,4.6
2026-09-05,Brighton,Leeds,ENGLAND 1,0.945213238398234,1,1,2026-09-05 14:00:00,16.0,74.06,16.0,610.98,,,16.0,4.6
2026-09-05,Fulham,Crystal Palace,ENGLAND 1,0.945933997631073,2,3,2026-09-05 14:00:00,13.5,1242.5,14.5,542.97,,,14.5,4.6
2026-09-05,Parnu JK Vaprus,Nomme Utd,ESTONIA 1,0.9491052428881327,1,0,2026-09-05 14:00:00,32.0,161.28,30.0,76.21,,,30.0,4.6
2026-09-05,Aegir,Grindavik,ICELAND 2,0.9798740148544312,1,1,2026-09-05 14:00:00,,,170.0,67.68,,,170.0,4.6
2026-09-05,IR Reykjavik,Leiknir,ICELAND 2,0.9704934159914652,3,2,2026-09-05 14:00:00,80.0,71.15,85.0,19.26,,,85.0,4.6
2026-09-05,Kopavogur,Fylkir,ICELAND 2,0.980593740940094,2,1,2026-09-05 14:00:00,500.0,10.39,70.0,124.63,,,70.0,4.6
2026-09-05,Njardvik,Afturelding,ICELAND 2,0.9595429499944051,2,1,2026-09-05 14:00:00,26.0,271.71,30.0,75.72,,,30.0,4.6
2026-09-05,Vestri,Throttur,ICELAND 2,0.9544944961865743,0,2,2026-09-05 14:00:00,85.0,36.16,36.0,69.62,,,36.0,4.6
2026-09-05,Rosenborg,HamKam,NORWAY 1,0.9707989494005839,4,0,2026-09-05 14:00:00,29.0,84.31,38.0,878.65,,,38.0,4.6
2026-09-05,Asane,Hodd,NORWAY 2,0.9681447347005209,2,2,2026-09-05 14:00:00,27.0,197.1,24.0,297.41,,,24.0,4.6
2026-09-05,Kongsvinger,Raufoss,NORWAY 2,0.9931207100550333,9,1,2026-09-05 14:00:00,380.0,78.15,170.0,84.32,,,170.0,4.6
2026-09-05,Odd,Stromsgodset,NORWAY 2,0.9941775798797607,1,1,2026-09-05 14:00:00,500.0,10.39,130.0,83.2,,,130.0,4.6
2026-09-05,Sandnes,Ranheim,NORWAY 2,0.992716372013092,1,1,2026-09-05 14:00:00,55.0,112.58,60.0,69.9,,,60.0,4.6
2026-09-05,Cove Rangers,Alloa,SCOTLAND 3,0.9402724504470825,1,1,2026-09-05 14:00:00,19.0,181.44,15.0,122.55,,,15.0,4.6
2026-09-05,Peterhead,Montrose,SCOTLAND 3,0.940143883228302,0,3,2026-09-05 14:00:00,860.0,6.93,17.0,166.41,,,17.0,4.6
2026-09-05,Queen of South,Airdrieonians,SCOTLAND 3,0.9351920882860819,2,1,2026-09-05 14:00:00,970.0,6.93,16.5,59.37,,,16.5,4.6
2026-09-05,Clyde,Edinburgh City,SCOTLAND 4,0.9426906108856201,3,2,2026-09-05 14:00:00,23.0,129.69,22.0,87.36,,,22.0,4.6
2026-09-05,Dumbarton,Elgin City,SCOTLAND 4,0.9410765568415324,2,1,2026-09-05 14:00:00,21.0,99.62,19.0,93.04,,,19.0,4.6
2026-09-05,Forfar Athletic,Stranraer,SCOTLAND 4,0.9312020937601725,0,3,2026-09-05 14:00:00,16.0,101.63,16.0,143.2,,,16.0,4.6
2026-09-05,Kelty Hearts,Annan,SCOTLAND 4,0.9452241261800131,2,1,2026-09-05 14:00:00,23.0,153.45,18.5,94.84,,,18.5,4.6
2026-09-05,Stirling,Spartans,SCOTLAND 4,0.9588671127955118,0,2,2026-09-05 14:00:00,28.0,263.67,34.0,251.27,,,34.0,4.6
2026-09-05,Aberdeen,Kilmarnock,SCOTLAND 1,0.9346727331479391,0,0,2026-09-05 14:00:00,20.0,211.94,22.0,141.13,,,22.0,4.6
2026-09-05,Dundee Utd,Falkirk,SCOTLAND 1,0.954913059870402,1,1,2026-09-05 14:00:00,17.5,103.57,18.0,268.79,,,18.0,4.6
2026-09-05,Rangers,Motherwell,SCOTLAND 1,0.944814662138621,1,0,2026-09-05 14:00:00,32.0,212.55,34.0,236.2,,,34.0,4.6
2026-09-05,RW Essen,Viktoria Koln,GERMANY 3,0.9565180738766988,1,0,2026-09-05 14:30:00,42.0,76.76,26.0,88.61,,,25.0,4.6
2026-09-05,Nijmegen,Feyenoord,NETHERLANDS 1,0.9662647247314453,1,3,2026-09-05 14:30:00,32.0,108.63,29.0,334.9,,,28.0,4.6
2026-09-05,Brage,Sundsvall,SWEDEN 2,0.9405640363693237,0,1,2026-09-05 15:00:00,32.0,95.62,23.0,114.24,,,22.0,4.5
2026-09-05,Helsingborg,Sandviken,SWEDEN 2,0.9525696833928426,0,2,2026-09-05 15:00:00,23.0,175.07,24.0,265.61,,,24.0,4.5
2026-09-05,Ascoli,Benevento,ITALY 2,0.9548445343971252,1,0,2026-09-05 15:15:00,14.0,100.66,13.0,69.76,,,15.5,4.5
2026-09-05,Vasteras SK,Sirius,SWEDEN 1,0.9568649729092916,0,1,2026-09-05 15:30:00,22.0,393.43,23.0,89.78,,,23.0,4.5
2026-09-05,Spartak Varna,CSKA Sofia,BULGARIA 1,0.9410765568415324,1,1,2026-09-05 16:00:00,,,16.5,106.27,,,16.0,4.5
2026-09-05,Opava,Dukla Prague,CZECH 2,0.9184755881627401,1,2,2026-09-05 16:00:00,,,22.0,16.9,,,19.0,4.5
2026-09-05,Brann,Lillestrom,NORWAY 1,0.9778380195299784,1,2,2026-09-05 16:00:00,,,32.0,90.81,,,32.0,4.5
2026-09-05,Zilina,Podbrezova,SLOVAKIA 1,0.9514071941375732,3,1,2026-09-05 16:00:00,,,24.0,92.0,,,25.0,4.5
2026-09-05,Vaduz,Lausanne,SWITZERLAND 1,0.9661421179771423,3,1,2026-09-05 16:00:00,,,27.0,172.85,,,27.0,4.5
2026-09-05,Young Boys,Luzern,SWITZERLAND 1,0.9824069341023763,3,3,2026-09-05 16:00:00,,,65.0,160.26,,,75.0,4.5
2026-09-05,Boreham Wood,Carlisle,ENGLAND 5,0.9828112721443176,2,1,2026-09-05 16:30:00,,,27.0,121.31,,,34.0,4.6
2026-09-05,Schalke,Bayern Munich,GERMANY 1,0.992716372013092,0,0,2026-09-05 16:30:00,,,85.0,196.97,,,65.0,4.6
2026-09-05,Keflavik,Valur,ICELAND 1,0.9824069341023763,1,2,2026-09-05 16:30:00,,,60.0,422.73,,,46.0,4.6
2026-09-05,Maritimo,Benfica,PORTUGAL 1,0.9615665276845297,0,3,2026-09-05 17:00:00,,,36.0,207.74,,,36.0,4.6
2026-09-05,Ajax,PSV,NETHERLANDS 1,0.9878714084625244,1,3,2026-09-05 18:00:00,,,44.0,295.89,,,46.0,4.6
2026-09-05,Stabaek,Moss,NORWAY 2,0.9882757465044657,2,3,2026-09-05 18:00:00,,,90.0,75.31,,,60.0,4.6
2026-09-05,SG Dynamo Dresden,Bochum,GERMANY 2,0.9519062836964926,1,2,2026-09-05 18:30:00,,,17.0,82.3,16.5,257.85,16.5,4.6
2026-09-05,Dun. Streda,Slovan Bratislava,SLOVAKIA 1,0.9417535861333212,2,0,2026-09-05 18:30:00,,,22.0,108.0,22.0,116.66,22.0,4.6
2026-09-05,Grasshoppers,Zurich,SWITZERLAND 1,0.9611166914304098,2,2,2026-09-05 18:30:00,,,22.0,270.6,21.0,230.49,21.0,4.6
2026-09-05,St. Truiden,RAAL La Louviere,BELGIUM 1,0.9492032329241434,4,0,2026-09-05 18:45:00,,,19.0,82.09,19.0,135.59,19.0,4.6
2026-09-05,Bragantino,Bahia,BRAZIL 1,0.9448634386062622,2,3,2026-09-05 19:00:00,,,17.0,86.32,18.0,153.29,18.0,4.6
2026-09-05,St. Mirren,Celtic,SCOTLAND 1,0.9503411054611206,1,2,2026-09-05 19:00:00,,,27.0,83.62,34.0,605.61,34.0,4.6
2026-09-05,Charlotte,Houston Dynamo,USA 1,0.9428398609161377,0,0,2026-09-05 23:30:00,,,,,19.5,407.91,19.5,4.5
2026-09-05,Inter Miami,Atlanta Utd,USA 1,0.9790078401565552,2,2,2026-09-05 23:30:00,,,,,70.0,110.01,130.0,9.4
2026-09-05,Philadelphia Union,CF Montreal,USA 1,0.9603023131688436,2,0,2026-09-05 23:30:00,,,,,32.0,226.05,32.0,4.5
2026-09-05,Toronto FC,Chicago Fire,USA 1,0.9260756572087606,4,4,2026-09-05 23:30:00,,,,,26.0,414.63,27.0,4.5
2026-09-05,Austin FC,San Jose Earthquakes,USA 1,0.9506158431371053,1,1,2026-09-06 00:30:00,,,,,23.0,75.51,21.0,4.4
2026-09-05,FC Dallas,Sporting Kansas City,USA 1,0.9460034370422363,4,3,2026-09-06 00:30:00,,,,,32.0,121.86,34.0,4.4
2026-09-05,Real Salt Lake,Los Angeles FC,USA 1,0.9391514261563619,2,2,2026-09-06 01:30:00,,,,,18.5,114.72,21.0,4.5
2026-09-05,Portland Timbers,Minnesota United,USA 1,0.9627416133880615,5,4,2026-09-06 02:30:00,,,,,,,26.0,4.5
2026-09-05,Vancouver Whitecaps,St. Louis City,USA 1,0.963195820649465,1,3,2026-09-06 02:30:00,,,,,,,32.0,4.5
2026-09-06,Zizkov,Pribram,CZECH 2,0.944352924823761,1,1,2026-09-06 08:15:00,,,,,,,20.0,4.8
2026-09-06,Groningen,Twente,NETHERLANDS 1,0.9779789845148722,2,2,2026-09-06 10:15:00,34.0,276.9,,,,,34.0,4.8
2026-09-06,FC Tokyo,Kyoto,JAPAN 1,0.9533981283505758,2,0,2026-09-06 10:30:00,21.0,194.95,,,,,21.0,4.8
2026-09-06,Mlada Boleslav,Ostrava,CZECH 1,0.9479469060897827,4,0,2026-09-06 11:00:00,18.0,201.11,,,,,19.5,4.8
2026-09-06,Aarhus Fremad,Kolding IF,DENMARK 2,0.946382741133372,2,1,2026-09-06 11:00:00,18.5,72.12,,,,,15.0,4.7
2026-09-06,Cercle Brugge KSV,Gent,BELGIUM 1,0.9351479411125183,0,3,2026-09-06 11:30:00,15.5,182.82,,,,,16.0,4.7
2026-09-06,Greuther Furth,Heidenheim,GERMANY 2,0.9715232451756796,0,1,2026-09-06 11:30:00,32.0,450.94,,,,,34.0,4.7
2026-09-06,Hertha Berlin,Magdeburg,GERMANY 2,0.975154717763265,2,1,2026-09-06 11:30:00,34.0,248.71,,,,,38.0,4.7
2026-09-06,VfL Osnabruck,Braunschweig,GERMANY 2,0.9398003816604614,3,1,2026-09-06 11:30:00,19.0,377.98,,,,,19.0,4.7
2026-09-06,Henan Songshan Longmen,Chengdu Rongcheng,CHINA 1,0.9510185718536377,0,0,2026-09-06 11:35:00,21.0,296.65,,,,,19.5,9.7
2026-09-06,Yunnan Yukun,Liaoning Tieren,CHINA 1,0.9902970393498739,5,0,2026-09-06 11:35:00,46.0,191.69,,,,,60.0,9.7
2026-09-06,Sonderjyske,Horsens,DENMARK 1,0.9391319354375204,2,5,2026-09-06 12:00:00,15.5,79.63,,,,,15.0,4.7
2026-09-06,Servette,St. Gallen,SWITZERLAND 1,0.975154717763265,0,2,2026-09-06 12:00:00,34.0,446.43,,,,,26.0,4.7
2026-09-06,Heerenveen,AZ Alkmaar,NETHERLANDS 1,0.9654713869094849,2,3,2026-09-06 12:30:00,36.0,478.94,,,,,34.0,4.7
2026-09-06,Everton,Manchester Utd,ENGLAND 1,0.9445708592732748,2,2,2026-09-06 13:00:00,20.0,406.57,,,,,22.0,4.7
2026-09-06,Cesena,Mantova,ITALY 2,0.9455836216608683,1,1,2026-09-06 13:00:00,13.5,458.2,,,,,15.0,4.7
2026-09-06,Hamburger SV,Mainz,GERMANY 1,0.9561019738515218,0,5,2026-09-06 13:30:00,16.0,862.63,17.0,630.91,,,17.0,4.7
2026-09-06,K. Lierse S.K.,RFC Liege,BELGIUM 2,0.9398003816604614,0,0,2026-09-06 14:00:00,19.5,360.31,21.0,426.13,,,21.0,4.7
2026-09-06,Kortrijk,Waregem,BELGIUM 1,0.9287354151407877,0,2,2026-09-06 14:00:00,16.5,189.42,14.5,640.68,,,14.5,4.7
2026-09-06,Harju JK Laagri,Tammeka,ESTONIA 1,0.9511552055676779,0,2,2026-09-06 14:00:00,120.0,66.37,27.0,103.85,,,27.0,4.7
2026-09-06,Akranes,KR Reykjavik,ICELAND 1,0.9770880142847697,3,1,2026-09-06 14:00:00,240.0,191.91,95.0,76.43,,,95.0,4.7
2026-09-06,KA Akureyri,Breidablik,ICELAND 1,0.9804097612698873,2,1,2026-09-06 14:00:00,46.0,127.96,44.0,207.24,,,44.0,4.7
2026-09-06,Vikingur Reykjavik,Fram,ICELAND 1,0.9674476981163025,2,2,2026-09-06 14:00:00,130.0,80.43,38.0,76.9,,,38.0,4.7
2026-09-06,Hearts,Dundee FC,SCOTLAND 1,0.9581705927848816,2,1,2026-09-06 14:00:00,24.0,77.24,24.0,103.86,,,24.0,4.7
2026-09-06,St Johnstone,Hibernian,SCOTLAND 1,0.9156943957010905,2,1,2026-09-06 14:00:00,14.5,121.58,14.5,189.2,,,14.5,4.7
2026-09-06,Valencia,Barcelona,SPAIN 1,0.975154717763265,0,5,2026-09-06 14:15:00,40.0,418.99,38.0,158.79,,,40.0,4.7
2026-09-06,Brommapojkarna,Elfsborg,SWEDEN 1,0.945767362912496,2,1,2026-09-06 14:30:00,18.5,270.86,17.5,148.02,,,17.5,4.7
2026-09-06,Sion,Thun,SWITZERLAND 1,0.9848622481028239,3,2,2026-09-06 14:30:00,36.0,246.77,38.0,283.15,,,36.0,4.7
2026-09-06,Maastricht,Roda,NETHERLANDS 2,0.9477791587511698,1,1,2026-09-06 14:45:00,19.0,277.6,18.0,287.09,,,16.0,4.7
2026-09-06,Molde,KFUM Oslo,NORWAY 1,0.9872528910636902,2,0,2026-09-06 15:00:00,42.0,75.44,48.0,151.26,,,44.0,4.7
2026-09-06,Sarpsborg 08,Valerenga,NORWAY 1,0.9806826512018839,2,2,2026-09-06 15:00:00,34.0,196.68,34.0,117.5,,,36.0,4.7
2026-09-06,Lyn,Egersund,NORWAY 2,0.9821311036745707,1,1,2026-09-06 15:00:00,34.0,118.67,65.0,70.04,,,32.0,4.7
2026-09-06,Kosice,Banska Bystrica,SLOVAKIA 1,0.9641033411026001,3,0,2026-09-06 15:00:00,42.0,147.29,44.0,128.79,,,48.0,4.7
2026-09-06,Arsenal,Chelsea,ENGLAND 1,0.9458310008049011,2,1,2026-09-06 15:30:00,15.0,550.76,16.5,628.26,,,17.5,4.7
2026-09-06,Eintracht Frankfurt,Augsburg,GERMANY 1,0.9671546618143717,1,4,2026-09-06 15:30:00,34.0,586.88,36.0,1108.56,,,34.0,4.7
2026-09-06,Hradec Kralove,Sparta Prague,CZECH 1,0.9549625714619955,2,1,2026-09-06 16:00:00,,,19.0,106.97,,,18.0,4.7
2026-09-06,Brondby,Randers FC,DENMARK 1,0.946382741133372,0,3,2026-09-06 16:00:00,,,25.0,263.46,,,23.0,4.7
2026-09-06,Anderlecht,Genk,BELGIUM 1,0.9569927652676901,0,0,2026-09-06 16:30:00,,,24.0,389.62,,,23.0,4.7
2026-09-06,Malaga,Levante,SPAIN 1,0.9371299544970194,0,0,2026-09-06 16:30:00,,,13.0,206.66,,,14.0,4.7
2026-09-06,Ruzomberok,Trnava,SLOVAKIA 1,0.9305692911148071,1,1,2026-09-06 17:00:00,,,20.0,413.45,,,16.0,4.7
2026-09-06,Trabzonspor,Genclerbirligi,TURKEY 1,0.9518909056981405,5,0,2026-09-06 17:00:00,,,22.0,222.24,,,27.0,4.7
2026-09-06,Kristiansund,Tromso,NORWAY 1,0.9495910406112671,2,0,2026-09-06 17:15:00,,,18.0,528.66,,,17.0,4.7
2026-09-06,O'Higgins,Union La Calera,CHILE 1,0.946382741133372,2,1,2026-09-06 17:45:00,,,15.0,276.07,,,16.0,4.7
2026-09-06,Lok. Sofia,Ludogorets,BULGARIA 1,0.9474949240684509,1,2,2026-09-06 18:15:00,,,16.5,99.41,,,19.0,4.8
2026-09-06,Huachipato,Colo Colo,CHILE 1,0.9683952728907267,0,0,2026-09-06 20:00:00,,,27.0,187.02,30.0,127.68,32.0,4.7
2026-09-06,Portland Thorns W,Washington Spirit W,WOM USA 1,0.9645446936289469,1,2,2026-09-06 20:00:00,,,23.0,383.59,23.0,383.59,23.0,4.7
2026-09-06,The Strongest,Tomayapo,BOLIVIA 1,0.9806826512018839,3,1,2026-09-06 22:00:00,,,,,50.0,88.88,46.0,4.7
2026-09-06,Nacional Potosi,Blooming,BOLIVIA 1,0.9462583462397257,2,1,2026-09-07 00:00:00,,,,,25.0,262.77,23.0,4.7
2026-09-06,Seattle Reign W,San Diego Wave W,WOM USA 1,0.9580774505933126,1,0,2026-09-07 01:00:00,,,,,19.0,279.4,17.0,4.7
2026-09-07,Pirin Blagoevgrad,Ludogorets II,BULGARIA 2,0.9392518003781637,0,3,2026-09-07 16:00:00,,,16.0,278.2,,,19.0,4.7
2026-09-07,Union Berlin W,Eintracht Frankfurt W,WOM GERMANY 1,0.9472935994466146,0,1,2026-09-07 16:00:00,,,36.0,160.7,,,38.0,4.7
2026-09-07,Midtjylland,Nordsjaelland,DENMARK 1,0.9674446185429891,2,2,2026-09-07 17:00:00,,,28.0,83.33,,,32.0,4.7
2026-09-07,Kalmar,Djurgarden,SWEDEN 1,0.943841020266215,0,1,2026-09-07 17:00:00,,,21.0,658.62,,,19.5,4.7
2026-09-07,Malmo FF,AIK,SWEDEN 1,0.9398669004440308,0,0,2026-09-07 17:00:00,,,22.0,518.27,,,21.0,4.7
2026-09-07,Mjallby,Goteborg,SWEDEN 1,0.9563983480135599,1,4,2026-09-07 17:00:00,,,17.0,147.29,,,18.5,4.7
2026-09-07,Manisa FK,Bursaspor,TURKEY 2,0.9530485471089681,1,2,2026-09-07 17:00:00,,,26.0,408.06,,,23.0,4.7
2026-09-07,Orebro,Ostersund,SWEDEN 2,0.934393843015035,0,1,2026-09-07 17:05:00,,,15.5,119.78,,,14.5,9.7
2026-09-07,Jong PSV,Den Bosch,NETHERLANDS 2,0.9920094609260559,3,1,2026-09-07 18:00:00,,,55.0,69.93,,,55.0,4.7
2026-09-07,Jong Utrecht,Eindhoven FC,NETHERLANDS 2,0.948058009147644,0,0,2026-09-07 18:00:00,,,24.0,74.88,,,23.0,4.7
2026-09-07,Palermo,Sampdoria,ITALY 2,0.9439635674158732,3,1,2026-09-07 18:30:00,,,15.5,468.93,17.0,518.13,17.0,4.6
2026-09-07,Estoril,Arouca,PORTUGAL 1,0.9078503449757894,0,0,2026-09-07 19:15:00,,,15.0,76.28,15.0,274.76,16.0,4.6
2026-09-07,Elche,Real Sociedad,SPAIN 1,0.9318467775980631,2,3,2026-09-07 19:30:00,,,16.5,69.44,17.0,1178.09,16.5,4.6
2026-09-07,Limache,Cobresal,CHILE 1,0.9753530621528625,3,0,2026-09-07 23:00:00,,,,,28.0,151.0,36.0,4.7
2026-09-08,Kalju,Nomme Utd,ESTONIA 1,0.9900260965029398,1,2,2026-09-08 15:00:00,32.0,141.94,38.0,168.48,,,55.0,4.8
2026-09-08,Ilves,Jaro,FINLAND 1,0.9437853097915649,2,0,2026-09-08 15:00:00,22.0,221.39,22.0,84.21,,,22.0,4.8
2026-09-08,Lahti,Mariehamn,FINLAND 1,0.9529515504837036,2,1,2026-09-08 15:00:00,19.0,156.57,20.0,198.82,,,20.0,4.8
2026-09-08,TPS,SJK,FINLAND 1,0.9408868352572123,0,0,2026-09-08 15:00:00,18.0,252.21,17.5,352.43,,,15.0,4.8
2026-09-08,Gnistan,KuPS,FINLAND 1,0.9318758447964987,1,1,2026-09-08 16:00:00,,,19.0,213.75,,,18.5,4.8
2026-09-08,Nijmegen,Excelsior,NETHERLANDS 1,0.9545151591300964,2,2,2026-09-08 16:45:00,,,30.0,312.96,,,25.0,4.8
2026-09-09,Jablonec,Ostrava,CZECH 1,0.9408402244249979,3,0,2026-09-09 15:00:00,16.5,95.81,16.0,533.91,,,15.5,4.8
2026-09-09,Parnu JK Vaprus,Harju JK Laagri,ESTONIA 1,0.9523711800575256,3,2,2026-09-09 16:00:00,,,27.0,69.67,,,26.0,4.7
2026-09-09,Twente,Telstar,NETHERLANDS 1,0.9767677187919617,1,0,2026-09-09 16:45:00,,,55.0,208.33,,,60.0,4.7
2026-09-09,Hradec Kralove,Plzen,CZECH 1,0.9484524329503378,0,0,2026-09-09 17:00:00,,,17.0,309.77,,,17.0,4.7
2026-09-09,Njardvik,Throttur,ICELAND 2,0.9472719232241312,0,1,2026-09-09 17:00:00,,,20.0,150.67,,,18.0,4.7
2026-09-09,Landskrona,Helsingborg,SWEDEN 2,0.94088747104009,1,2,2026-09-09 17:00:00,,,18.0,139.54,,,16.5,4.7
2026-09-09,Sandviken,Oddevold,SWEDEN 2,0.947731633981069,0,1,2026-09-09 17:00:00,,,18.0,85.56,,,23.0,4.7
2026-09-09,Rangers,St. Mirren,SCOTLAND 1,0.9460134108861288,1,0,2026-09-09 18:45:00,,,34.0,123.05,40.0,103.57,40.0,4.6
2026-09-09,Chelsea,Leeds,ENGLAND CUP,0.944719652334849,6,3,2026-09-09 19:00:00,,,25.0,78.47,21.0,144.13,21.0,4.6
2026-09-09,St Johnstone,Celtic,SCOTLAND 1,0.9526250163714091,0,1,2026-09-09 19:00:00,,,27.0,170.38,28.0,197.56,28.0,4.6
2026-09-09,Kopavogur,Fylkir,ICELAND 2,0.9767677187919617,2,3,2026-09-09 19:15:00,,,120.0,83.56,48.0,100.62,48.0,4.6
2026-09-09,Atlanta Utd,Orlando City,USA 1,0.9654582540194193,2,3,2026-09-09 23:30:00,,,,,30.0,261.65,32.0,4.6
2026-09-09,CF Montreal,Charlotte,USA 1,0.950698733329773,1,2,2026-09-09 23:30:00,,,,,26.0,146.5,26.0,4.6
2026-09-09,Toronto FC,Nashville SC,USA 1,0.9297844171524048,2,1,2026-09-09 23:30:00,,,,,18.0,354.11,19.0,4.6
2026-09-09,Philadelphia Union,FC Cincinnati,USA 1,0.9854933619499207,5,0,2026-09-09 23:45:00,,,,,44.0,80.76,48.0,4.6
2026-09-09,New York City,New England Revolution,USA 1,0.9467945297559103,1,2,2026-09-10 00:00:00,,,,,18.5,93.08,19.5,4.6
2026-09-09,Austin FC,Colorado Rapids,USA 1,0.939712385336558,1,1,2026-09-10 00:30:00,,,,,15.5,113.56,15.0,4.6
2026-09-09,Chicago Fire,Inter Miami,USA 1,0.9807559251785278,1,1,2026-09-10 00:30:00,,,,,60.0,70.31,65.0,4.6
2026-09-09,Houston Dynamo,Real Salt Lake,USA 1,0.959062914053599,2,1,2026-09-10 00:30:00,,,,,19.0,227.05,18.5,4.6
2026-09-09,Minnesota United,FC Dallas,USA 1,0.9397794008255005,1,2,2026-09-10 00:30:00,,,,,24.0,117.02,28.0,4.6
2026-09-09,Los Angeles FC,New York Red Bulls,USA 1,0.9776629408200582,2,0,2026-09-10 02:30:00,,,,,,,42.0,4.6
2026-09-09,Portland Timbers,St. Louis City,USA 1,0.9698186119397482,2,2,2026-09-10 02:30:00,,,,,,,34.0,4.6
2026-09-09,San Diego FC,San Jose Earthquakes,USA 1,0.9729448159535726,2,3,2026-09-10 02:30:00,,,,,,,40.0,4.6
2026-09-09,Vancouver Whitecaps,Los Angeles Galaxy,USA 1,0.9914944569269816,3,0,2026-09-10 02:30:00,,,,,,,55.0,4.6
2026-09-10,Falkenberg,Oster,SWEDEN 2,0.9468343059221903,2,1,2026-09-10 17:00:00,,,23.0,119.52,,,23.0,4.8
2026-09-10,Ostersund,Brage,SWEDEN 2,0.9392658074696859,1,1,2026-09-10 17:00:00,,,15.0,263.66,,,16.0,4.8
2026-09-10,Sundsvall,Orebro,SWEDEN 2,0.9181785583496094,0,3,2026-09-10 17:00:00,,,15.0,91.03,,,16.0,4.8
2026-09-10,Varberg,Norrkoping,SWEDEN 2,0.9321710467338562,0,2,2026-09-10 17:00:00,,,21.0,592.76,,,17.5,4.8
2026-09-11,Kyoto,Kashiwa Reysol,JAPAN 1,0.9455589254697164,2,3,2026-09-11 10:00:00,19.5,1031.4,,,,,22.0,4.8
2026-09-11,Trinec,Karvina,CZECH 2,0.9463960925738016,3,2,2026-09-11 15:00:00,32.0,76.36,24.0,325.52,,,24.0,4.8
2026-09-11,Pohronie,L. Mikulas,SLOVAKIA 2,0.9491555293401083,2,0,2026-09-11 15:00:00,21.0,149.48,29.0,343.65,,,25.0,4.8
2026-09-11,Primorje,Bilje,SLOVENIA 2,0.9491555293401083,2,3,2026-09-11 15:30:00,14.5,81.94,500.0,55.96,,,500.0,4.8
2026-09-11,Pribram,Ostrava B,CZECH 2,0.9493215084075928,1,3,2026-09-11 16:00:00,,,19.5,155.65,,,19.0,4.8
2026-09-11,Usti nad Labem,Jihlava,CZECH 2,0.9463960925738016,1,2,2026-09-11 16:00:00,,,24.0,100.31,,,21.0,4.8
2026-09-11,Hobro,Vejle,DENMARK 2,0.9106971025466919,0,0,2026-09-11 16:00:00,,,17.5,85.96,,,18.5,4.8
2026-09-11,Polonia Warszawa,Polonia Bytom,POLAND 2,0.9463960925738016,2,2,2026-09-11 16:00:00,,,21.0,136.91,,,21.0,4.8
2026-09-11,Darmstadt,Arminia Bielefeld,GERMANY 2,0.9532903631528219,2,1,2026-09-11 16:30:00,,,21.0,316.25,,,19.0,4.8
2026-09-11,Nurnberg,Hannover,GERMANY 2,0.9744877815246582,2,1,2026-09-11 16:30:00,,,38.0,179.82,,,38.0,4.8
2026-09-11,FC Copenhagen,Horsens,DENMARK 1,0.9453999002774557,2,0,2026-09-11 17:00:00,,,25.0,577.51,,,28.0,4.7
2026-09-11,Viktoria Koln,Hansa Rostock,GERMANY 3,0.9590259194374084,4,0,2026-09-11 17:00:00,,,32.0,309.52,,,29.0,4.7
2026-09-11,Hacken,Mjallby,SWEDEN 1,0.9514328241348267,1,1,2026-09-11 17:00:00,,,24.0,295.31,,,27.0,4.7
2026-09-11,Rapperswil-Jona,Yverdon,SWITZERLAND 2,0.9590259194374084,2,0,2026-09-11 17:30:00,,,36.0,77.45,,,38.0,4.8
2026-09-11,Eindhoven FC,Dordrecht,NETHERLANDS 2,0.9452042579650879,2,1,2026-09-11 18:00:00,,,29.0,279.45,,,24.0,4.7
2026-09-11,FC Emmen,De Graafschap,NETHERLANDS 2,0.9787847797075907,1,2,2026-09-11 18:00:00,,,42.0,112.19,,,42.0,4.7
2026-09-11,Heracles,Jong AZ,NETHERLANDS 2,0.9745863278706869,3,2,2026-09-11 18:00:00,,,75.0,205.37,,,65.0,4.7
2026-09-11,Maastricht,Almere City,NETHERLANDS 2,0.9742388923962911,0,4,2026-09-11 18:00:00,,,29.0,88.5,,,27.0,4.7
2026-09-11,NAC Breda,Jong Utrecht,NETHERLANDS 2,0.9793920119603475,2,3,2026-09-11 18:00:00,,,42.0,102.17,,,36.0,4.7
2026-09-11,AZ Alkmaar,Willem II,NETHERLANDS 1,0.9820536573727926,1,1,2026-09-11 18:00:00,,,65.0,170.11,,,70.0,4.7
2026-09-11,Union Berlin,Schalke,GERMANY 1,0.9457545677820841,1,3,2026-09-11 18:30:00,,,20.0,105.19,16.5,119.0,16.5,4.7
2026-09-11,Cork City,Cobh Ramblers,IRELAND 2,0.9488008618354797,2,3,2026-09-11 18:45:00,,,24.0,152.43,23.0,161.16,23.0,4.7
2026-09-11,Wexford,Finn Harps,IRELAND 2,0.929654856522878,1,3,2026-09-11 18:45:00,,,29.0,147.96,22.0,86.99,22.0,4.7
2026-09-11,Cajamarca,Juan Pablo II,PERU 1,0.8951868216196696,1,2,2026-09-11 20:00:00,,,14.5,74.91,15.0,156.37,15.5,4.7
2026-09-11,SA Bulo Bulo,Aurora,BOLIVIA 1,0.9424448211987814,0,2,2026-09-11 22:00:00,,,,,24.0,420.4,18.0,4.7
2026-09-11,Racing Louisville W,Gotham W,WOM USA 1,0.9608834584554037,1,2,2026-09-11 22:30:00,,,,,26.0,328.28,26.0,4.7
2026-09-11,Real Potosi,Oriente Petrolero,BOLIVIA 1,0.9498328367869059,2,1,2026-09-12 00:00:00,,,,,27.0,163.51,22.0,4.7
2026-09-11,Cusco,FBC Melgar,PERU 1,0.921825627485911,0,1,2026-09-12 00:00:00,,,,,17.0,194.64,15.0,4.7
2026-09-12,Seoul E-Land,Suwon Bluewings,SOUTH KOREA 2,0.9453455607096354,0,1,2026-09-12 07:30:00,,,,,,,20.0,4.8
2026-09-12,CSC Dumbravita,CSM Slatina,ROMANIA 2,0.950266440709432,0,2,2026-09-12 08:00:00,,,,,,,16.5,4.8
2026-09-12,Mito,Kawasaki Frontale,JAPAN 1,0.941309909025828,0,1,2026-09-12 09:00:00,17.5,140.35,,,,,17.5,4.8
2026-09-12,Gamba Osaka,FC Tokyo,JAPAN 1,0.9715461532274882,0,2,2026-09-12 10:00:00,19.0,572.82,,,,,18.5,4.7
2026-09-12,Sanfrecce Hiroshima,Cerezo Osaka,JAPAN 1,0.9739522536595663,6,1,2026-09-12 10:00:00,23.0,138.41,,,,,23.0,4.7
2026-09-12,Ansan Greeners,Hwaseong,SOUTH KOREA 2,0.9389345645904541,0,2,2026-09-12 10:00:00,23.0,239.2,,,,,21.0,4.7
2026-09-12,Suzhou Dongwu,Foshan Nanshi,CHINA 2,0.9418032765388489,3,2,2026-09-12 11:00:00,17.0,264.35,,,,,22.0,4.7
2026-09-12,Bochum,Greuther Furth,GERMANY 2,0.9572239915529887,1,1,2026-09-12 11:00:00,23.0,244.2,,,,,22.0,4.7
2026-09-12,Braunschweig,SG Dynamo Dresden,GERMANY 2,0.9474765062332153,2,2,2026-09-12 11:00:00,24.0,270.79,,,,,23.0,4.7
2026-09-12,Magdeburg,Kaiserslautern,GERMANY 2,0.9474765062332153,3,0,2026-09-12 11:00:00,24.0,73.57,,,,,23.0,4.7
2026-09-12,Guangdong GZ-Power,Dalian K'un City,CHINA 2,0.9538352092107137,1,1,2026-09-12 11:30:00,28.0,107.17,,,,,22.0,4.7
2026-09-12,Leyton Orient,Wycombe,ENGLAND 3,0.9348128239313761,2,3,2026-09-12 11:30:00,17.0,86.64,,,,,17.0,4.7
2026-09-12,Wuhan Three Towns,Henan Songshan Longmen,CHINA 1,0.9665845433870951,1,1,2026-09-12 11:35:00,24.0,100.45,,,,,27.0,9.7
2026-09-12,Saarbrucken,Ingolstadt,GERMANY 3,0.9465903639793396,0,1,2026-09-12 12:00:00,26.0,105.09,,,,,28.0,4.6
2026-09-12,Verl,Meppen,GERMANY 3,0.9532343943913778,2,1,2026-09-12 12:00:00,32.0,118.87,,,,,34.0,4.6
2026-09-12,Racing Santander,Alaves,SPAIN 1,0.9326181213061014,2,1,2026-09-12 12:00:00,18.5,190.71,,,,,18.0,4.6
2026-09-12,Bohemians,Slovacko,CZECH 1,0.9552527268727621,2,0,2026-09-12 13:00:00,15.0,193.55,,,,,15.0,4.5
2026-09-12,Liberec,Mlada Boleslav,CZECH 1,0.9539121588071188,3,0,2026-09-12 13:00:00,22.0,349.55,,,,,21.0,4.5
2026-09-12,AIK,Vasteras SK,SWEDEN 1,0.9446650942166647,1,4,2026-09-12 13:00:00,16.5,317.62,,,,,20.0,4.5
2026-09-12,Augsburg,Bayer Leverkusen,GERMANY 1,0.9647034406661987,2,2,2026-09-12 13:30:00,32.0,87.42,36.0,189.8,,,36.0,4.5
2026-09-12,Freiburg,B. Monchengladbach,GERMANY 1,0.9711694320042928,5,0,2026-09-12 13:30:00,25.0,100.31,28.0,256.31,,,28.0,4.5
2026-09-12,Hoffenheim,Stuttgart,GERMANY 1,0.9874623417854309,2,1,2026-09-12 13:30:00,46.0,458.87,40.0,169.99,,,40.0,4.5
2026-09-12,Mainz,Eintracht Frankfurt,GERMANY 1,0.9793288906415304,1,3,2026-09-12 13:30:00,30.0,122.2,28.0,107.72,,,28.0,4.5
2026-09-12,Ruch Chorzow,Podbeskidzie,POLAND 2,0.9447182416915894,3,3,2026-09-12 13:30:00,22.0,233.38,18.5,80.63,,,18.5,4.5
2026-09-12,Warta Poznan,Arka Gdynia,POLAND 2,0.9341986378033956,3,0,2026-09-12 13:30:00,17.0,131.41,15.5,293.79,,,15.5,4.5
2026-09-12,Mansfield,Huddersfield,ENGLAND 3,0.926000157992045,0,0,2026-09-12 14:00:00,22.0,125.45,20.0,118.66,,,20.0,4.4
2026-09-12,MK Dons,Peterborough,ENGLAND 3,0.9663243691126505,1,1,2026-09-12 14:00:00,23.0,72.32,27.0,96.08,,,27.0,4.4
2026-09-12,Oxford Utd,Burton,ENGLAND 3,0.9357356230417887,3,0,2026-09-12 14:00:00,17.5,69.55,17.0,164.45,,,17.0,4.4
2026-09-12,Plymouth,Barnsley,ENGLAND 3,0.9625013669331869,3,0,2026-09-12 14:00:00,28.0,94.35,29.0,196.17,,,29.0,4.3
2026-09-12,Sheffield Wed,Wigan,ENGLAND 3,0.9487862785657247,0,0,2026-09-12 14:00:00,27.0,104.47,22.0,197.8,,,22.0,4.4
2026-09-12,Boston Utd,Wealdstone,ENGLAND 5,0.9575804869333903,1,3,2026-09-12 14:00:00,24.0,449.51,22.0,69.55,,,22.0,4.4
2026-09-12,Eastleigh,Boreham Wood,ENGLAND 5,0.9731126427650452,1,1,2026-09-12 14:00:00,32.0,179.14,32.0,206.57,,,32.0,4.4
2026-09-12,Forest Green,Gateshead,ENGLAND 5,0.9821856021881104,4,0,2026-09-12 14:00:00,28.0,139.72,28.0,91.58,,,28.0,4.4
2026-09-12,Solihull Moors,Aldershot,ENGLAND 5,0.9715461532274882,1,2,2026-09-12 14:00:00,27.0,164.45,27.0,244.26,,,27.0,4.3
2026-09-12,Sutton,Scunthorpe,ENGLAND 5,0.9715461532274882,0,2,2026-09-12 14:00:00,23.0,123.86,19.5,132.52,,,19.5,4.4
2026-09-12,Woking,Altrincham,ENGLAND 5,0.9529125293095907,5,1,2026-09-12 14:00:00,15.5,81.47,17.0,147.97,,,17.0,4.3
2026-09-12,Yeovil,AFC Fylde,ENGLAND 5,0.9793288906415304,1,4,2026-09-12 14:00:00,24.0,378.51,22.0,89.99,,,22.0,4.4
2026-09-12,Bournemouth,Brentford,ENGLAND 1,0.9474765062332153,2,2,2026-09-12 14:00:00,21.0,357.43,20.0,151.63,,,20.0,4.4
2026-09-12,Crystal Palace,Ipswich,ENGLAND 1,0.9277364611625671,2,3,2026-09-12 14:00:00,16.0,616.28,18.0,436.89,,,18.0,4.4
2026-09-12,Liverpool,Fulham,ENGLAND 1,0.9572418332099915,0,0,2026-09-12 14:00:00,32.0,242.51,32.0,543.57,,,32.0,4.4
2026-09-12,Mariehamn,TPS,FINLAND 1,0.938112219174703,1,0,2026-09-12 14:00:00,17.5,223.41,17.0,151.36,,,17.0,4.3
2026-09-12,Lillestrom,Valerenga,NORWAY 1,0.976410706837972,2,0,2026-09-12 14:00:00,32.0,312.35,34.0,114.99,,,34.0,4.3
2026-09-12,Ross County,Hibernian,SCOTLAND CUP,0.9155136148134867,0,3,2026-09-12 14:00:00,29.0,135.29,26.0,253.05,,,26.0,4.3
2026-09-12,Airdrieonians,Alloa,SCOTLAND 3,0.9284303387006124,1,0,2026-09-12 14:00:00,14.5,262.2,14.5,262.27,,,14.5,4.3
2026-09-12,Montrose,Cove Rangers,SCOTLAND 3,0.9284303387006124,2,1,2026-09-12 14:00:00,40.0,79.53,15.0,69.27,,,15.0,4.3
2026-09-12,Queen of South,East Fife,SCOTLAND 3,0.9353457689285278,1,1,2026-09-12 14:00:00,19.0,482.62,19.5,498.14,,,19.5,4.3
2026-09-12,Annan,Elgin City,SCOTLAND 4,0.9421969850858053,2,0,2026-09-12 14:00:00,27.0,374.77,21.0,72.04,,,21.0,4.3
2026-09-12,Clyde,Kelty Hearts,SCOTLAND 4,0.9489747285842896,4,1,2026-09-12 14:00:00,65.0,86.03,23.0,93.31,,,23.0,4.4
2026-09-12,Edinburgh City,Stirling,SCOTLAND 4,0.9453216393788656,7,3,2026-09-12 14:00:00,19.0,79.11,18.5,85.41,,,18.5,4.3
2026-09-12,Spartans,Forfar Athletic,SCOTLAND 4,0.9526309967041016,5,1,2026-09-12 14:00:00,25.0,176.72,21.0,127.53,,,21.0,4.4
2026-09-12,Stranraer,Dumbarton,SCOTLAND 4,0.9459489583969116,3,1,2026-09-12 14:00:00,24.0,70.8,22.0,162.58,,,22.0,4.3
2026-09-12,Boluspor,Pendikspor,TURKEY 2,0.9419795870780945,1,1,2026-09-12 14:00:00,21.0,199.44,19.5,90.47,,,19.5,4.4
2026-09-12,Eyupspor,Rizespor,TURKEY 1,0.9534044067064921,0,2,2026-09-12 14:00:00,14.5,415.64,14.0,758.26,,,14.0,4.3
2026-09-12,Alemannia Aachen,Regensburg,GERMANY 3,0.9692882696787516,2,2,2026-09-12 14:30:00,46.0,90.61,29.0,95.6,,,26.0,4.3
2026-09-12,Catanzaro,Carrarese,ITALY 2,0.9438280860582987,1,0,2026-09-12 15:15:00,15.0,477.98,14.5,511.23,,,15.0,4.3
2026-09-12,Goteborg,Halmstad,SWEDEN 1,0.952668309211731,2,1,2026-09-12 15:30:00,27.0,451.38,27.0,78.35,,,25.0,4.3
2026-09-12,Sparta Prague,Jablonec,CZECH 1,0.9511892398198446,2,0,2026-09-12 16:00:00,,,21.0,463.78,,,20.0,4.3
2026-09-12,AC Oulu,Gnistan,FINLAND 1,0.9365778565406799,1,2,2026-09-12 16:00:00,,,16.5,189.14,,,15.5,4.3
2026-09-12,Ilves,Lahti,FINLAND 1,0.9463567535082499,3,1,2026-09-12 16:00:00,,,21.0,373.52,,,19.0,4.3
2026-09-12,Jaro,SJK,FINLAND 1,0.9414635300636292,1,1,2026-09-12 16:00:00,,,13.5,176.09,,,13.5,4.3
2026-09-12,Rosenborg,Tromso,NORWAY 1,0.9435775876045227,5,3,2026-09-12 16:00:00,,,21.0,753.83,,,20.0,4.3
2026-09-12,Trencin,Dun. Streda,SLOVAKIA 1,0.9577169815699259,1,4,2026-09-12 16:00:00,,,60.0,73.15,,,30.0,4.3
2026-09-12,Aarau,Kriens,SWITZERLAND 2,0.9687633315722147,2,2,2026-09-12 16:00:00,,,50.0,76.96,,,34.0,4.3
2026-09-12,St. Gallen,Sion,SWITZERLAND 1,0.9783754547437032,0,3,2026-09-12 16:00:00,,,40.0,69.62,,,38.0,4.3
2026-09-12,Thun,Grasshoppers,SWITZERLAND 1,0.9798695842425028,0,1,2026-09-12 16:00:00,,,32.0,408.23,,,36.0,4.3
2026-09-12,Carlisle,Southend,ENGLAND 5,0.9741528232892355,2,2,2026-09-12 16:30:00,,,22.0,229.43,,,22.0,4.4
2026-09-12,Tottenham,Everton,ENGLAND 1,0.9438280860582987,0,0,2026-09-12 16:30:00,,,16.5,283.76,,,18.0,4.4
2026-09-12,FC Koln,Werder Bremen,GERMANY 1,0.9479245146115621,1,1,2026-09-12 16:30:00,,,24.0,142.08,,,26.0,4.4
2026-09-12,Ath Bilbao,Elche,SPAIN 1,0.9414635300636292,1,1,2026-09-12 16:30:00,,,21.0,508.81,,,21.0,4.4
2026-09-12,G.A. Eagles,Groningen,NETHERLANDS 1,0.965906580289205,1,1,2026-09-12 16:45:00,,,38.0,101.9,,,38.0,4.4
2026-09-12,Kilmarnock,Aberdeen,SCOTLAND CUP,0.9350679119427999,1,1,2026-09-12 16:45:00,,,18.0,77.38,,,16.0,4.4
2026-09-12,Omonia,Apollon,CYPRUS 1,0.9472831090291342,0,0,2026-09-12 17:00:00,,,21.0,284.43,,,16.5,4.4
2026-09-12,Lugano,Young Boys,SWITZERLAND 1,0.9793276985486349,2,2,2026-09-12 17:00:00,,,38.0,80.56,,,36.0,4.4
2026-09-12,Konyaspor,Trabzonspor,TURKEY 1,0.9483135143915812,1,0,2026-09-12 17:00:00,,,19.0,86.31,,,18.5,4.4
2026-09-12,Cesena,Cremonese,ITALY 2,0.9399291674296061,2,2,2026-09-12 17:30:00,,,14.5,338.81,,,13.5,4.4
2026-09-12,Cobresal,Coquimbo,CHILE 1,0.9254018664360046,3,2,2026-09-12 18:00:00,,,15.0,233.73,,,14.0,4.4
2026-09-12,Sittard,Ajax,NETHERLANDS 1,0.979267418384552,1,5,2026-09-12 18:00:00,,,40.0,358.42,,,38.0,4.4
2026-09-12,Bryne,Stabaek,NORWAY 2,0.9652841885884603,2,0,2026-09-12 18:00:00,,,28.0,272.17,,,22.0,4.4
2026-09-12,St. Pauli,Wolfsburg,GERMANY 2,0.9531747698783875,1,0,2026-09-12 18:30:00,,,25.0,316.09,23.0,342.21,23.0,4.4
2026-09-12,Real Madrid,Rayo Vallecano,SPAIN 1,0.9854969183603922,4,1,2026-09-12 19:00:00,,,65.0,420.63,65.0,189.02,65.0,4.4
2026-09-12,The Strongest,Real Oruro,BOLIVIA 1,0.9816879630088806,5,0,2026-09-12 21:15:00,,,,,380.0,40.32,80.0,4.4
2026-09-12,Palestino,U. Catolica,CHILE 1,0.9380975564320883,2,3,2026-09-12 23:00:00,,,,,19.0,312.28,18.5,4.4
2026-09-12,Columbus Crew,New York Red Bulls,USA 1,0.976410706837972,0,1,2026-09-12 23:30:00,,,,,40.0,153.9,36.0,4.3
2026-09-12,DC United,Atlanta Utd,USA 1,0.9387117425600687,0,0,2026-09-12 23:30:00,,,,,21.0,100.1,23.0,4.3
2026-09-12,FC Cincinnati,Charlotte,USA 1,0.9594867825508118,3,3,2026-09-12 23:30:00,,,,,42.0,325.58,36.0,4.3
2026-09-12,Inter Miami,Nashville SC,USA 1,0.9769215981165568,2,2,2026-09-12 23:30:00,,,,,36.0,79.94,40.0,4.3
2026-09-12,Orlando City,Toronto FC,USA 1,0.9755187431971232,3,0,2026-09-12 23:30:00,,,,,34.0,197.43,36.0,4.3
2026-09-12,FC Dallas,Portland Timbers,USA 1,0.9424578348795573,2,1,2026-09-13 00:30:00,,,,,36.0,172.0,34.0,4.3
2026-09-12,Sporting Kansas City,Los Angeles FC,USA 1,0.9419795870780945,3,1,2026-09-13 00:30:00,,,,,25.0,86.31,25.0,4.3
2026-09-12,St. Louis City,Minnesota United,USA 1,0.947710116704305,4,2,2026-09-13 00:30:00,,,,,25.0,123.38,25.0,4.3
2026-09-12,Real Salt Lake,New York City,USA 1,0.9416276017824808,0,2,2026-09-13 01:30:00,,,,,22.0,252.78,20.0,4.3
2026-09-12,Los Angeles Galaxy,Seattle Sounders,USA 1,0.9479245146115621,1,1,2026-09-13 02:30:00,,,,,,,25.0,4.4
2026-09-12,San Jose Earthquakes,Houston Dynamo,USA 1,0.9440616965293884,1,0,2026-09-13 02:30:00,,,,,,,17.5,4.4
2026-09-13,Slavia Prague B,Zizkov,CZECH 2,0.9762690663337708,0,1,2026-09-13 08:15:00,,,,,,,30.0,4.8
2026-09-13,Urawa Reds,Okayama,JAPAN 1,0.949628214041392,1,2,2026-09-13 09:30:00,15.5,88.33,,,,,16.0,4.8
2026-09-13,Excelsior,Utrecht,NETHERLANDS 1,0.9607621828715006,1,2,2026-09-13 10:15:00,25.0,505.35,,,,,24.0,4.8
2026-09-13,Ostrava,FK Pardubice,CZECH 1,0.936423679192861,1,2,2026-09-13 11:00:00,17.5,88.32,,,,,15.5,4.8
2026-09-13,Rangers,Celtic,SCOTLAND CUP,0.9367240071296692,3,0,2026-09-13 11:00:00,21.0,130.09,,,,,21.0,4.8
2026-09-13,Club Brugge KV,Antwerp,BELGIUM 1,0.9735126892725626,3,1,2026-09-13 11:30:00,48.0,85.12,,,,,38.0,4.7
2026-09-13,Heidenheim,Holstein Kiel,GERMANY 2,0.9684295852979025,1,0,2026-09-13 11:30:00,28.0,263.27,,,,,26.0,4.7
2026-09-13,VfL Osnabruck,Hertha Berlin,GERMANY 2,0.9508727391560873,1,3,2026-09-13 11:30:00,27.0,185.1,,,,,29.0,4.7
2026-09-13,Lyngby,Sonderjyske,DENMARK 1,0.9487449526786804,1,1,2026-09-13 12:00:00,26.0,391.42,,,,,25.0,4.7
2026-09-13,Silkeborg,Viborg,DENMARK 1,0.9598740140597025,1,1,2026-09-13 12:00:00,25.0,311.24,,,,,24.0,4.7
2026-09-13,Elfsborg,Kalmar,SWEDEN 1,0.9396946430206299,1,0,2026-09-13 12:00:00,16.0,549.75,,,,,15.0,4.7
2026-09-13,Hammarby,Brommapojkarna,SWEDEN 1,0.9767322540283203,3,1,2026-09-13 12:00:00,50.0,419.31,,,,,44.0,4.7
2026-09-13,Heerenveen,Telstar,NETHERLANDS 1,0.9693895777066549,0,0,2026-09-13 12:30:00,36.0,85.16,,,,,36.0,4.7
2026-09-13,Viking,Kristiansund,NORWAY 1,0.9855925242106119,8,1,2026-09-13 12:30:00,38.0,237.4,,,,,60.0,4.7
2026-09-13,Lechia Gdansk,Legnica,POLAND 2,0.9435623288154602,2,1,2026-09-13 12:30:00,29.0,74.4,,,,,26.0,4.7
2026-09-13,Plzen,Sigma Olomouc,CZECH 1,0.942872961362203,2,3,2026-09-13 13:00:00,23.0,255.89,,,,,18.0,4.7
2026-09-13,RB Leipzig,Hamburger SV,GERMANY 1,0.9855925242106119,5,0,2026-09-13 13:30:00,55.0,328.22,42.0,101.9,,,42.0,4.7
2026-09-13,RFC Liege,Club Brugge KV U23,BELGIUM 2,0.9497886896133423,4,4,2026-09-13 14:00:00,22.0,108.27,22.0,150.39,,,22.0,4.7
2026-09-13,Kuressaare,Tammeka,ESTONIA 1,0.938602864742279,1,3,2026-09-13 14:00:00,18.5,78.21,20.0,85.0,,,20.0,4.7
2026-09-13,Eintracht Frankfurt W,Hoffenheim W,WOM GERMANY 1,0.9574997822443644,4,2,2026-09-13 14:00:00,34.0,138.55,34.0,102.66,,,34.0,4.7
2026-09-13,KR Reykjavik,Akranes,ICELAND 1,0.9874399304389954,5,1,2026-09-13 14:00:00,1000.0,77.19,150.0,95.39,,,150.0,4.7
2026-09-13,Hafnarfjordur,KA Akureyri,ICELAND 1,0.9681734840075175,3,0,2026-09-13 14:00:00,32.0,92.41,34.0,205.81,,,34.0,4.7
2026-09-13,Levante,Barcelona,SPAIN 1,0.9759605725606283,2,4,2026-09-13 14:15:00,65.0,138.55,80.0,924.17,,,75.0,4.7
2026-09-13,Lausanne,Servette,SWITZERLAND 1,0.9434647361437479,0,1,2026-09-13 14:30:00,16.0,181.36,16.0,222.02,,,16.5,4.7
2026-09-13,Luzern,Basel,SWITZERLAND 1,0.9688929915428162,2,4,2026-09-13 14:30:00,32.0,129.47,34.0,234.94,,,32.0,4.7
2026-09-13,FC Volendam,Den Bosch,NETHERLANDS 2,0.990649422009786,2,0,2026-09-13 14:45:00,60.0,321.98,60.0,331.75,,,48.0,4.7
2026-09-13,Zwolle,Feyenoord,NETHERLANDS 1,0.9671746691068014,0,7,2026-09-13 14:45:00,36.0,105.57,34.0,99.13,,,30.0,4.7
2026-09-13,Sturm Graz,LASK,AUSTRIA 1,0.9688929915428162,2,1,2026-09-13 15:00:00,32.0,350.15,28.0,264.23,,,26.0,4.7
2026-09-13,HamKam,Molde,NORWAY 1,0.9589419563611349,1,5,2026-09-13 15:00:00,32.0,252.36,32.0,272.59,,,32.0,4.7
2026-09-13,KFUM Oslo,Aalesund,NORWAY 1,0.9579941630363464,2,1,2026-09-13 15:00:00,25.0,203.25,25.0,246.33,,,23.0,4.7
2026-09-13,Start,Brann,NORWAY 1,0.9466287891070048,2,0,2026-09-13 15:00:00,24.0,231.51,26.0,372.07,,,25.0,4.7
2026-09-13,Egersund,Kongsvinger,NORWAY 2,0.9924968282381693,1,1,2026-09-13 14:00:00,65.0,196.87,65.0,210.73,,,55.0,4.7
2026-09-13,Hodd,Lyn,NORWAY 2,0.9735552072525024,0,2,2026-09-13 14:00:00,48.0,69.41,34.0,74.12,,,32.0,4.7
2026-09-13,Moss,Haugesund,NORWAY 2,0.9837157527605692,1,4,2026-09-13 14:00:00,65.0,123.44,65.0,143.93,,,60.0,4.7
2026-09-13,Raufoss,Odd,NORWAY 2,0.9837157527605692,2,1,2026-09-13 14:00:00,46.0,73.36,46.0,73.36,,,46.0,4.7
2026-09-13,Sogndal,Strommen,NORWAY 2,0.9728545745213827,1,1,2026-09-13 14:00:00,38.0,105.78,38.0,105.78,,,34.0,4.7
2026-09-13,Odra Opole,S. Rzeszow,POLAND 2,0.9427801966667175,0,1,2026-09-13 15:00:00,21.0,405.73,23.0,382.73,,,17.5,4.7
2026-09-13,Podbrezova,Komarno,SLOVAKIA 1,0.9468480149904887,1,1,2026-09-13 15:00:00,24.0,73.98,24.0,97.54,,,22.0,4.7
2026-09-13,Avellino,Palermo,ITALY 2,0.9437566796938578,1,1,2026-09-13 13:00:00,13.5,790.75,34.0,70.58,,,13.0,4.7
2026-09-13,Teplice,Slavia Prague,CZECH 1,0.9478451808293661,0,2,2026-09-13 16:00:00,,,17.0,257.0,,,24.0,4.7
2026-09-13,Throttur,Njardvik,ICELAND 2,0.9503070513407389,2,1,2026-09-13 16:15:00,,,29.0,89.15,,,26.0,4.7
2026-09-13,Waregem,Charleroi,BELGIUM 1,0.915831724802653,0,1,2026-09-13 16:30:00,,,14.5,362.99,,,15.0,4.7
2026-09-13,Slovan Bratislava,Zilina,SLOVAKIA 1,0.9676639238993326,3,3,2026-09-13 17:00:00,,,36.0,79.66,,,30.0,4.7
2026-09-13,Karagumruk,Manisa FK,TURKEY 2,0.9437566796938578,1,1,2026-09-13 17:00:00,,,22.0,209.0,,,21.0,4.7
2026-09-13,Galatasaray,Kocaelispor,TURKEY 1,0.9688929915428162,1,0,2026-09-13 17:00:00,,,25.0,181.84,,,25.0,4.7
2026-09-13,Patro Eisden,Eupen,BELGIUM 2,0.9484042127927145,1,2,2026-09-13 17:15:00,,,18.5,501.47,,,17.0,4.7
2026-09-13,Fredrikstad,Sarpsborg 08,NORWAY 1,0.942145844300588,1,1,2026-09-13 17:15:00,,,18.0,513.87,,,18.0,4.7
2026-09-13,La Serena,U. De Chile,CHILE 1,0.9493373235066732,0,3,2026-09-13 18:00:00,,,18.5,271.48,,,18.0,4.7
2026-09-13,PSV,Sparta Rotterdam,NETHERLANDS 1,0.9874399304389954,4,1,2026-09-13 18:00:00,,,100.0,314.57,,,85.0,4.7
2026-09-13,Real Sociedad,Atl. Madrid,SPAIN 1,0.952737033367157,0,3,2026-09-13 19:00:00,,,20.0,138.75,18.0,422.84,18.0,4.7
2026-09-13,Fylkir,Kopavogur,ICELAND 2,0.9818683465321859,2,2,2026-09-13 19:15:00,,,60.0,154.27,80.0,73.22,70.0,4.7
2026-09-13,Colo Colo,D. Concepcion,CHILE 1,0.9484684069951376,1,1,2026-09-13 20:30:00,,,21.0,216.34,21.0,216.34,21.0,4.8
2026-09-13,Universitario de Vinto,Independiente,BOLIVIA 1,0.948137124379476,3,1,2026-09-13 21:30:00,,,,,21.0,102.87,21.0,4.7
2026-09-13,Chicago Fire,New England Revolution,USA 1,0.9540407458941141,1,2,2026-09-13 21:30:00,,,,,27.0,163.42,26.0,4.7
2026-09-13,Vancouver Whitecaps,Austin FC,USA 1,0.9750791192054749,1,2,2026-09-13 22:30:00,,,,,38.0,454.43,42.0,4.7
2026-09-13,A. Italiano,O'Higgins,CHILE 1,0.936005175113678,1,0,2026-09-13 23:00:00,,,,,14.5,317.2,15.0,4.7
2026-09-13,Tomayapo,Bolivar,BOLIVIA 1,0.9551611940066019,1,2,2026-09-14 00:00:00,,,,,34.0,91.99,34.0,4.7
2026-09-14,Hebar,Etar,BULGARIA 2,0.944594939549764,4,1,2026-09-14 14:45:00,30.0,311.68,30.0,333.89,,,26.0,4.8
2026-09-14,Bayer Leverkusen W,Bayern Munich W,WOM GERMANY 1,0.976091722647349,2,3,2026-09-14 16:00:00,,,30.0,70.89,,,48.0,4.8
2026-09-14,Midtjylland,Brondby,DENMARK 1,0.958122193813324,4,1,2026-09-14 17:00:00,,,24.0,126.32,,,25.0,4.7
2026-09-14,Bodo/Glimt,Sandefjord,NORWAY 1,0.9938042163848877,3,2,2026-09-14 17:00:00,,,85.0,233.18,,,110.0,4.7
2026-09-14,Djurgarden,GAIS,SWEDEN 1,0.9449067115783691,2,0,2026-09-14 17:00:00,,,23.0,797.82,,,23.0,4.7
2026-09-14,Kayserispor,Istanbulspor AS,TURKEY 2,0.9356231490770975,4,0,2026-09-14 17:00:00,,,21.0,79.02,,,22.0,4.7
2026-09-14,Gaziantep,Fenerbahce,TURKEY 1,0.968181848526001,0,0,2026-09-14 17:00:00,,,21.0,522.04,,,22.0,4.7
2026-09-14,Sirius,Degerfors,SWEDEN 1,0.9326568643252054,2,0,2026-09-14 17:00:00,,,23.0,344.94,,,22.0,4.7
2026-09-14,Ludogorets,Septemvri Sofia,BULGARIA 1,0.9540278514226278,2,1,2026-09-14 17:30:00,,,26.0,169.59,,,22.0,4.7
2026-09-14,Leeds,Newcastle,ENGLAND 1,0.9247840245564779,4,1,2026-09-14 19:00:00,,,17.0,1260.23,17.5,5107.76,17.5,4.7
2026-09-14,Villarreal,Betis,SPAIN 1,0.9680624008178711,1,2,2026-09-14 19:00:00,,,25.0,250.63,29.0,399.89,29.0,4.7
2026-09-14,Vikingur Reykjavik,Keflavik,ICELAND 1,0.9936939676602682,4,1,2026-09-14 19:15:00,,,150.0,80.0,55.0,80.5,48.0,4.7
2026-09-14,Union La Calera,Limache,CHILE 1,0.9474702676137289,1,0,2026-09-14 23:30:00,,,,,18.5,505.56,19.5,4.7
2026-09-14,America De Cali,Dep. Pasto,COLOMBIA 1,0.9440780878067017,0,1,2026-09-15 01:00:00,,,,,17.5,110.25,20.0,4.7
2026-09-15,Duisburg,TSV Havelse,GERMANY 3,0.9807302951812744,2,1,2026-09-15 17:00:00,,,42.0,75.27,,,34.0,4.8
2026-09-15,Meppen,Viktoria Koln,GERMANY 3,0.9758522907892863,1,3,2026-09-15 17:00:00,,,30.0,87.83,,,28.0,4.8
2026-09-15,Grasshoppers,Sion,SWITZERLAND 1,0.9803429245948792,2,5,2026-09-15 17:00:00,,,32.0,211.15,,,34.0,4.8
2026-09-15,Ajax,Willem II,NETHERLANDS 1,0.961897075176239,5,1,2026-09-15 18:00:00,,,85.0,276.16,,,80.0,4.8
2026-09-15,Peterborough,Barnsley,ENGLAND CUP,0.9671168526013693,3,3,2026-09-15 18:30:00,,,25.0,571.93,28.0,585.55,28.0,4.8
2026-09-15,West Ham,Fulham,ENGLAND CUP,0.9485333959261576,2,3,2026-09-15 18:45:00,,,21.0,132.98,21.0,664.65,21.0,4.7
2026-09-15,Aldershot,Yeovil,ENGLAND 5,0.9709570209185282,1,1,2026-09-15 18:45:00,,,17.0,81.75,17.5,92.1,17.5,4.7
2026-09-15,Boston Utd,Woking,ENGLAND 5,0.9683797756830851,1,1,2026-09-15 18:45:00,,,17.5,77.9,14.5,171.43,14.5,4.7
2026-09-15,Carlisle,Forest Green,ENGLAND 5,0.9770344893137614,1,1,2026-09-15 18:45:00,,,25.0,78.98,26.0,155.97,26.0,4.7
2026-09-15,Southend,Tamworth,ENGLAND 5,0.9824387232462565,3,1,2026-09-15 18:45:00,,,30.0,90.55,32.0,93.83,32.0,4.7
2026-09-15,Sutton,Eastleigh,ENGLAND 5,0.9579785664876302,2,1,2026-09-15 18:45:00,,,14.5,100.35,15.0,205.69,15.0,4.7
2026-09-15,Wealdstone,FC Halifax,ENGLAND 5,0.9715189536412557,0,1,2026-09-15 18:45:00,,,24.0,239.44,24.0,248.57,24.0,4.7
2026-09-15,Falkirk,Hearts,SCOTLAND 1,0.9408794641494751,2,1,2026-09-15 18:45:00,,,17.5,127.12,17.5,216.23,17.5,4.7
2026-09-15,Motherwell,Aberdeen,SCOTLAND 1,0.9536737600962321,0,4,2026-09-15 18:45:00,,,18.0,139.84,17.5,189.12,17.5,4.7
2026-09-15,Ipswich,Arsenal,ENGLAND CUP,0.9480584462483724,2,4,2026-09-15 19:00:00,,,25.0,386.96,32.0,487.74,32.0,4.7
2026-09-15,Liverpool,Tottenham,ENGLAND CUP,0.954903244972229,3,1,2026-09-15 19:00:00,,,26.0,1184.94,24.0,852.32,24.0,4.7
2026-09-15,Fiorentina,Pisa,ITALY CUP,0.9483408530553182,3,0,2026-09-15 19:00:00,,,24.0,358.88,21.0,146.01,21.0,4.7
2026-09-15,Fram,Breidablik,ICELAND 1,0.9662127693494161,1,3,2026-09-15 19:15:00,,,80.0,87.65,50.0,158.33,44.0,4.8
2026-09-15,Elche,Real Madrid,SPAIN 1,0.9811839063962301,2,3,2026-09-15 19:30:00,,,55.0,424.51,48.0,309.77,55.0,4.7
2026-09-15,Academia del Balompie,The Strongest,BOLIVIA 1,0.9658736983935038,1,2,2026-09-15 21:30:00,,,,,32.0,101.04,34.0,4.8
2026-09-15,Londrina,Ponte Preta,BRAZIL 2,0.9428042570749918,6,0,2026-09-15 22:30:00,,,,,19.0,83.84,19.0,4.8
2026-09-15,CRB,Sport Recife,BRAZIL 2,0.9504079023996989,2,1,2026-09-16 00:00:00,,,,,20.0,174.14,17.5,4.8
2026-09-16,Lok. Sofia,CSKA Sofia,BULGARIA 1,0.9475079774856567,0,2,2026-09-16 16:00:00,,,22.0,216.04,,,21.0,1.2
2026-09-16,Vozdovac,Jedinstvo U.,SERBIA 2,0.9253990650177002,1,0,2026-09-16 16:00:00,,,17.5,124.47,,,18.0,1.2
2026-09-16,Triglav,Brezice,SLOVENIA 2,0.9504999121030172,4,0,2026-09-16 16:00:00,,,29.0,72.45,,,24.0,1.2
2026-09-16,Hansa Rostock,Stuttgart II,GERMANY 3,0.974678655465444,3,2,2026-09-16 17:00:00,,,48.0,148.99,,,32.0,1.2
2026-09-16,Ingolstadt,Hoffenheim II,GERMANY 3,0.9665161967277527,1,2,2026-09-16 17:00:00,,,40.0,81.82,,,29.0,1.2
2026-09-16,Preussen Munster,Saarbrucken,GERMANY 3,0.9524012009302775,3,3,2026-09-16 17:00:00,,,22.0,215.55,,,21.0,1.2
2026-09-16,Atl. Madrid,Osasuna,SPAIN 1,0.9505035281181335,4,0,2026-09-16 17:00:00,,,18.0,591.87,,,24.0,1.2
2026-09-16,AIK,Mjallby,SWEDEN 1,0.9384817878405253,1,1,2026-09-16 17:00:00,,,16.5,115.18,,,18.0,1.2
2026-09-16,Lugano,St. Gallen,SWITZERLAND 1,0.9731136957804362,4,1,2026-09-16 17:00:00,,,30.0,221.16,,,29.0,1.2
2026-09-16,Thun,Servette,SWITZERLAND 1,0.9629020492235819,2,4,2026-09-16 17:00:00,,,24.0,274.91,,,23.0,1.2
2026-09-16,Everton,Wolves,ENGLAND CUP,0.9420220851898193,1,0,2026-09-16 18:45:00,,,21.0,324.85,20.0,1702.56,20.0,1.2
2026-09-16,Altrincham,Hartlepool,ENGLAND 5,0.9735773007074991,2,1,2026-09-16 18:45:00,,,16.5,168.52,15.5,116.82,15.5,1.2
2026-09-16,Kidderminster,Gateshead,ENGLAND 5,0.9704594413439432,1,0,2026-09-16 18:45:00,,,22.0,130.63,21.0,86.72,21.0,1.2
2026-09-16,Scunthorpe,Boreham Wood,ENGLAND 5,0.9762116273244222,1,2,2026-09-16 18:45:00,,,29.0,76.75,29.0,137.45,29.0,1.2
2026-09-16,Guabira,Aurora,BOLIVIA 1,0.9569136500358582,3,1,2026-09-16 19:00:00,,,30.0,80.3,24.0,72.6,24.0,1.2
2026-09-16,Manchester Utd,Brighton,ENGLAND CUP,0.970521867275238,2,3,2026-09-16 19:00:00,,,38.0,166.24,32.0,1509.54,32.0,1.2
2026-09-16,Nacional Potosi,Always Ready,BOLIVIA 1,0.948487401008606,0,4,2026-09-16 22:00:00,,,,,27.0,79.46,21.0,1.2
2026-09-16,Blooming,Universitario de Vinto,BOLIVIA 1,0.9499145746231079,1,1,2026-09-17 00:30:00,,,,,34.0,256.5,26.0,1.2
2026-09-17,Manchester City,Norwich,ENGLAND CUP,0.9744146664937338,5,0,2026-09-17 18:30:00,,,80.0,270.51,55.0,1199.4,55.0,4.7
2026-09-17,Tomayapo,Oriente Petrolero,BOLIVIA 1,0.9448818564414978,0,2,2026-09-17 22:00:00,,,,,21.0,281.44,17.0,4.7
2026-09-18,Bandirmaspor,Umraniyespor,TURKEY 2,0.9297690391540527,0,1,2026-09-18 13:00:00,16.0,134.22,,,,,14.5,4.8
