Data,Home,Away,liga,tipo,odd,p,ev,passa_xgb,gh,ga,fonte
2026-09-01,Helsingborg,Orebro,SWEDEN 2,fuzzy,20.0,0.947480042775472,-0.09777314662933279,0,1,1,betfair:exato
2026-09-01,Preston,Bristol City,ENGLAND 2,exato,15.0,0.9261699517567953,-0.15375922123591057,0,1,3,betfair:exato
2026-09-01,Swansea,Watford,ENGLAND 2,exato,14.5,0.9186163345972697,-0.22599396506945346,0,2,0,betfair:exato
2026-09-01,Birmingham,Southampton,ENGLAND 2,exato,17.0,0.9534056385358175,0.16022557318210662,1,1,1,betfair:exato
2026-09-01,Stoke,Norwich,ENGLAND 2,exato,15.0,0.9106992483139038,-0.3850462377071381,0,1,0,betfair:exato
2026-09-02,Cerezo Osaka,Kashiwa Reysol,JAPAN 1,fuzzy,16.5,0.9493733843167623,0.11719217201074017,1,2,0,b365:exato
2026-09-02,Mito,Kashima Antlers,JAPAN 1,fuzzy,15.0,0.9185318350791931,-0.267949065566063,0,4,2,b365:exato
2026-09-02,Yokohama F. Marinos,Kyoto,JAPAN 1,fuzzy,18.5,0.9313772122065226,-0.31609043478965826,0,1,1,b365:exato
2026-09-02,Slavia Sofia,Levski Sofia,BULGARIA 1,fuzzy,15.0,0.9354901512463888,-0.014422238866487636,0,1,2,betfair:exato
2026-09-02,West Brom,Charlton,ENGLAND 2,exato,14.5,0.9400687217712402,0.08399302959442134,1,1,1,betfair:exato
2026-09-02,Wigan,MK Dons,ENGLAND 3,exato,15.5,0.9386756221453348,0.0025383621454232452,0,3,1,betfair:exato
2026-09-02,Dundee FC,St Johnstone,SCOTLAND 1,fuzzy,15.5,0.9508560299873352,0.19072566330432883,1,1,1,betfair:exato
2026-09-02,Kilmarnock,St. Mirren,SCOTLAND 1,exato,18.5,0.9427435199419657,-0.10638205707073278,0,0,1,betfair:exato
2026-09-02,Motherwell,Dundee Utd,SCOTLAND 1,exato,19.5,0.9534075061480204,0.0437759945789965,1,3,0,betfair:exato
2026-09-03,Lugano,Servette,SWITZERLAND 1,exato,19.5,0.960684597492218,0.18531542122364042,1,1,0,betfair:exato
2026-09-03,Hibernian,Hearts,SCOTLAND 1,exato,19.0,0.9436851938565572,-0.11716557641824021,0,1,3,betfair:exato
2026-09-03,Real Sociedad,Celta Vigo,SPAIN 1,exato,16.0,0.9385295708974203,-0.030453344186146536,0,0,0,betfair:exato
2026-09-04,Hobro,Hvidovre IF,DENMARK 2,fuzzy,17.5,0.9236881534258524,-0.3816417227188753,0,1,3,betfair:exato
2026-09-04,Altrincham,Eastleigh,ENGLAND 5,exato,19.5,0.9431727528572083,-0.15528995692729952,0,2,1,betfair:exato
2026-09-04,New York City,Nashville SC,USA 1,exato,16.0,0.9453720847765604,0.0786847521861388,1,0,0,betfair:exato
2026-09-05,Kaiserslautern,Darmstadt,GERMANY 2,fuzzy,18.5,0.9568649729092916,0.15415875017643033,1,3,0,betfair:exato
2026-09-05,Varnamo,Varberg,SWEDEN 2,fuzzy,20.0,0.9425241351127625,-0.19664350450038914,0,1,1,betfair:exato
2026-09-05,Preston,Blackburn,ENGLAND 2,exato,13.5,0.9424891670544943,0.17647929688294783,1,2,1,b365:exato
2026-09-05,Wigan,Stockport County,ENGLAND 3,fuzzy,17.5,0.943645159403483,-0.033391968409221096,0,0,4,betfair:exato
2026-09-05,Aldershot,FC Halifax,ENGLAND 5,fuzzy,19.5,0.9657117128372192,0.2830928146839141,1,1,0,betfair:exato
2026-09-05,Degerfors,Halmstad,SWEDEN 1,fuzzy,14.5,0.9341912468274435,-0.000936483343441874,0,2,0,betfair:exato
2026-09-05,Oddevold,Falkenberg,SWEDEN 2,fuzzy,16.5,0.9371356964111328,-0.08411779403686526,0,2,1,betfair:exato
2026-09-05,Burnley,Bristol City,ENGLAND 2,exato,15.5,0.9389818708101908,0.007269904017447759,0,1,2,betfair:exato
2026-09-05,Portsmouth,Cardiff,ENGLAND 2,exato,19.0,0.954913059870402,0.09560248454411746,1,2,0,betfair:exato
2026-09-05,QPR,Middlesbrough,ENGLAND 2,exato,18.5,0.9506819049517313,0.04008114635944304,1,0,1,betfair:exato
2026-09-05,Sheffield Utd,Norwich,ENGLAND 2,fuzzy,17.0,0.9537031451861063,0.16526831090450222,1,1,3,betfair:exato
2026-09-05,West Brom,Watford,ENGLAND 2,exato,15.0,0.9412203431129456,0.07124412953853598,1,1,0,betfair:exato
2026-09-05,Bradford City,Mansfield,ENGLAND 3,fuzzy,15.0,0.9448634386062622,0.12570840716361997,1,1,0,betfair:exato
2026-09-05,Doncaster,Plymouth,ENGLAND 3,exato,16.5,0.9488563338915507,0.10868669251600838,1,2,3,betfair:exato
2026-09-05,Leicester,Oxford Utd,ENGLAND 3,exato,18.5,0.9565241734186808,0.14787099957466054,1,0,4,betfair:exato
2026-09-05,Reading,Blackpool,ENGLAND 3,exato,17.5,0.944487472375234,-0.018693607052166605,0,3,1,betfair:exato
2026-09-05,Barrow,Sutton,ENGLAND 5,fuzzy,15.0,0.9565180738766988,0.29994520445664774,1,3,0,betfair:exato
2026-09-05,Hartlepool,Woking,ENGLAND 5,exato,15.0,0.9612162709236145,0.3701832503080368,1,1,0,betfair:exato
2026-09-05,Scunthorpe,Harrogate,ENGLAND 5,fuzzy,19.0,0.9681447347005209,0.3463427225748704,1,0,2,b365:exato
2026-09-05,Brentford,Sunderland,ENGLAND 1,exato,16.0,0.9506843686103821,0.1634156793355941,1,1,1,betfair:exato
2026-09-05,Brighton,Leeds,ENGLAND 1,exato,16.0,0.945213238398234,0.07615115245183246,1,1,1,betfair:exato
2026-09-05,Fulham,Crystal Palace,ENGLAND 1,exato,13.5,0.945933997631073,0.22281226813793176,1,2,3,betfair:exato
2026-09-05,Cove Rangers,Alloa,SCOTLAND 3,exato,19.0,0.9402724504470825,-0.18183706402778632,0,1,1,betfair:exato
2026-09-05,Forfar Athletic,Stranraer,SCOTLAND 4,fuzzy,16.0,0.9312020937601725,-0.1473266045252487,0,0,3,betfair:exato
2026-09-05,Dundee Utd,Falkirk,SCOTLAND 1,exato,17.5,0.954913059870402,0.16323289473851443,1,1,1,betfair:exato
2026-09-05,Ascoli,Benevento,ITALY 2,exato,14.0,0.9548445343971252,0.32008125483989713,1,1,0,betfair:exato
2026-09-05,Spartak Varna,CSKA Sofia,BULGARIA 1,exato,17.5,0.9410765568415324,-0.07821408311526057,0,1,1,betfair:exato
2026-09-05,SG Dynamo Dresden,Bochum,GERMANY 2,fuzzy,18.0,0.9519062836964926,0.08671779235204125,1,1,2,betfair:exato
2026-09-05,St. Truiden,RAAL La Louviere,BELGIUM 1,fuzzy,20.0,0.9492032329241434,-0.06339550316333853,0,4,0,betfair:exato
2026-09-05,Charlotte,Houston Dynamo,USA 1,fuzzy,20.0,0.9428398609161377,-0.190344774723053,0,0,0,betfair:exato
2026-09-06,Mlada Boleslav,Ostrava,CZECH 1,fuzzy,19.5,0.9479469060897827,-0.062432676553726196,0,4,0,betfair:exato
2026-09-06,Cercle Brugge KSV,Gent,BELGIUM 1,fuzzy,18.5,0.9351479411125183,-0.24652048647403724,0,0,3,betfair:exato
2026-09-06,Sonderjyske,Horsens,DENMARK 1,fuzzy,15.0,0.9391319354375204,0.040022434790929706,1,2,5,b365:exato
2026-09-06,Cesena,Mantova,ITALY 2,exato,16.0,0.9455836216608683,0.08205876549084923,1,1,1,betfair:exato
2026-09-06,Hamburger SV,Mainz,GERMANY 1,exato,16.0,0.9561019738515218,0.24982648293177345,1,0,5,betfair:exato
2026-09-06,Kortrijk,Waregem,BELGIUM 1,fuzzy,16.5,0.9287354151407877,-0.22230242093404196,0,0,2,betfair:exato
2026-09-06,St Johnstone,Hibernian,SCOTLAND 1,exato,14.5,0.9156943957010905,-0.2682159821192429,0,2,1,betfair:exato
2026-09-06,Brommapojkarna,Elfsborg,SWEDEN 1,exato,18.0,0.945767362912496,-0.023475835720697447,0,2,1,betfair:exato
2026-09-06,Maastricht,Roda,NETHERLANDS 2,fuzzy,19.0,0.9477791587511698,-0.03958494166533222,0,1,1,betfair:exato
2026-09-06,Arsenal,Chelsea,ENGLAND 1,exato,16.5,0.9458310008049011,0.05891996324062343,1,2,1,betfair:exato
2026-09-06,Hradec Kralove,Sparta Prague,CZECH 1,exato,19.0,0.9549625714619955,0.09654072920481427,1,2,1,betfair:exato
2026-09-06,Malaga,Levante,SPAIN 1,exato,13.0,0.9371299544970194,0.13583291073640136,1,0,0,betfair:exato
2026-09-06,Ruzomberok,Trnava,SLOVAKIA 1,fuzzy,20.0,0.9305692911148071,-0.43514264225959787,0,1,1,betfair:exato
2026-09-06,Kristiansund,Tromso,NORWAY 1,exato,18.0,0.9495910406112671,0.045159178972244196,1,2,0,betfair:exato
2026-09-06,O'Higgins,Union La Calera,CHILE 1,exato,15.0,0.946382741133372,0.1484219799439106,1,2,1,betfair:exato
2026-09-06,Lok. Sofia,Ludogorets,BULGARIA 1,fuzzy,17.0,0.9474949240684509,0.060038962960243136,1,1,2,betfair:exato
2026-09-07,Kalmar,Djurgarden,SWEDEN 1,fuzzy,20.0,0.943841020266215,-0.1703716456890113,0,0,1,b365:exato
2026-09-07,Mjallby,Goteborg,SWEDEN 1,fuzzy,18.5,0.9563983480135599,0.1455495208501809,1,1,4,betfair:exato
2026-09-07,Orebro,Ostersund,SWEDEN 2,fuzzy,14.5,0.934393843015035,0.0019910315672561074,0,0,1,betfair:exato
2026-09-07,Palermo,Sampdoria,ITALY 2,exato,17.0,0.9439635674158732,0.0001824676990502816,0,3,1,betfair:exato
2026-09-07,Estoril,Arouca,PORTUGAL 1,fuzzy,15.0,0.9078503449757894,-0.4276373426119482,0,0,0,betfair:exato
2026-09-07,Elche,Real Sociedad,SPAIN 1,exato,16.5,0.9318467775980631,-0.17112050851186178,0,2,3,betfair:exato
2026-09-08,Lahti,Mariehamn,FINLAND 1,fuzzy,19.0,0.9529515504837036,0.058431881666183405,1,2,1,betfair:exato
2026-09-08,TPS,SJK,FINLAND 1,exato,18.0,0.9408868352572123,-0.11108130713303965,0,0,0,betfair:exato
2026-09-09,Jablonec,Ostrava,CZECH 1,fuzzy,16.0,0.9408402244249979,0.006401579578716898,0,3,0,betfair:exato
2026-09-09,Hradec Kralove,Plzen,CZECH 1,exato,16.5,0.9484524329503378,0.10204252203305608,1,0,0,betfair:exato
2026-09-09,Njardvik,Throttur,ICELAND 2,exato,20.0,0.9472719232241312,-0.10192513167858186,0,0,1,betfair:exato
2026-09-09,Landskrona,Helsingborg,SWEDEN 2,fuzzy,18.0,0.94088747104009,-0.1110698948303851,0,1,2,betfair:exato
2026-09-09,Sandviken,Oddevold,SWEDEN 2,fuzzy,18.0,0.947731633981069,0.011782829960187868,0,0,1,b365:exato
2026-09-09,Toronto FC,Nashville SC,USA 1,exato,19.0,0.9297844171524048,-0.3805852949619294,0,2,1,betfair:exato
2026-09-09,New York City,New England Revolution,USA 1,exato,18.5,0.9467945297559103,-0.03164092600345558,0,1,2,betfair:exato
2026-09-09,Austin FC,Colorado Rapids,USA 1,fuzzy,15.5,0.939712385336558,0.01855635344982076,0,1,1,betfair:exato
2026-09-09,Houston Dynamo,Real Salt Lake,USA 1,exato,18.5,0.959062914053599,0.19471076428890166,1,2,1,betfair:exato
2026-09-10,Ostersund,Brage,SWEDEN 2,fuzzy,15.5,0.9392658074696859,0.011656725406647306,0,1,1,betfair:exato
2026-09-10,Sundsvall,Orebro,SWEDEN 2,exato,16.0,0.9181785583496094,-0.35505199432373047,0,0,3,betfair:exato
2026-09-11,Pribram,Ostrava B,CZECH 2,fuzzy,19.5,0.9493215084075928,-0.035696661472320645,0,1,3,b365:exato
2026-09-11,Hobro,Vejle,DENMARK 2,exato,19.0,0.9106971025466919,-0.7422899067401887,0,0,0,betfair:exato
2026-09-11,Cajamarca,Juan Pablo II,PERU 1,fuzzy,15.5,0.8951868216196696,-0.6693636059761054,0,1,2,betfair:exato
2026-09-11,Cusco,FBC Melgar,PERU 1,fuzzy,17.0,0.921825627485911,-0.3750556141138084,0,0,1,b365:exato
2026-09-12,CSC Dumbravita,CSM Slatina,ROMANIA 2,fuzzy,16.5,0.950266440709432,0.13188294967015635,1,0,2,b365:exato
2026-09-12,Mito,Kawasaki Frontale,JAPAN 1,fuzzy,17.5,0.941309909025828,-0.0741420874993014,0,0,1,b365:exato
2026-09-12,Gamba Osaka,FC Tokyo,JAPAN 1,fuzzy,19.0,0.9715461532274882,0.4107996036609006,1,0,2,b365:exato
2026-09-12,Suzhou Dongwu,Foshan Nanshi,CHINA 2,fuzzy,17.0,0.9418032765388489,-0.036434462666511624,0,3,2,b365:exato
2026-09-12,Leyton Orient,Wycombe,ENGLAND 3,exato,17.0,0.9348128239313761,-0.1549226343631751,0,2,3,betfair:exato
2026-09-12,Racing Santander,Alaves,SPAIN 1,exato,18.5,0.9326181213061014,-0.2931956619024283,0,2,1,betfair:exato
2026-09-12,Bohemians,Slovacko,CZECH 1,fuzzy,15.0,0.9552527268727621,0.281028266747793,1,2,0,betfair:exato
2026-09-12,AIK,Vasteras SK,SWEDEN 1,exato,16.5,0.9446650942166647,0.0397407998641337,1,1,4,betfair:exato
2026-09-12,Warta Poznan,Arka Gdynia,POLAND 2,exato,17.0,0.9341986378033956,-0.16533308923244416,0,3,0,betfair:exato
2026-09-12,Oxford Utd,Burton,ENGLAND 3,fuzzy,17.5,0.9357356230417887,-0.17141337792078726,0,3,0,betfair:exato
2026-09-12,Woking,Altrincham,ENGLAND 5,exato,15.5,0.9529125293095907,0.22249857783317628,1,5,1,betfair:exato
2026-09-12,Crystal Palace,Ipswich,ENGLAND 1,exato,16.0,0.9277364611625671,-0.20260344445705414,0,2,3,betfair:exato
2026-09-12,Mariehamn,TPS,FINLAND 1,fuzzy,17.5,0.938112219174703,-0.1299417754014327,0,1,0,betfair:exato
2026-09-12,Airdrieonians,Alloa,SCOTLAND 3,exato,14.5,0.9284303387006124,-0.08418160577615064,0,1,0,betfair:exato
2026-09-12,Queen of South,East Fife,SCOTLAND 3,exato,19.0,0.9353457689285278,-0.2751976788043976,0,1,1,betfair:exato
2026-09-12,Edinburgh City,Stirling,SCOTLAND 4,exato,19.0,0.9453216393788656,-0.08615493377049699,0,7,3,betfair:exato
2026-09-12,Eyupspor,Rizespor,TURKEY 1,exato,14.5,0.9534044067064921,0.2766936769088104,1,0,2,betfair:exato
2026-09-12,Catanzaro,Carrarese,ITALY 2,exato,15.0,0.9438280860582987,0.11022988657156563,1,1,0,betfair:exato
2026-09-12,AC Oulu,Gnistan,FINLAND 1,exato,16.0,0.9365778565406799,-0.06158318817615516,0,1,2,betfair:exato
2026-09-12,Jaro,SJK,FINLAND 1,exato,15.0,0.9414635300636292,0.07487977445125571,1,1,1,betfair:exato
2026-09-12,Tottenham,Everton,ENGLAND 1,exato,17.0,0.9438280860582987,-0.0021139413118369532,0,0,0,betfair:exato
2026-09-12,Konyaspor,Trabzonspor,TURKEY 1,exato,18.5,0.9483135143915812,-0.00361565947532716,0,1,0,betfair:exato
2026-09-12,Cesena,Cremonese,ITALY 2,fuzzy,13.0,0.9399291674296061,0.1720827182133987,1,2,2,betfair:exato
2026-09-12,Cobresal,Coquimbo,CHILE 1,fuzzy,14.5,0.9254018664360046,-0.12794302999973306,0,3,2,betfair:exato
2026-09-13,Urawa Reds,Okayama,JAPAN 1,fuzzy,16.0,0.949628214041392,0.14657001396020186,1,1,2,b365:exato
2026-09-13,Ostrava,FK Pardubice,CZECH 1,fuzzy,17.5,0.936423679192861,-0.15940679808457625,0,1,2,betfair:exato
2026-09-13,Elfsborg,Kalmar,SWEDEN 1,fuzzy,16.0,0.9396946430206299,-0.01187044382095337,0,1,0,b365:exato
2026-09-13,Lausanne,Servette,SWITZERLAND 1,exato,16.0,0.9434647361437479,0.04826254149277942,1,0,1,betfair_oficial:exato
2026-09-13,Avellino,Palermo,ITALY 2,fuzzy,12.0,0.9437566796938578,0.27789232234160055,1,1,1,betfair:exato
2026-09-13,Teplice,Slavia Prague,CZECH 1,exato,16.5,0.9478451808293661,0.09205322464307197,1,0,2,betfair_oficial:exato
2026-09-13,Waregem,Charleroi,BELGIUM 1,fuzzy,15.0,0.915831724802653,-0.3083157142003383,0,0,1,betfair:exato
2026-09-13,Fredrikstad,Sarpsborg 08,NORWAY 1,fuzzy,17.5,0.942145844300588,-0.05955501695473919,0,1,1,betfair:exato
2026-09-13,La Serena,U. De Chile,CHILE 1,fuzzy,18.0,0.9493373235066732,0.040604956944784165,1,0,3,betfair:exato
2026-09-13,A. Italiano,O'Higgins,CHILE 1,fuzzy,17.5,0.936005175113678,-0.16670969426631932,0,1,0,betfair:exato
2026-09-14,Kayserispor,Istanbulspor AS,TURKEY 2,fuzzy,20.0,0.9356231490770975,-0.33431817591190405,0,4,0,betfair:exato
2026-09-14,Gaziantep,Fenerbahce,TURKEY 1,fuzzy,18.0,0.968181848526001,0.3788641810417175,1,0,0,betfair:exato
2026-09-14,Leeds,Newcastle,ENGLAND 1,exato,16.5,0.9247840245564779,-0.28730279604593867,0,4,1,betfair:exato
2026-09-14,Union La Calera,Limache,CHILE 1,fuzzy,16.5,0.9474702676137289,0.08588590224583992,1,1,0,betfair:exato
2026-09-14,America De Cali,Dep. Pasto,COLOMBIA 1,fuzzy,17.5,0.9440780878067017,-0.02583736777305612,0,0,1,betfair:exato
2026-09-15,Peterborough,Barnsley,ENGLAND CUP,exato,16.5,0.9671168526013693,0.4090722252925242,1,3,3,betfair_oficial:exato
2026-09-15,West Ham,Fulham,ENGLAND CUP,exato,20.0,0.9485333959261576,-0.07675875127315601,0,2,3,betfair_oficial:exato
2026-09-15,Boston Utd,Woking,ENGLAND 5,exato,18.5,0.9683797756830851,0.36660686135291987,1,1,1,betfair_oficial:exato
2026-09-15,Sutton,Eastleigh,ENGLAND 5,fuzzy,17.5,0.9579785664876302,0.21672598520914776,1,2,1,betfair:exato
2026-09-15,Falkirk,Hearts,SCOTLAND 1,exato,18.0,0.9408794641494751,-0.11121361851692202,0,2,1,betfair_oficial:exato
2026-09-15,Motherwell,Aberdeen,SCOTLAND 1,exato,19.5,0.9536737600962321,0.048954633871713504,1,0,4,betfair:exato
2026-09-15,CRB,Sport Recife,BRAZIL 2,exato,18.5,0.9504079023996989,0.035025799274443936,1,2,1,betfair_oficial:exato
2026-09-16,Atl. Madrid,Osasuna,SPAIN 1,fuzzy,18.5,0.9505035281181335,0.03679009377956388,1,4,0,betfair:exato
2026-09-16,AIK,Mjallby,SWEDEN 1,exato,17.5,0.9384817878405253,-0.1234928021828341,0,1,1,betfair_oficial:exato
2026-09-16,Altrincham,Hartlepool,ENGLAND 5,exato,15.5,0.9735773007074991,0.5417692959308618,1,2,1,betfair_oficial:exato
2026-09-16,Kidderminster,Gateshead,ENGLAND 5,exato,18.5,0.9704594413439432,0.40497669279575277,1,1,0,betfair_oficial:exato
2026-09-18,Bandirmaspor,Umraniyespor,TURKEY 2,exato,15.0,0.9297690391540527,-0.09995286464691167,0,0,1,betfair_oficial:exato
